datetime,month,hour,river_flow,rainfall,temperature,reservoir_level,power_output
2023-01-01 00:00:00,1,0,134.93,15.29,18.31,45.4,49.18
2023-01-01 01:00:00,1,1,122.23,37.95,19.51,43.89,48.18
2023-01-01 02:00:00,1,2,137.95,36.88,16.35,42.19,41.99
2023-01-01 03:00:00,1,3,155.46,19.21,21.46,43.19,50.24
2023-01-01 04:00:00,1,4,120.32,25.64,13.98,40.9,39.54
2023-01-01 05:00:00,1,5,120.32,29.55,20.98,41.51,34.82
2023-01-01 06:00:00,1,6,156.58,14.84,17.98,41.11,44.17
2023-01-01 07:00:00,1,7,140.35,23.13,20.08,40.0,39.34
2023-01-01 08:00:00,1,8,115.61,24.48,18.8,43.77,40.98
2023-01-01 09:00:00,1,9,135.85,17.2,18.76,41.81,50.51
2023-01-01 10:00:00,1,10,115.73,28.75,19.18,35.6,37.61
2023-01-01 11:00:00,1,11,115.69,9.31,19.69,42.64,49.08
2023-01-01 12:00:00,1,12,129.84,32.88,17.41,41.24,45.15
2023-01-01 13:00:00,1,13,86.73,18.43,20.14,43.06,32.32
2023-01-01 14:00:00,1,14,90.5,10.66,15.9,39.48,28.54
2023-01-01 15:00:00,1,15,113.75,38.77,18.06,44.06,40.78
2023-01-01 16:00:00,1,16,104.74,28.43,19.74,39.69,45.07
2023-01-01 17:00:00,1,17,131.28,13.58,20.06,43.62,49.06
2023-01-01 18:00:00,1,18,106.84,13.43,18.99,37.72,35.34
2023-01-01 19:00:00,1,19,96.75,26.71,17.29,38.06,24.98
2023-01-01 20:00:00,1,20,154.31,32.35,19.87,43.01,57.4
2023-01-01 21:00:00,1,21,120.48,15.44,16.73,38.34,41.81
2023-01-01 22:00:00,1,22,126.35,13.16,21.57,51.03,59.31
2023-01-01 23:00:00,1,23,96.51,36.65,17.9,42.83,37.62
2023-01-02 00:00:00,1,0,114.11,37.04,14.99,40.12,37.55
2023-01-02 01:00:00,1,1,127.22,22.75,15.68,44.1,45.93
2023-01-02 02:00:00,1,2,101.98,18.71,18.16,37.6,31.61
2023-01-02 03:00:00,1,3,132.51,27.99,18.35,44.62,49.83
2023-01-02 04:00:00,1,4,112.99,18.21,22.01,44.48,48.24
2023-01-02 05:00:00,1,5,119.17,32.1,15.99,46.27,51.34
2023-01-02 06:00:00,1,6,112.97,46.15,18.15,37.8,39.37
2023-01-02 07:00:00,1,7,162.05,29.24,15.95,33.89,55.93
2023-01-02 08:00:00,1,8,124.73,24.37,17.09,36.95,25.15
2023-01-02 09:00:00,1,9,103.85,27.76,21.44,38.59,31.12
2023-01-02 10:00:00,1,10,141.45,36.59,15.8,48.34,56.96
2023-01-02 11:00:00,1,11,100.58,43.16,19.25,50.98,39.39
2023-01-02 12:00:00,1,12,129.18,30.14,18.86,41.72,40.29
2023-01-02 13:00:00,1,13,85.81,16.02,18.02,40.05,20.07
2023-01-02 14:00:00,1,14,98.44,12.44,19.11,38.25,29.84
2023-01-02 15:00:00,1,15,128.94,13.12,15.75,44.12,51.91
2023-01-02 16:00:00,1,16,139.77,33.16,21.38,50.94,63.24
2023-01-02 17:00:00,1,17,128.43,36.54,21.92,48.93,48.64
2023-01-02 18:00:00,1,18,122.69,20.03,18.17,45.69,47.84
2023-01-02 19:00:00,1,19,118.98,18.65,22.92,45.62,52.04
2023-01-02 20:00:00,1,20,95.43,21.0,17.27,44.16,27.54
2023-01-02 21:00:00,1,21,110.6,45.14,18.87,39.76,35.88
2023-01-02 22:00:00,1,22,115.79,33.67,20.94,36.32,36.5
2023-01-02 23:00:00,1,23,146.14,25.3,17.15,39.9,48.67
2023-01-03 00:00:00,1,0,131.87,20.13,15.31,42.11,50.56
2023-01-03 01:00:00,1,1,89.74,17.33,14.85,32.73,17.0
2023-01-03 02:00:00,1,2,131.48,23.56,22.19,39.24,37.99
2023-01-03 03:00:00,1,3,117.3,21.69,17.01,35.87,38.49
2023-01-03 04:00:00,1,4,111.46,24.15,17.7,45.07,33.38
2023-01-03 05:00:00,1,5,137.23,18.14,15.85,37.25,46.69
2023-01-03 06:00:00,1,6,145.62,21.87,19.97,41.64,52.81
2023-01-03 07:00:00,1,7,143.63,24.34,16.51,36.5,47.42
2023-01-03 08:00:00,1,8,108.22,27.68,17.09,47.99,40.96
2023-01-03 09:00:00,1,9,118.82,24.19,18.67,31.5,33.75
2023-01-03 10:00:00,1,10,131.63,20.15,15.94,42.38,40.65
2023-01-03 11:00:00,1,11,144.51,22.33,17.71,33.61,38.43
2023-01-03 12:00:00,1,12,115.42,21.19,20.88,37.45,36.23
2023-01-03 13:00:00,1,13,121.29,11.57,18.93,41.03,37.0
2023-01-03 14:00:00,1,14,102.87,22.35,18.33,41.28,36.5
2023-01-03 15:00:00,1,15,101.08,31.49,18.5,41.15,28.96
2023-01-03 16:00:00,1,16,141.25,16.16,17.29,40.76,49.35
2023-01-03 17:00:00,1,17,152.12,38.66,22.06,36.79,55.38
2023-01-03 18:00:00,1,18,123.56,35.81,16.45,39.18,34.08
2023-01-03 19:00:00,1,19,145.07,21.64,18.49,40.16,48.47
2023-01-03 20:00:00,1,20,132.23,19.84,18.3,40.98,37.09
2023-01-03 21:00:00,1,21,112.1,37.45,20.09,39.67,32.92
2023-01-03 22:00:00,1,22,132.23,28.83,20.28,43.65,51.64
2023-01-03 23:00:00,1,23,155.76,31.06,18.01,40.47,50.41
2023-01-04 00:00:00,1,0,124.28,29.87,18.65,41.01,46.21
2023-01-04 01:00:00,1,1,156.29,15.56,18.73,38.09,51.42
2023-01-04 02:00:00,1,2,72.61,17.93,13.53,34.74,20.71
2023-01-04 03:00:00,1,3,141.44,25.19,14.89,40.77,42.94
2023-01-04 04:00:00,1,4,126.74,30.46,16.86,46.04,52.08
2023-01-04 05:00:00,1,5,119.02,38.5,16.95,42.22,43.42
2023-01-04 06:00:00,1,6,126.84,10.8,15.67,35.91,30.34
2023-01-04 07:00:00,1,7,85.25,19.08,19.57,44.07,26.51
2023-01-04 08:00:00,1,8,120.61,32.07,18.08,38.32,24.7
2023-01-04 09:00:00,1,9,132.14,17.8,17.64,43.57,41.18
2023-01-04 10:00:00,1,10,154.56,25.7,15.56,38.16,47.61
2023-01-04 11:00:00,1,11,114.63,27.87,17.98,41.77,34.64
2023-01-04 12:00:00,1,12,108.83,20.65,12.82,37.41,29.79
2023-01-04 13:00:00,1,13,114.96,32.41,17.75,37.53,42.93
2023-01-04 14:00:00,1,14,143.31,28.44,18.2,32.17,43.58
2023-01-04 15:00:00,1,15,131.58,23.79,18.56,42.56,43.22
2023-01-04 16:00:00,1,16,114.4,29.99,14.94,41.85,43.89
2023-01-04 17:00:00,1,17,135.27,18.31,18.52,42.13,53.6
2023-01-04 18:00:00,1,18,126.94,6.31,15.99,41.38,46.89
2023-01-04 19:00:00,1,19,144.37,32.54,16.45,36.19,45.06
2023-01-04 20:00:00,1,20,110.96,41.65,19.51,44.83,46.97
2023-01-04 21:00:00,1,21,118.45,45.02,22.1,44.96,48.26
2023-01-04 22:00:00,1,22,117.16,26.5,18.17,36.06,29.16
2023-01-04 23:00:00,1,23,95.73,31.63,16.44,42.66,33.11
2023-01-05 00:00:00,1,0,130.92,22.92,18.45,44.37,45.68
2023-01-05 01:00:00,1,1,130.22,23.67,19.95,37.65,46.64
2023-01-05 02:00:00,1,2,125.1,41.03,19.31,38.52,37.28
2023-01-05 03:00:00,1,3,120.31,43.15,23.56,42.67,39.05
2023-01-05 04:00:00,1,4,96.69,22.04,16.64,32.45,31.3
2023-01-05 05:00:00,1,5,116.59,23.65,18.58,34.56,34.89
2023-01-05 06:00:00,1,6,118.15,29.26,21.17,35.05,45.09
2023-01-05 07:00:00,1,7,108.95,41.57,21.04,31.02,23.87
2023-01-05 08:00:00,1,8,121.77,20.29,14.17,45.42,43.53
2023-01-05 09:00:00,1,9,133.08,12.28,18.07,30.06,38.97
2023-01-05 10:00:00,1,10,162.72,22.22,21.04,41.72,50.21
2023-01-05 11:00:00,1,11,128.49,33.47,23.85,44.06,53.8
2023-01-05 12:00:00,1,12,130.15,24.55,19.48,38.53,35.78
2023-01-05 13:00:00,1,13,123.51,38.66,17.34,36.66,40.81
2023-01-05 14:00:00,1,14,86.62,14.42,16.05,41.16,20.52
2023-01-05 15:00:00,1,15,124.47,24.18,22.51,40.01,41.75
2023-01-05 16:00:00,1,16,126.2,42.68,19.53,45.02,40.53
2023-01-05 17:00:00,1,17,174.26,28.01,16.38,26.86,48.66
2023-01-05 18:00:00,1,18,121.15,20.37,17.67,35.41,30.41
2023-01-05 19:00:00,1,19,131.03,28.33,18.69,42.81,42.63
2023-01-05 20:00:00,1,20,124.31,27.76,19.16,40.25,44.4
2023-01-05 21:00:00,1,21,101.63,37.24,16.27,43.76,34.08
2023-01-05 22:00:00,1,22,147.86,19.33,16.84,41.31,54.43
2023-01-05 23:00:00,1,23,140.04,31.48,14.77,39.33,42.37
2023-01-06 00:00:00,1,0,140.82,46.56,20.15,38.49,41.25
2023-01-06 01:00:00,1,1,106.81,28.71,17.39,51.63,45.84
2023-01-06 02:00:00,1,2,153.06,15.19,19.0,47.67,54.76
2023-01-06 03:00:00,1,3,96.96,28.87,20.92,42.48,36.33
2023-01-06 04:00:00,1,4,136.74,7.62,18.51,40.39,50.44
2023-01-06 05:00:00,1,5,168.81,20.71,17.85,42.69,62.86
2023-01-06 06:00:00,1,6,105.19,21.61,18.46,44.13,41.93
2023-01-06 07:00:00,1,7,113.67,26.28,18.2,42.09,30.28
2023-01-06 08:00:00,1,8,126.99,25.68,20.56,36.24,36.07
2023-01-06 09:00:00,1,9,114.93,27.63,18.69,48.92,45.75
2023-01-06 10:00:00,1,10,93.99,28.02,16.98,41.23,39.59
2023-01-06 11:00:00,1,11,126.37,19.69,20.17,50.07,49.85
2023-01-06 12:00:00,1,12,103.75,34.36,20.53,40.94,23.91
2023-01-06 13:00:00,1,13,134.47,35.76,15.4,38.77,38.45
2023-01-06 14:00:00,1,14,106.61,36.23,21.14,46.92,38.41
2023-01-06 15:00:00,1,15,156.0,4.54,18.8,41.51,43.21
2023-01-06 16:00:00,1,16,109.33,19.7,18.64,40.67,41.92
2023-01-06 17:00:00,1,17,118.56,21.96,20.09,34.0,25.76
2023-01-06 18:00:00,1,18,141.27,35.58,16.94,43.3,53.24
2023-01-06 19:00:00,1,19,100.38,18.77,19.98,37.53,25.96
2023-01-06 20:00:00,1,20,129.55,26.17,17.32,37.76,48.33
2023-01-06 21:00:00,1,21,151.14,22.86,15.12,37.55,45.94
2023-01-06 22:00:00,1,22,92.85,34.77,16.08,42.2,30.27
2023-01-06 23:00:00,1,23,128.69,23.4,19.21,32.32,37.33
2023-01-07 00:00:00,1,0,130.2,29.24,16.18,38.95,37.25
2023-01-07 01:00:00,1,1,140.64,32.66,21.29,44.9,55.53
2023-01-07 02:00:00,1,2,100.26,17.66,20.45,33.77,25.83
2023-01-07 03:00:00,1,3,98.59,40.38,20.74,40.86,30.62
2023-01-07 04:00:00,1,4,135.44,19.35,18.32,36.84,41.17
2023-01-07 05:00:00,1,5,130.94,18.16,18.59,37.98,36.02
2023-01-07 06:00:00,1,6,130.01,33.8,15.68,48.28,51.38
2023-01-07 07:00:00,1,7,131.93,33.2,20.06,31.75,36.62
2023-01-07 08:00:00,1,8,111.4,27.23,18.83,43.83,29.17
2023-01-07 09:00:00,1,9,129.65,22.18,19.21,37.61,46.12
2023-01-07 10:00:00,1,10,130.86,26.53,21.45,37.36,44.85
2023-01-07 11:00:00,1,11,110.71,20.66,16.86,34.44,22.52
2023-01-07 12:00:00,1,12,162.32,7.37,17.82,43.77,49.19
2023-01-07 13:00:00,1,13,134.48,30.08,18.73,39.04,47.99
2023-01-07 14:00:00,1,14,101.17,42.15,16.2,38.41,36.23
2023-01-07 15:00:00,1,15,138.13,16.74,17.7,40.55,49.82
2023-01-07 16:00:00,1,16,105.51,8.17,19.06,39.15,27.31
2023-01-07 17:00:00,1,17,140.74,21.07,17.42,30.0,44.35
2023-01-07 18:00:00,1,18,148.17,35.88,20.69,37.55,42.61
2023-01-07 19:00:00,1,19,108.59,26.24,15.05,44.48,41.47
2023-01-07 20:00:00,1,20,144.27,36.19,20.32,32.47,40.32
2023-01-07 21:00:00,1,21,133.26,18.57,19.39,34.55,46.36
2023-01-07 22:00:00,1,22,141.44,38.51,16.93,37.87,45.29
2023-01-07 23:00:00,1,23,162.94,28.0,16.22,36.37,51.5
2023-01-08 00:00:00,1,0,120.09,35.04,13.91,39.86,39.53
2023-01-08 01:00:00,1,1,109.93,23.73,16.48,34.53,25.67
2023-01-08 02:00:00,1,2,107.21,28.66,20.17,38.06,22.43
2023-01-08 03:00:00,1,3,108.68,23.23,17.96,39.76,36.2
2023-01-08 04:00:00,1,4,123.46,24.78,20.4,43.24,37.46
2023-01-08 05:00:00,1,5,131.82,34.87,16.83,46.22,52.56
2023-01-08 06:00:00,1,6,130.53,18.73,19.49,38.69,42.86
2023-01-08 07:00:00,1,7,141.54,25.49,16.64,49.44,58.97
2023-01-08 08:00:00,1,8,125.26,34.89,16.14,39.08,35.55
2023-01-08 09:00:00,1,9,154.07,2.59,17.86,44.14,61.9
2023-01-08 10:00:00,1,10,119.71,20.24,16.74,49.66,51.94
2023-01-08 11:00:00,1,11,179.4,26.53,14.99,40.7,54.97
2023-01-08 12:00:00,1,12,137.51,10.85,17.71,33.13,48.33
2023-01-08 13:00:00,1,13,107.86,6.58,18.28,40.45,35.33
2023-01-08 14:00:00,1,14,103.58,26.45,20.61,36.94,25.24
2023-01-08 15:00:00,1,15,134.65,21.53,19.95,38.63,39.58
2023-01-08 16:00:00,1,16,120.53,34.88,20.51,49.92,42.63
2023-01-08 17:00:00,1,17,139.28,26.47,19.51,33.89,46.15
2023-01-08 18:00:00,1,18,134.46,26.99,18.74,41.5,51.94
2023-01-08 19:00:00,1,19,123.54,23.15,15.61,35.61,40.38
2023-01-08 20:00:00,1,20,108.06,21.67,18.37,38.46,37.41
2023-01-08 21:00:00,1,21,94.7,19.4,19.27,43.72,40.77
2023-01-08 22:00:00,1,22,116.07,22.62,20.99,41.59,39.04
2023-01-08 23:00:00,1,23,142.13,37.11,19.44,38.87,48.19
2023-01-09 00:00:00,1,0,129.28,34.38,20.55,36.75,35.56
2023-01-09 01:00:00,1,1,100.09,30.46,16.01,41.58,33.93
2023-01-09 02:00:00,1,2,128.46,27.82,17.42,48.54,54.24
2023-01-09 03:00:00,1,3,132.71,14.49,18.93,35.49,23.87
2023-01-09 04:00:00,1,4,107.32,36.63,20.39,49.56,41.25
2023-01-09 05:00:00,1,5,128.07,28.57,17.78,46.0,49.95
2023-01-09 06:00:00,1,6,126.16,15.47,17.91,46.85,48.9
2023-01-09 07:00:00,1,7,102.14,28.0,19.45,41.54,33.12
2023-01-09 08:00:00,1,8,132.16,20.4,15.82,45.86,53.48
2023-01-09 09:00:00,1,9,136.22,26.4,21.29,34.96,36.17
2023-01-09 10:00:00,1,10,146.66,22.43,16.31,36.66,38.72
2023-01-09 11:00:00,1,11,146.08,27.28,14.23,43.83,59.31
2023-01-09 12:00:00,1,12,97.45,18.33,18.09,41.48,38.92
2023-01-09 13:00:00,1,13,106.24,40.45,21.47,39.26,31.78
2023-01-09 14:00:00,1,14,135.3,28.63,19.24,27.49,30.67
2023-01-09 15:00:00,1,15,135.28,22.03,19.57,37.82,46.89
2023-01-09 16:00:00,1,16,135.3,19.66,18.15,34.13,38.73
2023-01-09 17:00:00,1,17,202.05,10.07,17.77,42.47,74.2
2023-01-09 18:00:00,1,18,136.42,28.91,14.98,39.04,46.79
2023-01-09 19:00:00,1,19,147.71,10.21,13.55,36.86,43.8
2023-01-09 20:00:00,1,20,144.08,31.59,18.46,53.21,66.51
2023-01-09 21:00:00,1,21,138.03,11.71,20.7,45.19,47.19
2023-01-09 22:00:00,1,22,118.69,16.83,18.76,45.28,46.79
2023-01-09 23:00:00,1,23,140.18,34.13,19.32,51.01,59.26
2023-01-10 00:00:00,1,0,109.54,21.93,21.24,44.01,38.4
2023-01-10 01:00:00,1,1,120.26,25.51,18.73,36.15,30.01
2023-01-10 02:00:00,1,2,115.29,18.74,17.83,35.56,34.85
2023-01-10 03:00:00,1,3,126.64,27.23,16.43,44.82,47.53
2023-01-10 04:00:00,1,4,171.29,28.07,22.12,29.7,38.23
2023-01-10 05:00:00,1,5,87.65,11.31,19.12,39.61,20.97
2023-01-10 06:00:00,1,6,138.73,25.99,16.18,29.14,25.49
2023-01-10 07:00:00,1,7,92.75,16.74,15.73,40.49,30.05
2023-01-10 08:00:00,1,8,115.56,27.25,20.58,44.27,44.19
2023-01-10 09:00:00,1,9,146.78,8.33,16.0,41.4,59.92
2023-01-10 10:00:00,1,10,126.29,31.78,21.78,44.69,46.83
2023-01-10 11:00:00,1,11,103.45,31.14,12.56,49.82,34.85
2023-01-10 12:00:00,1,12,110.69,9.75,20.92,39.28,35.22
2023-01-10 13:00:00,1,13,138.59,29.45,19.05,54.04,68.71
2023-01-10 14:00:00,1,14,110.39,8.99,18.31,41.06,34.39
2023-01-10 15:00:00,1,15,129.33,16.08,17.72,44.75,53.85
2023-01-10 16:00:00,1,16,125.91,26.55,21.85,36.94,39.67
2023-01-10 17:00:00,1,17,111.97,43.13,19.49,48.1,48.14
2023-01-10 18:00:00,1,18,167.88,25.19,16.27,45.21,72.58
2023-01-10 19:00:00,1,19,137.68,23.98,14.63,47.36,45.18
2023-01-10 20:00:00,1,20,84.5,13.33,18.43,40.27,32.86
2023-01-10 21:00:00,1,21,128.73,9.12,18.07,33.72,35.72
2023-01-10 22:00:00,1,22,111.76,31.85,15.03,42.3,34.68
2023-01-10 23:00:00,1,23,142.05,16.99,17.96,31.51,36.83
2023-01-11 00:00:00,1,0,109.15,17.35,16.92,38.32,43.33
2023-01-11 01:00:00,1,1,122.71,14.27,18.09,40.96,48.58
2023-01-11 02:00:00,1,2,135.1,20.01,19.52,51.89,48.45
2023-01-11 03:00:00,1,3,142.32,44.42,21.06,41.59,45.51
2023-01-11 04:00:00,1,4,100.99,26.55,19.89,40.7,38.99
2023-01-11 05:00:00,1,5,118.31,36.56,16.63,39.68,39.04
2023-01-11 06:00:00,1,6,115.5,27.03,18.81,33.29,31.97
2023-01-11 07:00:00,1,7,111.93,15.2,18.2,40.43,29.89
2023-01-11 08:00:00,1,8,160.31,21.95,15.41,40.51,50.43
2023-01-11 09:00:00,1,9,133.1,13.52,18.87,35.16,32.23
2023-01-11 10:00:00,1,10,99.78,21.58,21.79,34.07,20.08
2023-01-11 11:00:00,1,11,143.36,37.98,18.14,37.59,38.65
2023-01-11 12:00:00,1,12,167.44,50.21,14.88,40.32,51.66
2023-01-11 13:00:00,1,13,145.65,23.51,18.13,37.71,42.0
2023-01-11 14:00:00,1,14,94.61,27.14,15.64,34.75,23.2
2023-01-11 15:00:00,1,15,115.32,34.77,19.8,41.45,44.96
2023-01-11 16:00:00,1,16,150.34,42.01,19.12,42.69,48.99
2023-01-11 17:00:00,1,17,110.85,32.35,17.73,40.61,44.66
2023-01-11 18:00:00,1,18,133.88,26.94,17.41,37.19,39.09
2023-01-11 19:00:00,1,19,140.49,18.34,17.65,42.97,52.54
2023-01-11 20:00:00,1,20,106.46,23.11,18.09,39.05,37.02
2023-01-11 21:00:00,1,21,123.81,8.92,16.53,34.05,30.67
2023-01-11 22:00:00,1,22,60.17,35.36,15.3,45.18,21.03
2023-01-11 23:00:00,1,23,104.51,16.19,20.35,41.77,33.88
2023-01-12 00:00:00,1,0,119.95,24.53,17.3,39.4,41.27
2023-01-12 01:00:00,1,1,100.04,18.05,18.41,32.14,26.17
2023-01-12 02:00:00,1,2,157.65,29.37,18.64,36.28,43.94
2023-01-12 03:00:00,1,3,96.4,14.28,18.72,50.09,40.86
2023-01-12 04:00:00,1,4,116.2,22.05,15.72,32.46,33.15
2023-01-12 05:00:00,1,5,127.61,31.79,14.72,38.74,50.48
2023-01-12 06:00:00,1,6,153.83,25.12,16.89,39.92,51.54
2023-01-12 07:00:00,1,7,96.28,27.4,18.86,41.6,33.45
2023-01-12 08:00:00,1,8,148.26,20.11,16.62,32.51,42.34
2023-01-12 09:00:00,1,9,125.2,36.8,17.36,40.87,37.92
2023-01-12 10:00:00,1,10,105.37,25.29,22.33,31.57,19.11
2023-01-12 11:00:00,1,11,134.24,21.05,14.38,40.49,43.76
2023-01-12 12:00:00,1,12,128.98,24.67,16.56,36.74,44.87
2023-01-12 13:00:00,1,13,113.0,11.53,21.87,35.67,39.78
2023-01-12 14:00:00,1,14,126.4,17.26,17.98,44.17,37.16
2023-01-12 15:00:00,1,15,117.29,25.07,16.66,38.82,41.3
2023-01-12 16:00:00,1,16,127.27,22.83,20.41,42.37,34.04
2023-01-12 17:00:00,1,17,138.24,22.04,18.18,42.53,51.33
2023-01-12 18:00:00,1,18,156.72,20.97,17.38,46.35,62.57
2023-01-12 19:00:00,1,19,100.24,43.26,18.46,33.96,19.77
2023-01-12 20:00:00,1,20,167.66,28.02,16.76,44.6,67.35
2023-01-12 21:00:00,1,21,85.96,39.84,16.04,40.08,37.45
2023-01-12 22:00:00,1,22,121.96,12.22,17.84,38.11,38.44
2023-01-12 23:00:00,1,23,136.77,25.61,16.05,34.25,39.77
2023-01-13 00:00:00,1,0,130.62,26.93,18.09,43.03,54.27
2023-01-13 01:00:00,1,1,112.55,16.03,18.78,35.39,27.58
2023-01-13 02:00:00,1,2,120.84,20.78,19.78,42.59,37.41
2023-01-13 03:00:00,1,3,115.14,36.29,20.33,49.64,43.46
2023-01-13 04:00:00,1,4,113.21,25.71,17.26,44.9,42.57
2023-01-13 05:00:00,1,5,141.99,28.35,19.07,46.96,55.77
2023-01-13 06:00:00,1,6,132.14,42.45,19.06,36.4,37.35
2023-01-13 07:00:00,1,7,111.14,31.9,18.73,43.81,39.1
2023-01-13 08:00:00,1,8,142.99,26.84,17.11,34.28,38.17
2023-01-13 09:00:00,1,9,131.15,26.15,16.02,38.83,40.01
2023-01-13 10:00:00,1,10,141.26,39.82,19.08,48.71,53.53
2023-01-13 11:00:00,1,11,137.59,13.48,14.66,36.96,38.6
2023-01-13 12:00:00,1,12,108.42,26.02,17.54,45.56,31.18
2023-01-13 13:00:00,1,13,113.8,24.62,12.96,45.08,41.66
2023-01-13 14:00:00,1,14,139.95,20.99,15.4,45.37,43.17
2023-01-13 15:00:00,1,15,137.21,32.88,16.32,33.66,42.27
2023-01-13 16:00:00,1,16,124.58,20.44,20.27,42.63,41.48
2023-01-13 17:00:00,1,17,127.35,28.67,19.45,39.22,41.05
2023-01-13 18:00:00,1,18,150.55,33.97,16.96,45.44,55.18
2023-01-13 19:00:00,1,19,113.17,19.27,19.53,31.72,28.72
2023-01-13 20:00:00,1,20,135.94,10.08,19.85,41.84,53.74
2023-01-13 21:00:00,1,21,120.96,17.75,17.75,41.13,34.73
2023-01-13 22:00:00,1,22,120.65,15.77,15.3,30.05,22.11
2023-01-13 23:00:00,1,23,146.98,30.21,17.66,35.57,44.19
2023-01-14 00:00:00,1,0,141.51,40.98,17.88,30.85,33.92
2023-01-14 01:00:00,1,1,141.27,10.1,15.61,36.37,44.64
2023-01-14 02:00:00,1,2,151.11,4.45,18.81,42.75,57.44
2023-01-14 03:00:00,1,3,125.42,9.57,18.63,40.98,37.32
2023-01-14 04:00:00,1,4,138.64,28.36,18.96,40.85,50.24
2023-01-14 05:00:00,1,5,118.79,36.55,18.63,34.8,29.36
2023-01-14 06:00:00,1,6,131.48,35.66,19.53,45.6,50.37
2023-01-14 07:00:00,1,7,122.4,41.84,17.71,39.91,34.54
2023-01-14 08:00:00,1,8,126.94,26.07,18.48,40.17,43.18
2023-01-14 09:00:00,1,9,136.9,8.94,17.28,44.7,50.93
2023-01-14 10:00:00,1,10,108.64,26.42,16.9,35.04,26.23
2023-01-14 11:00:00,1,11,166.85,21.98,20.75,41.14,50.45
2023-01-14 12:00:00,1,12,104.88,11.24,13.98,42.12,40.59
2023-01-14 13:00:00,1,13,100.72,29.04,19.83,37.27,29.04
2023-01-14 14:00:00,1,14,148.16,4.64,16.83,43.26,58.51
2023-01-14 15:00:00,1,15,140.83,5.08,16.57,42.39,47.06
2023-01-14 16:00:00,1,16,137.48,26.31,18.59,39.49,51.79
2023-01-14 17:00:00,1,17,137.57,30.78,15.09,39.34,40.38
2023-01-14 18:00:00,1,18,124.76,18.03,16.44,42.62,51.7
2023-01-14 19:00:00,1,19,107.05,28.48,16.37,43.94,40.1
2023-01-14 20:00:00,1,20,126.52,36.57,17.63,40.31,44.53
2023-01-14 21:00:00,1,21,111.46,12.19,16.46,45.6,37.36
2023-01-14 22:00:00,1,22,144.5,12.84,21.27,43.29,55.81
2023-01-14 23:00:00,1,23,122.06,23.44,21.67,31.06,35.43
2023-01-15 00:00:00,1,0,108.49,37.63,14.03,32.98,28.21
2023-01-15 01:00:00,1,1,118.57,37.3,19.16,45.91,34.72
2023-01-15 02:00:00,1,2,133.26,23.93,19.79,38.77,37.51
2023-01-15 03:00:00,1,3,113.73,30.0,19.16,40.82,33.14
2023-01-15 04:00:00,1,4,108.56,28.41,16.76,45.7,43.61
2023-01-15 05:00:00,1,5,129.87,14.78,17.58,39.97,40.96
2023-01-15 06:00:00,1,6,129.9,17.67,16.58,40.19,41.3
2023-01-15 07:00:00,1,7,114.86,11.22,17.23,35.66,31.32
2023-01-15 08:00:00,1,8,115.58,34.91,15.65,41.85,47.68
2023-01-15 09:00:00,1,9,129.64,28.43,17.84,42.93,46.64
2023-01-15 10:00:00,1,10,96.04,17.41,15.07,37.11,30.71
2023-01-15 11:00:00,1,11,96.85,20.52,17.67,35.39,25.48
2023-01-15 12:00:00,1,12,110.63,9.68,15.57,53.13,48.87
2023-01-15 13:00:00,1,13,120.73,20.79,18.49,39.54,34.92
2023-01-15 14:00:00,1,14,131.22,6.52,16.71,36.58,41.74
2023-01-15 15:00:00,1,15,154.51,19.6,18.65,43.53,50.35
2023-01-15 16:00:00,1,16,142.15,14.38,20.23,39.75,50.83
2023-01-15 17:00:00,1,17,121.8,28.24,21.25,34.57,31.44
2023-01-15 18:00:00,1,18,124.62,24.86,13.02,42.42,48.82
2023-01-15 19:00:00,1,19,104.95,15.89,16.4,35.73,40.81
2023-01-15 20:00:00,1,20,124.63,8.87,17.47,47.88,49.77
2023-01-15 21:00:00,1,21,119.23,17.71,18.99,42.47,48.78
2023-01-15 22:00:00,1,22,131.45,25.83,14.77,38.62,46.09
2023-01-15 23:00:00,1,23,108.46,11.23,16.11,40.55,29.5
2023-01-16 00:00:00,1,0,135.39,46.92,18.33,44.52,50.81
2023-01-16 01:00:00,1,1,155.65,39.22,18.24,40.93,55.63
2023-01-16 02:00:00,1,2,122.82,18.18,18.83,50.61,54.82
2023-01-16 03:00:00,1,3,133.03,24.86,18.96,45.68,51.56
2023-01-16 04:00:00,1,4,138.8,18.94,18.75,42.44,49.94
2023-01-16 05:00:00,1,5,116.98,24.36,18.46,35.32,34.47
2023-01-16 06:00:00,1,6,129.48,19.29,18.18,39.27,43.06
2023-01-16 07:00:00,1,7,125.25,33.14,19.4,42.39,38.16
2023-01-16 08:00:00,1,8,126.95,19.3,13.59,35.89,36.81
2023-01-16 09:00:00,1,9,109.54,15.06,21.16,46.47,35.18
2023-01-16 10:00:00,1,10,125.49,12.79,13.66,35.13,34.27
2023-01-16 11:00:00,1,11,134.96,4.86,15.91,36.81,38.47
2023-01-16 12:00:00,1,12,154.02,22.56,17.62,37.19,44.49
2023-01-16 13:00:00,1,13,144.19,22.26,19.42,43.72,47.3
2023-01-16 14:00:00,1,14,168.06,40.23,12.08,35.98,51.76
2023-01-16 15:00:00,1,15,109.65,30.31,18.02,31.0,26.75
2023-01-16 16:00:00,1,16,142.45,26.93,19.66,45.44,51.87
2023-01-16 17:00:00,1,17,128.67,14.5,20.06,37.78,33.49
2023-01-16 18:00:00,1,18,168.8,31.11,16.68,34.66,47.29
2023-01-16 19:00:00,1,19,108.83,17.04,17.47,36.23,38.6
2023-01-16 20:00:00,1,20,108.21,25.02,16.84,48.58,49.64
2023-01-16 21:00:00,1,21,113.01,26.77,17.29,36.71,36.47
2023-01-16 22:00:00,1,22,82.52,22.51,16.01,39.38,25.62
2023-01-16 23:00:00,1,23,114.48,28.91,16.29,37.77,38.85
2023-01-17 00:00:00,1,0,109.82,29.29,18.94,33.84,27.65
2023-01-17 01:00:00,1,1,128.01,42.05,18.34,36.29,37.24
2023-01-17 02:00:00,1,2,131.84,27.48,19.05,33.49,33.11
2023-01-17 03:00:00,1,3,162.52,29.8,18.5,44.78,65.23
2023-01-17 04:00:00,1,4,144.01,30.16,19.48,40.5,52.54
2023-01-17 05:00:00,1,5,113.46,20.83,19.83,52.41,49.42
2023-01-17 06:00:00,1,6,107.03,18.41,14.59,36.46,41.19
2023-01-17 07:00:00,1,7,134.84,22.68,16.36,35.71,42.21
2023-01-17 08:00:00,1,8,98.6,15.05,17.61,47.67,40.97
2023-01-17 09:00:00,1,9,161.63,19.24,18.03,45.29,62.28
2023-01-17 10:00:00,1,10,148.59,27.95,16.73,41.92,45.63
2023-01-17 11:00:00,1,11,115.62,29.63,19.9,34.43,28.72
2023-01-17 12:00:00,1,12,90.74,21.87,22.03,48.72,36.59
2023-01-17 13:00:00,1,13,152.08,19.26,18.44,39.64,50.03
2023-01-17 14:00:00,1,14,122.71,11.02,18.24,37.85,41.67
2023-01-17 15:00:00,1,15,149.76,13.09,19.77,45.71,53.75
2023-01-17 16:00:00,1,16,93.11,30.41,14.34,39.89,31.32
2023-01-17 17:00:00,1,17,113.01,26.02,18.13,34.17,32.64
2023-01-17 18:00:00,1,18,125.1,18.29,20.03,40.2,42.58
2023-01-17 19:00:00,1,19,125.94,14.32,16.79,36.09,37.99
2023-01-17 20:00:00,1,20,116.0,15.61,15.62,24.95,17.12
2023-01-17 21:00:00,1,21,137.46,25.64,17.7,35.59,29.49
2023-01-17 22:00:00,1,22,103.65,37.54,17.95,37.36,27.58
2023-01-17 23:00:00,1,23,122.15,34.99,16.25,34.22,32.2
2023-01-18 00:00:00,1,0,127.41,22.27,22.26,42.88,39.66
2023-01-18 01:00:00,1,1,135.29,21.58,17.11,36.11,40.46
2023-01-18 02:00:00,1,2,139.23,35.99,15.76,42.39,54.67
2023-01-18 03:00:00,1,3,102.51,24.55,17.88,33.83,32.55
2023-01-18 04:00:00,1,4,94.32,18.69,19.89,44.55,37.37
2023-01-18 05:00:00,1,5,150.55,36.51,18.11,33.62,47.13
2023-01-18 06:00:00,1,6,131.65,13.95,19.04,28.29,26.43
2023-01-18 07:00:00,1,7,110.03,28.78,16.33,46.19,40.09
2023-01-18 08:00:00,1,8,156.02,12.42,21.05,35.72,49.55
2023-01-18 09:00:00,1,9,127.31,30.33,19.2,48.78,49.42
2023-01-18 10:00:00,1,10,148.59,35.27,20.17,42.82,50.96
2023-01-18 11:00:00,1,11,126.35,29.58,18.8,43.95,55.62
2023-01-18 12:00:00,1,12,166.21,25.95,19.72,45.23,63.16
2023-01-18 13:00:00,1,13,160.11,28.88,16.33,40.56,62.97
2023-01-18 14:00:00,1,14,120.02,27.16,17.09,40.62,31.54
2023-01-18 15:00:00,1,15,144.43,21.66,20.76,46.41,52.74
2023-01-18 16:00:00,1,16,137.91,26.71,21.19,40.56,48.68
2023-01-18 17:00:00,1,17,152.37,25.66,15.78,36.36,46.67
2023-01-18 18:00:00,1,18,105.7,42.09,18.57,42.93,27.56
2023-01-18 19:00:00,1,19,138.72,21.08,17.21,29.43,32.9
2023-01-18 20:00:00,1,20,146.17,25.89,16.68,46.6,69.16
2023-01-18 21:00:00,1,21,89.83,8.9,18.64,46.7,36.21
2023-01-18 22:00:00,1,22,101.33,34.4,20.35,45.99,41.88
2023-01-18 23:00:00,1,23,84.22,43.08,18.98,45.8,28.94
2023-01-19 00:00:00,1,0,119.61,18.82,17.43,39.58,40.69
2023-01-19 01:00:00,1,1,139.35,21.53,19.1,39.47,45.8
2023-01-19 02:00:00,1,2,155.05,35.08,17.35,33.85,49.36
2023-01-19 03:00:00,1,3,126.48,40.3,18.9,48.74,56.84
2023-01-19 04:00:00,1,4,157.57,9.63,20.86,37.57,51.41
2023-01-19 05:00:00,1,5,97.4,10.86,13.92,41.7,34.22
2023-01-19 06:00:00,1,6,90.93,49.87,19.67,41.27,22.9
2023-01-19 07:00:00,1,7,123.89,29.58,14.99,33.3,25.83
2023-01-19 08:00:00,1,8,132.68,8.36,20.53,31.28,35.01
2023-01-19 09:00:00,1,9,124.35,29.76,16.8,40.03,45.88
2023-01-19 10:00:00,1,10,83.65,29.91,15.64,37.73,32.98
2023-01-19 11:00:00,1,11,123.22,27.83,19.46,39.55,36.19
2023-01-19 12:00:00,1,12,98.91,36.21,18.8,45.33,29.84
2023-01-19 13:00:00,1,13,138.39,42.05,16.07,41.12,52.12
2023-01-19 14:00:00,1,14,132.33,14.47,15.57,43.79,44.25
2023-01-19 15:00:00,1,15,106.2,43.43,17.7,42.23,29.51
2023-01-19 16:00:00,1,16,114.72,22.53,15.66,38.42,34.28
2023-01-19 17:00:00,1,17,103.82,16.13,15.95,34.99,27.74
2023-01-19 18:00:00,1,18,123.75,39.51,18.3,41.32,49.24
2023-01-19 19:00:00,1,19,144.1,34.24,16.14,40.42,52.9
2023-01-19 20:00:00,1,20,105.29,12.87,18.92,44.58,35.45
2023-01-19 21:00:00,1,21,135.08,19.67,21.05,39.25,51.19
2023-01-19 22:00:00,1,22,114.39,31.17,17.77,38.51,37.36
2023-01-19 23:00:00,1,23,109.14,12.98,18.33,38.85,40.66
2023-01-20 00:00:00,1,0,122.86,12.93,22.11,35.41,42.91
2023-01-20 01:00:00,1,1,104.3,22.31,15.7,47.23,39.77
2023-01-20 02:00:00,1,2,113.93,34.0,20.45,45.7,46.27
2023-01-20 03:00:00,1,3,101.04,29.13,20.21,33.93,26.56
2023-01-20 04:00:00,1,4,164.29,22.14,19.78,44.02,64.96
2023-01-20 05:00:00,1,5,125.71,26.89,20.66,30.77,32.71
2023-01-20 06:00:00,1,6,111.01,15.61,18.63,44.93,46.39
2023-01-20 07:00:00,1,7,129.28,40.3,16.91,36.52,46.99
2023-01-20 08:00:00,1,8,122.75,39.94,20.26,41.8,45.52
2023-01-20 09:00:00,1,9,120.58,23.19,20.34,30.35,30.05
2023-01-20 10:00:00,1,10,137.28,29.92,20.28,34.01,38.54
2023-01-20 11:00:00,1,11,140.15,31.27,18.16,42.34,34.7
2023-01-20 12:00:00,1,12,114.39,42.68,16.64,36.5,31.25
2023-01-20 13:00:00,1,13,113.48,24.8,18.45,35.8,38.54
2023-01-20 14:00:00,1,14,119.5,25.53,19.96,46.98,51.66
2023-01-20 15:00:00,1,15,78.96,18.47,20.12,51.05,29.94
2023-01-20 16:00:00,1,16,94.7,24.31,17.21,44.69,36.11
2023-01-20 17:00:00,1,17,152.34,26.33,18.7,34.54,42.93
2023-01-20 18:00:00,1,18,157.9,13.23,15.45,48.82,67.72
2023-01-20 19:00:00,1,19,120.02,38.12,20.04,32.19,43.26
2023-01-20 20:00:00,1,20,136.53,19.64,16.51,38.48,47.35
2023-01-20 21:00:00,1,21,131.23,41.71,19.64,40.27,40.72
2023-01-20 22:00:00,1,22,186.58,33.38,15.77,49.62,76.81
2023-01-20 23:00:00,1,23,147.39,37.13,20.13,44.56,61.78
2023-01-21 00:00:00,1,0,122.44,17.18,18.72,37.68,31.43
2023-01-21 01:00:00,1,1,105.89,25.65,16.51,35.28,28.07
2023-01-21 02:00:00,1,2,92.87,25.14,19.45,45.01,38.41
2023-01-21 03:00:00,1,3,129.07,36.07,16.89,37.33,46.65
2023-01-21 04:00:00,1,4,109.87,28.0,19.57,41.08,40.68
2023-01-21 05:00:00,1,5,96.55,32.63,17.52,33.15,23.66
2023-01-21 06:00:00,1,6,112.07,21.17,14.63,42.85,42.72
2023-01-21 07:00:00,1,7,103.37,34.91,16.11,42.44,38.66
2023-01-21 08:00:00,1,8,158.74,11.7,17.21,33.79,46.48
2023-01-21 09:00:00,1,9,142.63,41.76,20.81,45.16,53.22
2023-01-21 10:00:00,1,10,124.84,33.07,19.87,42.77,44.79
2023-01-21 11:00:00,1,11,154.6,8.23,21.32,43.7,51.8
2023-01-21 12:00:00,1,12,126.55,29.35,21.38,38.11,52.61
2023-01-21 13:00:00,1,13,107.77,38.15,17.0,40.89,37.54
2023-01-21 14:00:00,1,14,155.46,22.81,17.69,40.32,55.01
2023-01-21 15:00:00,1,15,135.78,29.75,17.25,39.26,43.36
2023-01-21 16:00:00,1,16,104.26,33.36,16.73,40.85,39.74
2023-01-21 17:00:00,1,17,121.19,35.96,14.39,46.28,40.28
2023-01-21 18:00:00,1,18,107.49,2.68,18.04,45.37,31.94
2023-01-21 19:00:00,1,19,97.34,27.52,15.5,34.09,27.52
2023-01-21 20:00:00,1,20,143.52,44.26,18.0,44.93,64.04
2023-01-21 21:00:00,1,21,163.19,10.06,22.3,45.96,68.58
2023-01-21 22:00:00,1,22,97.03,18.89,17.05,39.24,27.71
2023-01-21 23:00:00,1,23,136.26,32.66,18.46,42.54,50.92
2023-01-22 00:00:00,1,0,111.99,34.33,19.89,42.47,36.48
2023-01-22 01:00:00,1,1,115.26,18.27,18.63,35.75,36.49
2023-01-22 02:00:00,1,2,113.15,27.47,18.66,38.09,38.46
2023-01-22 03:00:00,1,3,107.72,44.26,17.35,43.75,43.93
2023-01-22 04:00:00,1,4,125.97,7.13,17.61,37.52,31.58
2023-01-22 05:00:00,1,5,108.38,29.34,16.15,44.88,34.23
2023-01-22 06:00:00,1,6,130.41,10.04,19.76,46.52,50.21
2023-01-22 07:00:00,1,7,124.0,12.22,14.59,45.72,42.11
2023-01-22 08:00:00,1,8,120.22,35.01,20.01,49.9,44.47
2023-01-22 09:00:00,1,9,106.85,14.67,15.26,39.55,36.59
2023-01-22 10:00:00,1,10,113.46,31.51,20.0,40.89,34.1
2023-01-22 11:00:00,1,11,140.11,43.67,17.36,41.6,59.89
2023-01-22 12:00:00,1,12,135.02,29.25,15.61,39.7,42.03
2023-01-22 13:00:00,1,13,105.45,21.02,19.23,42.71,36.2
2023-01-22 14:00:00,1,14,126.99,29.63,19.93,31.44,34.78
2023-01-22 15:00:00,1,15,140.03,28.07,17.2,41.02,40.36
2023-01-22 16:00:00,1,16,91.61,13.56,19.51,33.11,27.84
2023-01-22 17:00:00,1,17,135.87,23.94,13.5,35.19,41.57
2023-01-22 18:00:00,1,18,111.75,33.43,15.43,43.66,38.94
2023-01-22 19:00:00,1,19,136.41,17.98,20.66,39.0,45.74
2023-01-22 20:00:00,1,20,109.73,23.02,17.62,43.49,41.93
2023-01-22 21:00:00,1,21,88.9,50.22,14.35,38.9,36.01
2023-01-22 22:00:00,1,22,92.45,20.72,16.67,45.53,47.6
2023-01-22 23:00:00,1,23,125.96,21.08,16.22,38.8,35.45
2023-01-23 00:00:00,1,0,130.19,24.8,17.74,30.23,26.33
2023-01-23 01:00:00,1,1,106.91,16.08,17.33,41.13,37.18
2023-01-23 02:00:00,1,2,137.77,31.72,18.43,29.16,23.1
2023-01-23 03:00:00,1,3,91.77,21.64,17.93,32.74,28.3
2023-01-23 04:00:00,1,4,123.68,40.67,20.79,35.59,37.26
2023-01-23 05:00:00,1,5,100.78,20.93,18.92,34.96,31.22
2023-01-23 06:00:00,1,6,111.96,5.47,18.99,37.27,33.28
2023-01-23 07:00:00,1,7,125.95,34.95,20.4,34.79,37.81
2023-01-23 08:00:00,1,8,107.79,32.6,17.29,32.97,32.0
2023-01-23 09:00:00,1,9,117.31,32.1,15.55,47.71,47.67
2023-01-23 10:00:00,1,10,145.13,23.7,20.49,36.61,37.58
2023-01-23 11:00:00,1,11,113.46,35.63,18.34,28.85,28.15
2023-01-23 12:00:00,1,12,141.71,20.79,18.35,38.2,54.4
2023-01-23 13:00:00,1,13,102.41,16.53,16.81,34.38,30.56
2023-01-23 14:00:00,1,14,135.6,19.66,16.84,35.58,40.91
2023-01-23 15:00:00,1,15,153.83,42.68,19.77,43.55,63.66
2023-01-23 16:00:00,1,16,75.57,15.05,20.04,37.76,20.06
2023-01-23 17:00:00,1,17,109.06,15.63,19.64,34.24,35.58
2023-01-23 18:00:00,1,18,136.54,16.7,19.66,42.23,45.43
2023-01-23 19:00:00,1,19,120.94,21.27,19.21,45.75,51.57
2023-01-23 20:00:00,1,20,132.42,22.8,18.33,42.68,51.12
2023-01-23 21:00:00,1,21,112.92,14.68,17.72,27.73,24.05
2023-01-23 22:00:00,1,22,126.73,5.76,20.49,34.43,35.05
2023-01-23 23:00:00,1,23,121.89,34.53,17.32,40.24,45.78
2023-01-24 00:00:00,1,0,148.36,14.22,18.81,38.78,38.69
2023-01-24 01:00:00,1,1,130.09,25.86,16.46,38.36,39.4
2023-01-24 02:00:00,1,2,131.75,26.3,16.75,35.09,41.65
2023-01-24 03:00:00,1,3,116.76,40.37,17.6,32.97,30.56
2023-01-24 04:00:00,1,4,115.25,27.85,16.46,50.04,48.76
2023-01-24 05:00:00,1,5,116.35,34.97,19.67,40.14,28.73
2023-01-24 06:00:00,1,6,132.89,29.64,15.38,43.21,43.61
2023-01-24 07:00:00,1,7,116.58,35.98,18.27,40.03,42.31
2023-01-24 08:00:00,1,8,130.8,29.49,18.34,40.23,40.12
2023-01-24 09:00:00,1,9,166.51,29.06,14.45,39.69,48.59
2023-01-24 10:00:00,1,10,142.42,24.03,17.19,34.4,46.16
2023-01-24 11:00:00,1,11,118.48,41.15,18.58,32.43,34.61
2023-01-24 12:00:00,1,12,149.02,39.46,18.93,41.93,46.66
2023-01-24 13:00:00,1,13,116.84,21.38,17.66,40.94,40.58
2023-01-24 14:00:00,1,14,84.24,32.97,19.43,44.69,26.11
2023-01-24 15:00:00,1,15,104.84,14.25,17.85,43.68,37.42
2023-01-24 16:00:00,1,16,87.58,22.75,18.1,35.96,27.14
2023-01-24 17:00:00,1,17,117.97,18.93,18.58,45.66,40.88
2023-01-24 18:00:00,1,18,125.37,10.89,19.93,43.83,49.53
2023-01-24 19:00:00,1,19,158.53,28.1,16.72,43.45,61.93
2023-01-24 20:00:00,1,20,131.54,30.74,17.1,51.25,57.53
2023-01-24 21:00:00,1,21,120.62,16.28,16.73,50.22,52.58
2023-01-24 22:00:00,1,22,141.59,19.9,17.41,43.45,44.03
2023-01-24 23:00:00,1,23,80.78,26.87,20.92,42.83,35.66
2023-01-25 00:00:00,1,0,129.71,11.09,19.22,45.41,48.66
2023-01-25 01:00:00,1,1,140.42,27.12,15.81,37.08,38.74
2023-01-25 02:00:00,1,2,95.43,24.67,16.87,37.15,30.29
2023-01-25 03:00:00,1,3,147.88,24.79,18.82,43.37,57.2
2023-01-25 04:00:00,1,4,131.77,34.35,16.26,35.72,41.81
2023-01-25 05:00:00,1,5,116.69,24.22,16.62,42.96,36.38
2023-01-25 06:00:00,1,6,137.66,11.03,20.76,40.78,50.6
2023-01-25 07:00:00,1,7,170.41,20.55,16.85,35.72,50.45
2023-01-25 08:00:00,1,8,128.64,24.69,19.98,40.13,45.55
2023-01-25 09:00:00,1,9,129.96,26.62,20.58,46.53,46.41
2023-01-25 10:00:00,1,10,115.81,21.69,16.6,40.41,44.26
2023-01-25 11:00:00,1,11,108.0,17.5,16.29,40.43,37.33
2023-01-25 12:00:00,1,12,141.61,18.91,17.52,41.64,55.12
2023-01-25 13:00:00,1,13,107.88,28.32,15.89,42.3,30.37
2023-01-25 14:00:00,1,14,126.43,21.75,18.31,38.35,33.42
2023-01-25 15:00:00,1,15,115.45,20.2,17.66,41.75,38.99
2023-01-25 16:00:00,1,16,134.58,35.07,18.79,34.75,46.34
2023-01-25 17:00:00,1,17,131.67,23.32,20.87,36.0,49.35
2023-01-25 18:00:00,1,18,145.75,46.61,19.71,36.64,40.09
2023-01-25 19:00:00,1,19,114.8,20.17,19.05,42.35,40.8
2023-01-25 20:00:00,1,20,119.6,18.4,14.14,40.8,41.47
2023-01-25 21:00:00,1,21,105.42,17.52,18.96,39.33,38.16
2023-01-25 22:00:00,1,22,116.11,28.95,21.52,43.45,46.5
2023-01-25 23:00:00,1,23,132.55,21.91,12.05,41.89,40.73
2023-01-26 00:00:00,1,0,140.14,10.76,19.45,38.55,45.37
2023-01-26 01:00:00,1,1,106.56,10.86,17.75,34.82,20.9
2023-01-26 02:00:00,1,2,142.39,25.29,16.37,35.9,46.68
2023-01-26 03:00:00,1,3,152.11,23.61,19.67,32.67,39.74
2023-01-26 04:00:00,1,4,133.27,13.89,21.49,40.7,39.2
2023-01-26 05:00:00,1,5,162.54,40.01,19.62,35.69,50.03
2023-01-26 06:00:00,1,6,109.52,28.23,17.33,37.52,32.42
2023-01-26 07:00:00,1,7,100.11,11.64,16.18,39.36,39.16
2023-01-26 08:00:00,1,8,89.43,15.25,18.36,45.22,29.26
2023-01-26 09:00:00,1,9,154.92,21.31,19.82,44.64,68.79
2023-01-26 10:00:00,1,10,138.09,40.06,17.3,39.73,50.02
2023-01-26 11:00:00,1,11,123.89,25.5,17.49,46.33,54.3
2023-01-26 12:00:00,1,12,130.6,30.9,23.72,29.94,27.46
2023-01-26 13:00:00,1,13,102.49,21.69,20.23,49.39,51.15
2023-01-26 14:00:00,1,14,173.92,33.09,20.37,43.46,56.97
2023-01-26 15:00:00,1,15,127.58,35.26,15.15,40.51,42.05
2023-01-26 16:00:00,1,16,127.19,45.65,16.66,35.54,44.22
2023-01-26 17:00:00,1,17,139.52,12.78,18.22,37.81,46.52
2023-01-26 18:00:00,1,18,134.62,29.0,16.07,43.05,42.13
2023-01-26 19:00:00,1,19,129.48,23.43,21.27,43.16,52.28
2023-01-26 20:00:00,1,20,109.19,25.02,20.89,43.34,41.16
2023-01-26 21:00:00,1,21,134.43,35.67,17.0,36.36,38.67
2023-01-26 22:00:00,1,22,162.64,37.59,21.64,35.35,40.23
2023-01-26 23:00:00,1,23,151.91,35.05,18.06,40.98,54.08
2023-01-27 00:00:00,1,0,156.86,32.23,23.25,43.85,56.54
2023-01-27 01:00:00,1,1,114.78,21.33,18.36,40.02,39.08
2023-01-27 02:00:00,1,2,105.21,32.96,19.22,47.41,33.66
2023-01-27 03:00:00,1,3,122.48,7.54,20.87,40.17,38.93
2023-01-27 04:00:00,1,4,126.11,14.73,20.63,40.0,44.46
2023-01-27 05:00:00,1,5,146.88,16.92,19.09,43.35,62.48
2023-01-27 06:00:00,1,6,91.15,26.2,17.79,46.1,34.01
2023-01-27 07:00:00,1,7,155.59,9.86,19.1,33.25,50.36
2023-01-27 08:00:00,1,8,121.84,27.18,16.44,34.41,38.9
2023-01-27 09:00:00,1,9,116.46,25.31,18.38,38.43,38.49
2023-01-27 10:00:00,1,10,104.76,23.3,15.85,55.79,43.68
2023-01-27 11:00:00,1,11,91.9,17.98,14.51,38.69,24.8
2023-01-27 12:00:00,1,12,141.46,18.63,18.17,39.39,49.55
2023-01-27 13:00:00,1,13,126.47,29.75,20.6,43.09,42.81
2023-01-27 14:00:00,1,14,99.2,30.33,19.92,44.88,34.05
2023-01-27 15:00:00,1,15,99.1,18.6,17.91,40.85,32.85
2023-01-27 16:00:00,1,16,118.28,17.85,21.57,45.82,44.38
2023-01-27 17:00:00,1,17,158.38,28.93,16.93,34.03,49.45
2023-01-27 18:00:00,1,18,119.81,40.87,14.24,36.17,33.61
2023-01-27 19:00:00,1,19,94.94,27.07,13.71,45.81,40.27
2023-01-27 20:00:00,1,20,120.09,18.76,15.71,40.05,42.31
2023-01-27 21:00:00,1,21,119.55,6.95,19.71,33.69,25.21
2023-01-27 22:00:00,1,22,71.06,36.98,16.8,33.39,21.26
2023-01-27 23:00:00,1,23,123.91,29.27,18.99,35.95,23.8
2023-01-28 00:00:00,1,0,120.38,28.89,21.36,40.01,35.69
2023-01-28 01:00:00,1,1,138.92,11.44,15.87,42.34,51.36
2023-01-28 02:00:00,1,2,161.98,25.35,19.03,38.35,51.75
2023-01-28 03:00:00,1,3,147.53,34.07,19.15,41.92,42.74
2023-01-28 04:00:00,1,4,119.62,19.41,16.35,37.81,32.12
2023-01-28 05:00:00,1,5,102.87,29.05,20.78,46.12,26.52
2023-01-28 06:00:00,1,6,176.47,37.24,17.5,52.76,70.92
2023-01-28 07:00:00,1,7,126.18,33.93,17.3,38.04,42.92
2023-01-28 08:00:00,1,8,125.28,7.66,22.3,42.4,41.51
2023-01-28 09:00:00,1,9,124.52,21.16,19.12,41.99,44.45
2023-01-28 10:00:00,1,10,128.96,23.92,19.92,40.69,43.83
2023-01-28 11:00:00,1,11,122.11,27.5,20.78,43.27,44.22
2023-01-28 12:00:00,1,12,113.53,22.08,16.77,42.39,45.25
2023-01-28 13:00:00,1,13,114.06,22.2,20.57,37.64,34.79
2023-01-28 14:00:00,1,14,124.34,22.08,17.07,46.58,52.85
2023-01-28 15:00:00,1,15,114.13,23.85,16.98,41.01,26.64
2023-01-28 16:00:00,1,16,110.74,16.31,17.53,38.08,40.72
2023-01-28 17:00:00,1,17,127.13,24.77,16.83,52.22,48.9
2023-01-28 18:00:00,1,18,119.9,34.78,19.72,39.42,34.05
2023-01-28 19:00:00,1,19,155.08,31.12,18.61,41.27,49.85
2023-01-28 20:00:00,1,20,71.98,44.79,17.09,40.88,29.95
2023-01-28 21:00:00,1,21,146.83,4.73,19.42,39.35,43.73
2023-01-28 22:00:00,1,22,149.92,16.37,17.52,42.24,49.53
2023-01-28 23:00:00,1,23,83.53,33.3,17.42,35.78,20.11
2023-01-29 00:00:00,1,0,118.15,27.82,18.17,42.98,43.62
2023-01-29 01:00:00,1,1,117.57,31.37,19.0,31.21,34.31
2023-01-29 02:00:00,1,2,96.85,9.57,18.85,33.51,35.58
2023-01-29 03:00:00,1,3,109.44,39.2,17.35,49.13,56.83
2023-01-29 04:00:00,1,4,102.79,23.86,19.77,33.72,32.15
2023-01-29 05:00:00,1,5,160.05,26.09,17.63,30.2,42.13
2023-01-29 06:00:00,1,6,143.71,16.73,16.76,33.84,34.47
2023-01-29 07:00:00,1,7,150.43,26.04,15.14,48.7,70.63
2023-01-29 08:00:00,1,8,139.43,42.58,20.04,31.04,37.17
2023-01-29 09:00:00,1,9,102.42,27.51,18.1,35.22,28.63
2023-01-29 10:00:00,1,10,114.51,34.72,18.49,32.71,33.17
2023-01-29 11:00:00,1,11,134.79,24.2,20.16,38.63,40.23
2023-01-29 12:00:00,1,12,100.56,10.66,17.12,37.82,20.02
2023-01-29 13:00:00,1,13,139.26,42.39,15.32,37.6,46.52
2023-01-29 14:00:00,1,14,120.19,33.0,18.21,49.28,56.1
2023-01-29 15:00:00,1,15,117.5,30.53,18.69,34.0,36.1
2023-01-29 16:00:00,1,16,139.22,28.82,17.55,39.49,45.81
2023-01-29 17:00:00,1,17,133.89,17.6,21.02,41.69,46.61
2023-01-29 18:00:00,1,18,117.78,26.74,13.1,35.1,35.33
2023-01-29 19:00:00,1,19,148.19,20.84,20.31,42.43,53.14
2023-01-29 20:00:00,1,20,103.38,31.26,19.65,38.0,32.45
2023-01-29 21:00:00,1,21,137.32,22.7,18.99,41.87,48.07
2023-01-29 22:00:00,1,22,136.86,17.22,11.4,39.46,52.81
2023-01-29 23:00:00,1,23,118.81,32.32,20.64,29.75,31.83
2023-01-30 00:00:00,1,0,131.52,17.19,16.02,46.53,51.56
2023-01-30 01:00:00,1,1,99.98,24.48,17.06,50.35,45.27
2023-01-30 02:00:00,1,2,143.48,14.55,17.73,39.12,50.1
2023-01-30 03:00:00,1,3,121.3,27.01,18.89,35.51,40.65
2023-01-30 04:00:00,1,4,114.55,21.19,19.35,47.53,41.61
2023-01-30 05:00:00,1,5,145.98,25.41,19.86,49.45,57.79
2023-01-30 06:00:00,1,6,110.91,25.96,19.7,39.16,32.15
2023-01-30 07:00:00,1,7,96.83,22.41,18.58,38.91,35.25
2023-01-30 08:00:00,1,8,93.87,19.63,18.9,39.6,34.59
2023-01-30 09:00:00,1,9,137.12,37.5,15.89,31.63,29.8
2023-01-30 10:00:00,1,10,99.39,10.66,16.57,38.54,33.9
2023-01-30 11:00:00,1,11,160.1,43.6,19.86,48.57,71.71
2023-01-30 12:00:00,1,12,83.36,31.85,19.75,39.16,26.04
2023-01-30 13:00:00,1,13,158.93,25.94,19.52,34.8,47.69
2023-01-30 14:00:00,1,14,129.22,20.88,17.04,42.48,49.43
2023-01-30 15:00:00,1,15,123.07,9.24,19.89,36.66,31.02
2023-01-30 16:00:00,1,16,114.1,43.58,15.75,39.67,38.5
2023-01-30 17:00:00,1,17,132.98,30.08,20.23,33.66,43.68
2023-01-30 18:00:00,1,18,124.25,46.27,17.55,34.82,33.11
2023-01-30 19:00:00,1,19,147.07,24.68,21.44,43.69,57.74
2023-01-30 20:00:00,1,20,127.28,22.28,15.03,40.58,43.21
2023-01-30 21:00:00,1,21,128.01,9.09,21.6,36.12,35.18
2023-01-30 22:00:00,1,22,117.73,23.79,17.35,40.6,39.37
2023-01-30 23:00:00,1,23,123.86,14.56,17.31,36.96,35.55
2023-01-31 00:00:00,1,0,131.16,19.16,18.46,36.08,35.02
2023-01-31 01:00:00,1,1,90.8,29.35,16.68,45.82,33.42
2023-01-31 02:00:00,1,2,98.04,39.09,17.93,43.91,36.24
2023-01-31 03:00:00,1,3,139.87,22.25,16.6,39.89,45.7
2023-01-31 04:00:00,1,4,128.42,39.92,16.67,40.72,42.28
2023-01-31 05:00:00,1,5,121.32,12.05,19.05,39.96,41.55
2023-01-31 06:00:00,1,6,125.37,26.62,16.27,42.44,47.02
2023-01-31 07:00:00,1,7,131.95,13.05,16.54,36.0,33.89
2023-01-31 08:00:00,1,8,114.2,29.8,15.33,44.31,40.94
2023-01-31 09:00:00,1,9,109.43,22.31,17.06,41.77,28.25
2023-01-31 10:00:00,1,10,128.92,22.91,20.7,38.68,40.77
2023-01-31 11:00:00,1,11,105.43,25.45,16.38,37.56,33.77
2023-01-31 12:00:00,1,12,133.17,29.33,16.61,44.21,51.93
2023-01-31 13:00:00,1,13,90.95,21.08,18.46,39.25,30.53
2023-01-31 14:00:00,1,14,145.58,34.26,17.33,36.51,47.06
2023-01-31 15:00:00,1,15,134.45,37.09,22.53,38.08,43.02
2023-01-31 16:00:00,1,16,130.12,12.57,17.75,43.85,44.2
2023-01-31 17:00:00,1,17,144.65,17.73,18.74,31.95,32.95
2023-01-31 18:00:00,1,18,158.31,24.34,19.96,38.22,49.14
2023-01-31 19:00:00,1,19,145.29,8.35,19.92,45.35,51.11
2023-01-31 20:00:00,1,20,88.18,27.68,18.54,39.16,28.2
2023-01-31 21:00:00,1,21,99.41,11.77,17.75,41.36,31.83
2023-01-31 22:00:00,1,22,112.5,23.24,22.12,45.43,44.72
2023-01-31 23:00:00,1,23,125.52,35.25,17.87,44.46,46.78
2023-02-01 00:00:00,2,0,80.45,24.82,20.12,30.48,22.68
2023-02-01 01:00:00,2,1,55.58,33.39,19.71,32.03,17.06
2023-02-01 02:00:00,2,2,73.83,44.51,17.55,37.2,22.01
2023-02-01 03:00:00,2,3,54.99,36.03,22.64,37.38,16.55
2023-02-01 04:00:00,2,4,57.87,47.34,16.3,32.24,18.06
2023-02-01 05:00:00,2,5,41.96,35.01,20.99,32.41,23.57
2023-02-01 06:00:00,2,6,51.63,67.21,20.59,34.02,9.7
2023-02-01 07:00:00,2,7,43.06,53.5,25.48,39.51,14.4
2023-02-01 08:00:00,2,8,50.58,33.51,17.34,38.02,10.06
2023-02-01 09:00:00,2,9,91.17,45.8,19.2,36.15,27.37
2023-02-01 10:00:00,2,10,51.11,41.23,20.73,27.29,8.26
2023-02-01 11:00:00,2,11,122.74,56.77,20.6,31.31,31.44
2023-02-01 12:00:00,2,12,79.96,24.82,19.9,31.57,21.83
2023-02-01 13:00:00,2,13,73.79,31.4,20.84,39.77,22.03
2023-02-01 14:00:00,2,14,52.93,45.31,18.48,31.49,4.98
2023-02-01 15:00:00,2,15,84.1,47.35,21.71,38.95,34.44
2023-02-01 16:00:00,2,16,58.58,33.01,16.36,29.83,18.77
2023-02-01 17:00:00,2,17,72.54,23.48,20.95,30.23,17.63
2023-02-01 18:00:00,2,18,121.3,33.76,19.8,35.09,31.01
2023-02-01 19:00:00,2,19,68.17,21.58,23.03,40.52,23.46
2023-02-01 20:00:00,2,20,93.08,52.52,24.51,31.62,26.35
2023-02-01 21:00:00,2,21,56.03,51.5,20.34,19.87,13.13
2023-02-01 22:00:00,2,22,69.4,55.19,23.78,24.86,18.7
2023-02-01 23:00:00,2,23,105.51,38.88,20.37,34.17,35.32
2023-02-02 00:00:00,2,0,57.56,41.55,19.07,25.31,3.44
2023-02-02 01:00:00,2,1,106.35,44.82,24.49,28.35,23.62
2023-02-02 02:00:00,2,2,84.25,35.21,22.04,32.74,27.97
2023-02-02 03:00:00,2,3,58.85,30.98,21.01,20.43,5.41
2023-02-02 04:00:00,2,4,82.74,58.56,22.37,30.78,27.33
2023-02-02 05:00:00,2,5,89.55,49.27,21.55,26.86,29.1
2023-02-02 06:00:00,2,6,82.53,35.1,20.86,25.18,23.29
2023-02-02 07:00:00,2,7,38.69,47.98,18.35,28.67,12.56
2023-02-02 08:00:00,2,8,55.55,51.28,20.46,27.33,10.42
2023-02-02 09:00:00,2,9,65.15,33.12,22.25,35.03,20.44
2023-02-02 10:00:00,2,10,68.61,56.2,20.75,38.66,15.39
2023-02-02 11:00:00,2,11,82.51,46.32,22.8,30.86,17.32
2023-02-02 12:00:00,2,12,73.65,40.01,21.77,29.7,14.69
2023-02-02 13:00:00,2,13,43.39,49.04,19.24,30.61,11.38
2023-02-02 14:00:00,2,14,77.7,35.47,18.36,27.14,15.62
2023-02-02 15:00:00,2,15,82.31,48.99,20.69,26.24,19.31
2023-02-02 16:00:00,2,16,81.29,29.22,19.95,24.45,20.96
2023-02-02 17:00:00,2,17,91.71,44.56,21.67,26.03,16.36
2023-02-02 18:00:00,2,18,86.77,36.59,19.56,40.84,30.29
2023-02-02 19:00:00,2,19,79.28,35.84,19.77,29.23,17.24
2023-02-02 20:00:00,2,20,68.69,49.58,23.11,17.97,11.24
2023-02-02 21:00:00,2,21,36.88,63.84,21.3,29.74,12.58
2023-02-02 22:00:00,2,22,78.69,39.69,19.59,24.73,20.83
2023-02-02 23:00:00,2,23,74.25,42.58,21.04,32.98,23.77
2023-02-03 00:00:00,2,0,75.53,37.74,23.76,32.44,22.5
2023-02-03 01:00:00,2,1,44.56,45.57,21.59,32.96,5.15
2023-02-03 02:00:00,2,2,48.48,47.61,22.19,32.48,7.72
2023-02-03 03:00:00,2,3,91.16,23.22,19.5,30.82,19.3
2023-02-03 04:00:00,2,4,69.31,58.02,23.05,25.4,16.47
2023-02-03 05:00:00,2,5,83.73,35.96,25.64,32.31,16.1
2023-02-03 06:00:00,2,6,70.66,49.05,19.42,37.77,23.94
2023-02-03 07:00:00,2,7,70.69,46.66,18.64,41.75,25.93
2023-02-03 08:00:00,2,8,88.86,46.47,21.35,31.49,13.65
2023-02-03 09:00:00,2,9,59.78,51.34,22.75,32.03,10.53
2023-02-03 10:00:00,2,10,72.02,37.59,20.82,35.18,26.35
2023-02-03 11:00:00,2,11,60.85,29.39,18.89,40.15,23.86
2023-02-03 12:00:00,2,12,61.41,38.6,20.78,30.25,11.24
2023-02-03 13:00:00,2,13,63.91,42.27,22.2,36.14,14.09
2023-02-03 14:00:00,2,14,74.54,53.17,20.19,28.57,5.5
2023-02-03 15:00:00,2,15,60.52,38.13,22.21,34.33,24.68
2023-02-03 16:00:00,2,16,95.21,21.74,23.33,37.53,30.0
2023-02-03 17:00:00,2,17,52.2,47.11,21.48,26.23,20.83
2023-02-03 18:00:00,2,18,66.36,47.06,20.94,30.05,15.67
2023-02-03 19:00:00,2,19,61.3,48.91,22.66,37.45,20.56
2023-02-03 20:00:00,2,20,99.04,48.2,19.29,35.76,33.99
2023-02-03 21:00:00,2,21,74.03,70.75,19.09,37.86,31.56
2023-02-03 22:00:00,2,22,90.73,39.25,20.47,36.92,30.44
2023-02-03 23:00:00,2,23,40.38,51.76,20.02,30.97,10.44
2023-02-04 00:00:00,2,0,75.44,59.4,19.39,43.68,27.61
2023-02-04 01:00:00,2,1,87.89,35.77,24.66,33.36,19.22
2023-02-04 02:00:00,2,2,71.74,54.12,25.34,17.4,8.5
2023-02-04 03:00:00,2,3,91.41,46.69,20.29,31.27,24.09
2023-02-04 04:00:00,2,4,59.75,28.64,21.18,30.33,22.02
2023-02-04 05:00:00,2,5,98.28,57.39,20.62,36.66,27.89
2023-02-04 06:00:00,2,6,116.07,58.63,23.21,30.42,34.76
2023-02-04 07:00:00,2,7,62.84,40.61,23.61,38.17,19.59
2023-02-04 08:00:00,2,8,61.19,31.81,17.45,35.47,24.31
2023-02-04 09:00:00,2,9,99.16,59.04,21.95,27.68,26.27
2023-02-04 10:00:00,2,10,101.69,39.22,18.39,31.98,30.16
2023-02-04 11:00:00,2,11,59.64,37.49,24.52,28.8,19.22
2023-02-04 12:00:00,2,12,61.69,63.89,21.88,33.6,21.45
2023-02-04 13:00:00,2,13,64.46,35.32,19.35,28.77,20.78
2023-02-04 14:00:00,2,14,43.21,34.54,20.52,33.05,22.57
2023-02-04 15:00:00,2,15,51.72,46.42,20.42,31.32,21.59
2023-02-04 16:00:00,2,16,50.01,30.78,22.05,31.92,15.64
2023-02-04 17:00:00,2,17,54.74,31.94,23.08,42.93,17.39
2023-02-04 18:00:00,2,18,69.4,42.27,18.7,30.88,19.7
2023-02-04 19:00:00,2,19,74.78,47.82,24.68,23.01,4.72
2023-02-04 20:00:00,2,20,101.11,53.03,24.21,37.76,35.98
2023-02-04 21:00:00,2,21,50.13,43.68,19.25,37.72,10.47
2023-02-04 22:00:00,2,22,89.78,37.6,21.15,22.78,22.67
2023-02-04 23:00:00,2,23,65.82,46.54,24.42,29.17,25.91
2023-02-05 00:00:00,2,0,69.11,65.28,23.47,34.86,12.83
2023-02-05 01:00:00,2,1,83.59,30.61,20.33,35.3,24.35
2023-02-05 02:00:00,2,2,47.64,41.4,22.63,32.66,7.65
2023-02-05 03:00:00,2,3,77.74,47.1,26.99,32.77,12.6
2023-02-05 04:00:00,2,4,73.43,34.73,21.21,27.99,16.6
2023-02-05 05:00:00,2,5,79.95,28.05,19.73,20.68,16.96
2023-02-05 06:00:00,2,6,75.88,71.32,21.34,42.93,30.93
2023-02-05 07:00:00,2,7,119.2,38.96,21.49,27.84,28.44
2023-02-05 08:00:00,2,8,57.34,57.57,19.95,33.56,7.73
2023-02-05 09:00:00,2,9,59.48,38.31,21.88,31.89,16.43
2023-02-05 10:00:00,2,10,57.63,42.02,18.49,37.17,10.4
2023-02-05 11:00:00,2,11,58.99,36.94,19.67,33.25,9.22
2023-02-05 12:00:00,2,12,57.35,48.29,22.52,33.45,11.01
2023-02-05 13:00:00,2,13,93.88,62.03,17.49,19.51,20.52
2023-02-05 14:00:00,2,14,98.51,47.8,22.81,28.51,26.15
2023-02-05 15:00:00,2,15,58.68,39.23,16.98,36.4,19.43
2023-02-05 16:00:00,2,16,53.45,33.15,17.54,35.95,11.71
2023-02-05 17:00:00,2,17,79.52,55.02,20.0,27.92,16.58
2023-02-05 18:00:00,2,18,59.05,33.03,21.57,24.79,5.36
2023-02-05 19:00:00,2,19,82.75,49.78,23.65,33.31,29.81
2023-02-05 20:00:00,2,20,74.15,39.68,21.12,18.15,22.21
2023-02-05 21:00:00,2,21,39.78,48.4,20.51,26.94,11.72
2023-02-05 22:00:00,2,22,101.05,41.48,22.16,41.48,38.61
2023-02-05 23:00:00,2,23,106.01,34.38,19.26,39.9,34.48
2023-02-06 00:00:00,2,0,57.84,55.57,21.28,35.12,8.84
2023-02-06 01:00:00,2,1,62.34,50.1,18.6,34.22,13.57
2023-02-06 02:00:00,2,2,75.81,41.45,21.17,22.93,12.17
2023-02-06 03:00:00,2,3,76.79,19.29,20.74,28.98,16.63
2023-02-06 04:00:00,2,4,83.27,51.93,19.39,31.2,18.59
2023-02-06 05:00:00,2,5,110.3,22.9,21.33,29.08,26.99
2023-02-06 06:00:00,2,6,66.56,23.26,21.32,30.93,12.91
2023-02-06 07:00:00,2,7,54.13,44.27,23.35,39.18,28.52
2023-02-06 08:00:00,2,8,42.51,46.28,17.79,29.97,3.8
2023-02-06 09:00:00,2,9,55.48,50.22,20.85,30.97,18.77
2023-02-06 10:00:00,2,10,69.43,43.98,19.48,36.38,19.75
2023-02-06 11:00:00,2,11,105.99,57.37,22.74,25.58,24.92
2023-02-06 12:00:00,2,12,59.74,44.06,22.51,28.48,16.73
2023-02-06 13:00:00,2,13,74.57,28.33,22.02,28.99,18.81
2023-02-06 14:00:00,2,14,69.77,49.41,19.59,32.96,13.51
2023-02-06 15:00:00,2,15,93.86,45.71,22.77,30.95,22.57
2023-02-06 16:00:00,2,16,120.63,60.31,17.94,31.11,32.14
2023-02-06 17:00:00,2,17,59.48,39.56,17.53,29.36,15.09
2023-02-06 18:00:00,2,18,60.31,40.66,18.45,27.33,8.63
2023-02-06 19:00:00,2,19,90.98,42.66,20.93,35.73,33.56
2023-02-06 20:00:00,2,20,83.73,45.47,22.35,30.99,9.17
2023-02-06 21:00:00,2,21,107.03,46.23,15.05,35.77,30.68
2023-02-06 22:00:00,2,22,81.77,38.28,23.65,27.12,13.89
2023-02-06 23:00:00,2,23,62.91,43.59,21.26,29.35,16.31
2023-02-07 00:00:00,2,0,81.91,40.15,17.86,31.57,26.65
2023-02-07 01:00:00,2,1,92.27,41.15,21.2,32.04,17.62
2023-02-07 02:00:00,2,2,86.51,32.07,23.19,36.45,38.06
2023-02-07 03:00:00,2,3,80.24,36.53,22.2,30.53,21.43
2023-02-07 04:00:00,2,4,91.43,41.37,23.2,36.41,29.67
2023-02-07 05:00:00,2,5,93.48,28.12,18.27,34.55,19.74
2023-02-07 06:00:00,2,6,97.74,39.1,20.17,32.15,25.97
2023-02-07 07:00:00,2,7,83.07,30.25,19.15,27.92,24.2
2023-02-07 08:00:00,2,8,66.75,37.23,24.44,36.46,21.35
2023-02-07 09:00:00,2,9,73.03,61.72,22.28,28.05,17.78
2023-02-07 10:00:00,2,10,94.23,30.25,26.69,32.57,25.33
2023-02-07 11:00:00,2,11,53.76,41.95,20.06,32.41,7.64
2023-02-07 12:00:00,2,12,77.47,43.82,19.55,31.64,13.52
2023-02-07 13:00:00,2,13,62.23,40.49,20.71,30.73,21.79
2023-02-07 14:00:00,2,14,70.67,46.75,23.76,28.57,21.25
2023-02-07 15:00:00,2,15,95.67,41.03,20.27,24.59,24.77
2023-02-07 16:00:00,2,16,73.92,49.22,21.25,39.7,20.35
2023-02-07 17:00:00,2,17,71.02,30.56,21.19,30.22,17.11
2023-02-07 18:00:00,2,18,42.9,44.44,21.08,32.04,17.62
2023-02-07 19:00:00,2,19,85.02,47.13,19.7,32.01,16.55
2023-02-07 20:00:00,2,20,83.01,52.55,20.73,38.16,32.06
2023-02-07 21:00:00,2,21,113.36,40.61,20.64,42.35,37.1
2023-02-07 22:00:00,2,22,63.94,41.43,20.98,33.48,13.57
2023-02-07 23:00:00,2,23,74.48,39.42,22.89,31.89,19.65
2023-02-08 00:00:00,2,0,75.08,53.57,24.52,27.06,11.36
2023-02-08 01:00:00,2,1,101.65,59.31,19.32,25.46,12.1
2023-02-08 02:00:00,2,2,68.19,37.05,20.22,23.81,13.92
2023-02-08 03:00:00,2,3,75.68,28.45,19.35,28.7,20.78
2023-02-08 04:00:00,2,4,82.25,53.56,21.37,22.23,21.32
2023-02-08 05:00:00,2,5,73.83,27.41,19.92,38.07,26.47
2023-02-08 06:00:00,2,6,61.17,40.46,21.48,34.79,27.57
2023-02-08 07:00:00,2,7,73.98,43.37,23.21,31.42,26.19
2023-02-08 08:00:00,2,8,91.57,47.28,15.95,38.23,32.88
2023-02-08 09:00:00,2,9,49.57,57.15,21.98,27.32,13.64
2023-02-08 10:00:00,2,10,72.76,33.42,20.08,28.58,23.49
2023-02-08 11:00:00,2,11,56.09,51.06,21.92,23.01,0.0
2023-02-08 12:00:00,2,12,94.0,51.1,19.21,36.55,26.25
2023-02-08 13:00:00,2,13,39.63,33.38,23.39,28.63,0.17
2023-02-08 14:00:00,2,14,58.92,62.13,22.83,32.76,19.41
2023-02-08 15:00:00,2,15,77.64,58.54,22.14,37.69,20.69
2023-02-08 16:00:00,2,16,101.41,43.48,22.59,39.53,48.53
2023-02-08 17:00:00,2,17,68.78,40.37,19.51,32.53,16.07
2023-02-08 18:00:00,2,18,58.99,38.45,19.76,34.6,17.55
2023-02-08 19:00:00,2,19,107.72,46.32,22.5,28.16,23.28
2023-02-08 20:00:00,2,20,41.14,18.0,19.46,41.1,11.65
2023-02-08 21:00:00,2,21,26.12,45.58,23.89,31.85,0.7
2023-02-08 22:00:00,2,22,78.9,45.61,20.35,33.08,15.36
2023-02-08 23:00:00,2,23,60.06,51.27,22.0,30.65,4.45
2023-02-09 00:00:00,2,0,49.67,42.06,25.2,38.68,18.75
2023-02-09 01:00:00,2,1,84.26,37.15,19.59,33.68,21.54
2023-02-09 02:00:00,2,2,74.97,31.27,21.14,36.48,32.48
2023-02-09 03:00:00,2,3,58.81,58.19,23.11,34.45,10.67
2023-02-09 04:00:00,2,4,44.49,45.76,22.9,31.58,19.1
2023-02-09 05:00:00,2,5,87.55,38.83,20.34,37.33,35.11
2023-02-09 06:00:00,2,6,83.1,37.43,19.97,34.41,30.23
2023-02-09 07:00:00,2,7,68.11,43.24,20.53,27.87,17.01
2023-02-09 08:00:00,2,8,107.03,37.88,23.9,27.73,23.06
2023-02-09 09:00:00,2,9,48.69,51.39,20.44,33.42,19.95
2023-02-09 10:00:00,2,10,39.59,27.72,21.16,37.22,8.33
2023-02-09 11:00:00,2,11,56.26,33.37,20.15,40.88,20.53
2023-02-09 12:00:00,2,12,69.18,56.75,22.41,23.79,13.51
2023-02-09 13:00:00,2,13,74.96,54.05,21.31,32.81,16.05
2023-02-09 14:00:00,2,14,65.27,53.77,18.99,35.13,20.51
2023-02-09 15:00:00,2,15,77.14,36.52,19.06,34.16,25.68
2023-02-09 16:00:00,2,16,45.07,56.15,17.0,37.73,9.52
2023-02-09 17:00:00,2,17,98.97,46.61,19.34,35.96,31.98
2023-02-09 18:00:00,2,18,68.45,38.75,22.59,27.75,4.7
2023-02-09 19:00:00,2,19,92.44,43.96,23.65,27.61,16.03
2023-02-09 20:00:00,2,20,76.95,40.71,22.37,34.24,19.68
2023-02-09 21:00:00,2,21,79.23,53.96,22.11,37.63,26.65
2023-02-09 22:00:00,2,22,81.49,37.35,20.75,33.4,27.04
2023-02-09 23:00:00,2,23,79.05,49.43,22.55,24.79,16.75
2023-02-10 00:00:00,2,0,82.95,46.55,21.57,27.44,21.82
2023-02-10 01:00:00,2,1,96.68,40.92,24.61,36.14,28.33
2023-02-10 02:00:00,2,2,74.03,42.27,20.8,30.94,21.12
2023-02-10 03:00:00,2,3,84.28,43.06,23.69,33.27,25.14
2023-02-10 04:00:00,2,4,68.3,50.81,22.75,38.01,19.1
2023-02-10 05:00:00,2,5,98.9,46.3,22.47,26.67,20.22
2023-02-10 06:00:00,2,6,56.57,43.28,16.98,30.61,17.44
2023-02-10 07:00:00,2,7,106.11,57.05,22.86,30.07,35.66
2023-02-10 08:00:00,2,8,69.29,47.93,20.74,34.46,25.94
2023-02-10 09:00:00,2,9,41.48,39.42,20.11,36.54,6.99
2023-02-10 10:00:00,2,10,72.66,56.08,18.03,25.28,9.69
2023-02-10 11:00:00,2,11,56.48,31.74,20.99,32.65,12.7
2023-02-10 12:00:00,2,12,86.91,30.61,21.07,37.03,27.33
2023-02-10 13:00:00,2,13,57.04,55.75,18.39,23.41,11.37
2023-02-10 14:00:00,2,14,61.17,29.73,18.05,32.36,22.71
2023-02-10 15:00:00,2,15,32.31,44.74,21.97,26.6,13.64
2023-02-10 16:00:00,2,16,61.05,39.12,22.74,29.47,15.03
2023-02-10 17:00:00,2,17,21.62,48.27,21.38,20.15,2.49
2023-02-10 18:00:00,2,18,38.42,34.07,23.3,39.64,15.28
2023-02-10 19:00:00,2,19,85.3,39.24,20.83,30.9,27.3
2023-02-10 20:00:00,2,20,85.81,51.44,20.89,28.64,23.26
2023-02-10 21:00:00,2,21,78.61,54.95,19.17,34.32,20.34
2023-02-10 22:00:00,2,22,50.76,57.9,17.88,27.47,8.56
2023-02-10 23:00:00,2,23,69.14,41.42,24.71,26.99,10.01
2023-02-11 00:00:00,2,0,70.02,37.58,23.26,40.23,24.46
2023-02-11 01:00:00,2,1,46.93,36.79,18.21,41.72,19.44
2023-02-11 02:00:00,2,2,100.16,44.48,21.31,29.72,28.5
2023-02-11 03:00:00,2,3,87.64,54.87,20.8,38.02,33.54
2023-02-11 04:00:00,2,4,65.68,50.12,20.45,34.46,26.27
2023-02-11 05:00:00,2,5,70.63,31.78,20.18,25.61,8.21
2023-02-11 06:00:00,2,6,74.26,48.15,21.76,28.04,19.39
2023-02-11 07:00:00,2,7,29.26,41.87,22.64,40.43,12.06
2023-02-11 08:00:00,2,8,65.15,54.06,21.8,25.55,13.51
2023-02-11 09:00:00,2,9,56.46,39.94,20.76,44.08,16.61
2023-02-11 10:00:00,2,10,50.06,47.88,20.69,29.82,19.67
2023-02-11 11:00:00,2,11,64.47,32.83,22.87,40.58,18.88
2023-02-11 12:00:00,2,12,106.05,35.57,21.93,31.15,16.58
2023-02-11 13:00:00,2,13,82.91,48.26,21.15,36.68,25.46
2023-02-11 14:00:00,2,14,58.67,44.57,20.93,39.65,18.21
2023-02-11 15:00:00,2,15,81.55,48.81,21.69,39.63,36.24
2023-02-11 16:00:00,2,16,98.08,57.5,20.06,29.76,26.79
2023-02-11 17:00:00,2,17,88.59,51.88,22.64,28.39,19.45
2023-02-11 18:00:00,2,18,71.29,41.32,18.85,32.27,18.2
2023-02-11 19:00:00,2,19,57.16,40.05,20.18,26.18,11.43
2023-02-11 20:00:00,2,20,84.06,41.82,22.22,33.88,34.83
2023-02-11 21:00:00,2,21,77.97,46.32,18.73,28.58,21.95
2023-02-11 22:00:00,2,22,88.0,33.97,17.85,38.09,20.92
2023-02-11 23:00:00,2,23,82.8,42.67,21.13,29.83,19.37
2023-02-12 00:00:00,2,0,91.09,36.27,17.61,23.97,18.09
2023-02-12 01:00:00,2,1,59.39,61.04,18.4,39.68,14.12
2023-02-12 02:00:00,2,2,96.44,82.53,22.51,33.6,18.1
2023-02-12 03:00:00,2,3,74.05,40.46,20.59,32.83,23.25
2023-02-12 04:00:00,2,4,111.6,57.55,23.57,38.15,31.48
2023-02-12 05:00:00,2,5,56.31,45.43,18.59,37.04,23.64
2023-02-12 06:00:00,2,6,104.82,46.32,20.81,28.87,25.27
2023-02-12 07:00:00,2,7,74.05,27.43,21.8,30.43,16.42
2023-02-12 08:00:00,2,8,57.07,39.3,18.66,27.11,0.82
2023-02-12 09:00:00,2,9,60.42,41.64,23.06,25.36,18.89
2023-02-12 10:00:00,2,10,63.69,34.93,22.02,35.57,20.36
2023-02-12 11:00:00,2,11,78.58,39.62,17.78,34.64,20.46
2023-02-12 12:00:00,2,12,80.55,47.88,20.92,36.48,20.05
2023-02-12 13:00:00,2,13,58.62,32.59,21.77,39.09,27.1
2023-02-12 14:00:00,2,14,69.61,54.4,19.82,36.55,15.89
2023-02-12 15:00:00,2,15,112.94,40.07,18.04,37.0,33.0
2023-02-12 16:00:00,2,16,104.65,58.78,21.56,22.29,22.3
2023-02-12 17:00:00,2,17,78.82,41.26,25.42,31.14,27.72
2023-02-12 18:00:00,2,18,70.86,41.37,20.23,37.5,21.08
2023-02-12 19:00:00,2,19,72.5,26.54,24.14,26.84,12.55
2023-02-12 20:00:00,2,20,82.37,58.95,19.5,33.14,22.23
2023-02-12 21:00:00,2,21,49.64,49.31,21.43,35.28,19.12
2023-02-12 22:00:00,2,22,64.95,35.07,22.54,34.89,24.54
2023-02-12 23:00:00,2,23,36.72,39.95,20.98,34.52,3.7
2023-02-13 00:00:00,2,0,78.08,41.5,20.4,35.67,23.8
2023-02-13 01:00:00,2,1,83.04,52.86,22.45,33.58,16.08
2023-02-13 02:00:00,2,2,60.43,49.21,24.78,25.36,17.2
2023-02-13 03:00:00,2,3,101.58,30.85,21.6,35.21,31.94
2023-02-13 04:00:00,2,4,45.58,43.82,19.97,34.1,8.36
2023-02-13 05:00:00,2,5,40.81,39.55,20.62,25.43,16.32
2023-02-13 06:00:00,2,6,74.59,44.45,26.04,39.58,26.29
2023-02-13 07:00:00,2,7,91.04,55.13,21.27,35.35,27.96
2023-02-13 08:00:00,2,8,103.77,33.96,19.81,25.78,21.41
2023-02-13 09:00:00,2,9,60.92,38.27,18.71,28.59,14.48
2023-02-13 10:00:00,2,10,91.67,20.24,17.35,29.86,20.92
2023-02-13 11:00:00,2,11,69.33,53.46,21.73,29.86,13.55
2023-02-13 12:00:00,2,12,66.64,35.08,22.31,34.14,25.12
2023-02-13 13:00:00,2,13,87.77,56.42,20.21,27.8,17.88
2023-02-13 14:00:00,2,14,83.14,41.73,20.97,38.32,23.93
2023-02-13 15:00:00,2,15,38.57,33.54,18.66,37.91,11.54
2023-02-13 16:00:00,2,16,99.63,64.02,21.27,35.78,36.84
2023-02-13 17:00:00,2,17,97.7,45.35,21.96,32.9,32.46
2023-02-13 18:00:00,2,18,57.58,48.93,19.93,37.37,15.97
2023-02-13 19:00:00,2,19,78.01,50.32,24.38,31.3,26.49
2023-02-13 20:00:00,2,20,79.98,39.45,19.33,29.06,19.92
2023-02-13 21:00:00,2,21,75.31,32.09,21.57,38.63,20.04
2023-02-13 22:00:00,2,22,59.09,44.63,22.7,34.27,14.5
2023-02-13 23:00:00,2,23,56.66,41.25,20.85,29.26,20.69
2023-02-14 00:00:00,2,0,69.59,42.16,20.62,30.59,28.16
2023-02-14 01:00:00,2,1,93.55,43.28,18.14,29.0,24.22
2023-02-14 02:00:00,2,2,80.97,54.19,23.71,42.79,26.06
2023-02-14 03:00:00,2,3,62.68,32.22,20.66,32.7,16.47
2023-02-14 04:00:00,2,4,85.53,40.35,22.07,33.47,20.06
2023-02-14 05:00:00,2,5,13.13,39.35,22.35,36.29,0.89
2023-02-14 06:00:00,2,6,93.07,51.37,19.74,26.6,17.07
2023-02-14 07:00:00,2,7,35.3,47.89,20.6,38.16,10.84
2023-02-14 08:00:00,2,8,62.85,45.06,23.67,29.64,16.14
2023-02-14 09:00:00,2,9,47.7,58.64,18.77,41.83,15.9
2023-02-14 10:00:00,2,10,44.2,60.18,25.26,31.12,10.36
2023-02-14 11:00:00,2,11,93.31,49.31,19.51,37.87,33.27
2023-02-14 12:00:00,2,12,60.74,38.08,18.64,20.2,9.08
2023-02-14 13:00:00,2,13,77.03,49.83,21.26,26.8,16.39
2023-02-14 14:00:00,2,14,69.16,53.49,25.42,31.21,17.12
2023-02-14 15:00:00,2,15,79.64,51.45,17.18,22.53,22.67
2023-02-14 16:00:00,2,16,71.63,47.85,20.72,35.68,18.86
2023-02-14 17:00:00,2,17,44.44,46.84,21.95,34.24,15.67
2023-02-14 18:00:00,2,18,90.02,21.65,21.07,27.73,17.07
2023-02-14 19:00:00,2,19,60.22,32.76,21.76,32.6,18.12
2023-02-14 20:00:00,2,20,38.96,33.05,19.56,36.71,14.66
2023-02-14 21:00:00,2,21,61.53,31.62,19.8,22.16,16.79
2023-02-14 22:00:00,2,22,100.11,53.29,20.7,26.31,20.04
2023-02-14 23:00:00,2,23,87.1,55.52,18.74,31.0,16.95
2023-02-15 00:00:00,2,0,63.12,54.37,20.91,32.8,13.34
2023-02-15 01:00:00,2,1,63.11,29.96,20.22,32.39,21.87
2023-02-15 02:00:00,2,2,63.66,48.77,20.06,37.13,30.12
2023-02-15 03:00:00,2,3,111.63,55.81,21.64,35.07,36.81
2023-02-15 04:00:00,2,4,77.73,47.61,17.36,36.16,17.13
2023-02-15 05:00:00,2,5,78.7,45.69,20.54,25.73,20.89
2023-02-15 06:00:00,2,6,90.7,40.62,25.63,33.4,20.54
2023-02-15 07:00:00,2,7,74.87,40.79,18.83,31.14,17.7
2023-02-15 08:00:00,2,8,64.92,51.58,23.57,39.99,22.58
2023-02-15 09:00:00,2,9,66.17,36.44,21.11,33.55,20.29
2023-02-15 10:00:00,2,10,68.66,49.69,19.79,29.33,17.12
2023-02-15 11:00:00,2,11,69.35,44.86,18.36,36.94,18.36
2023-02-15 12:00:00,2,12,84.65,36.43,21.28,35.5,30.35
2023-02-15 13:00:00,2,13,71.14,49.72,23.91,28.57,14.31
2023-02-15 14:00:00,2,14,84.75,48.99,20.22,30.94,28.14
2023-02-15 15:00:00,2,15,68.48,37.38,20.84,31.02,10.92
2023-02-15 16:00:00,2,16,71.67,51.88,23.02,38.82,24.27
2023-02-15 17:00:00,2,17,30.13,47.15,21.68,33.7,2.34
2023-02-15 18:00:00,2,18,88.42,37.74,17.86,36.31,22.6
2023-02-15 19:00:00,2,19,77.03,22.76,21.2,30.21,16.84
2023-02-15 20:00:00,2,20,90.06,37.25,24.02,34.35,33.4
2023-02-15 21:00:00,2,21,12.17,38.57,20.93,39.2,10.52
2023-02-15 22:00:00,2,22,111.86,37.99,15.52,30.87,33.17
2023-02-15 23:00:00,2,23,67.3,54.03,21.78,33.26,18.83
2023-02-16 00:00:00,2,0,92.26,42.15,20.6,25.86,20.84
2023-02-16 01:00:00,2,1,49.3,43.6,17.34,28.85,18.19
2023-02-16 02:00:00,2,2,82.35,40.09,17.64,31.01,24.8
2023-02-16 03:00:00,2,3,49.03,42.14,22.95,27.38,11.28
2023-02-16 04:00:00,2,4,57.62,39.5,19.54,39.29,26.31
2023-02-16 05:00:00,2,5,108.38,46.42,19.19,28.49,29.82
2023-02-16 06:00:00,2,6,66.28,42.72,20.93,36.61,21.45
2023-02-16 07:00:00,2,7,74.44,55.58,19.71,33.61,18.57
2023-02-16 08:00:00,2,8,87.5,46.5,21.2,32.83,21.21
2023-02-16 09:00:00,2,9,80.01,29.39,20.59,40.11,25.08
2023-02-16 10:00:00,2,10,73.1,40.11,18.6,21.38,15.32
2023-02-16 11:00:00,2,11,77.4,43.51,19.98,31.7,24.64
2023-02-16 12:00:00,2,12,118.16,24.34,21.89,27.28,19.66
2023-02-16 13:00:00,2,13,68.94,56.91,21.08,22.87,3.42
2023-02-16 14:00:00,2,14,74.12,54.4,20.84,26.71,11.75
2023-02-16 15:00:00,2,15,91.11,26.17,24.87,32.77,22.85
2023-02-16 16:00:00,2,16,92.21,42.84,22.46,29.05,28.32
2023-02-16 17:00:00,2,17,93.84,45.73,22.7,37.16,27.68
2023-02-16 18:00:00,2,18,82.87,55.29,20.67,31.61,23.12
2023-02-16 19:00:00,2,19,47.24,38.82,21.44,31.06,14.32
2023-02-16 20:00:00,2,20,102.76,37.86,20.14,31.08,21.51
2023-02-16 21:00:00,2,21,47.17,54.25,22.56,32.19,19.96
2023-02-16 22:00:00,2,22,76.15,44.7,20.78,30.59,16.1
2023-02-16 23:00:00,2,23,55.01,46.66,21.44,28.42,20.84
2023-02-17 00:00:00,2,0,68.81,40.74,21.32,37.63,20.96
2023-02-17 01:00:00,2,1,76.67,54.49,20.96,29.56,17.21
2023-02-17 02:00:00,2,2,76.52,30.78,26.88,30.76,14.07
2023-02-17 03:00:00,2,3,78.53,34.14,19.67,34.83,23.79
2023-02-17 04:00:00,2,4,102.37,46.93,19.65,34.27,40.53
2023-02-17 05:00:00,2,5,79.17,45.47,22.39,28.21,20.69
2023-02-17 06:00:00,2,6,65.21,44.67,19.81,36.45,21.18
2023-02-17 07:00:00,2,7,89.38,51.08,20.42,35.37,23.03
2023-02-17 08:00:00,2,8,93.89,47.74,18.83,33.57,29.24
2023-02-17 09:00:00,2,9,45.54,46.0,21.98,30.52,12.38
2023-02-17 10:00:00,2,10,82.04,27.17,22.01,30.65,20.65
2023-02-17 11:00:00,2,11,84.12,33.84,20.37,31.67,24.69
2023-02-17 12:00:00,2,12,64.14,33.95,22.43,26.52,5.11
2023-02-17 13:00:00,2,13,97.61,39.6,17.28,32.48,25.94
2023-02-17 14:00:00,2,14,67.1,54.47,19.59,37.14,14.79
2023-02-17 15:00:00,2,15,72.61,43.72,20.66,37.06,22.58
2023-02-17 16:00:00,2,16,66.63,33.6,18.66,30.78,13.48
2023-02-17 17:00:00,2,17,70.41,55.88,17.5,38.0,19.03
2023-02-17 18:00:00,2,18,48.17,36.94,20.38,42.21,10.29
2023-02-17 19:00:00,2,19,41.3,20.08,22.39,31.1,16.29
2023-02-17 20:00:00,2,20,101.99,32.68,23.56,36.14,27.34
2023-02-17 21:00:00,2,21,53.16,29.16,19.91,21.37,6.35
2023-02-17 22:00:00,2,22,50.27,41.12,22.47,26.39,18.71
2023-02-17 23:00:00,2,23,27.03,33.62,22.27,33.14,10.31
2023-02-18 00:00:00,2,0,57.32,50.48,23.44,27.65,3.04
2023-02-18 01:00:00,2,1,43.63,35.34,20.3,42.88,22.53
2023-02-18 02:00:00,2,2,102.94,36.76,17.4,35.67,38.86
2023-02-18 03:00:00,2,3,90.29,40.4,21.14,37.51,36.01
2023-02-18 04:00:00,2,4,56.33,30.14,18.97,32.53,18.62
2023-02-18 05:00:00,2,5,115.14,48.69,19.55,27.66,21.05
2023-02-18 06:00:00,2,6,89.73,45.17,20.4,30.09,22.26
2023-02-18 07:00:00,2,7,63.6,42.35,20.32,33.95,10.76
2023-02-18 08:00:00,2,8,20.11,53.6,21.28,29.49,0.61
2023-02-18 09:00:00,2,9,115.92,41.03,22.41,36.04,29.28
2023-02-18 10:00:00,2,10,42.3,60.49,20.26,36.24,9.65
2023-02-18 11:00:00,2,11,37.19,32.83,21.79,32.7,10.96
2023-02-18 12:00:00,2,12,90.55,42.83,21.03,23.55,15.56
2023-02-18 13:00:00,2,13,118.89,48.51,22.87,41.25,38.46
2023-02-18 14:00:00,2,14,97.78,51.65,20.62,31.62,24.32
2023-02-18 15:00:00,2,15,81.37,45.65,20.84,46.23,38.86
2023-02-18 16:00:00,2,16,81.99,36.42,20.25,35.94,35.39
2023-02-18 17:00:00,2,17,87.16,37.82,20.68,31.63,20.74
2023-02-18 18:00:00,2,18,85.27,50.36,19.43,34.92,26.51
2023-02-18 19:00:00,2,19,75.72,51.76,19.23,22.58,10.05
2023-02-18 20:00:00,2,20,72.18,36.73,22.55,37.81,26.6
2023-02-18 21:00:00,2,21,68.84,50.52,18.83,45.51,23.75
2023-02-18 22:00:00,2,22,55.02,42.7,20.36,22.23,6.64
2023-02-18 23:00:00,2,23,64.48,42.06,23.03,31.24,26.81
2023-02-19 00:00:00,2,0,36.24,40.18,20.29,32.15,2.94
2023-02-19 01:00:00,2,1,68.13,34.72,22.66,37.06,8.79
2023-02-19 02:00:00,2,2,50.32,55.93,19.82,43.21,21.81
2023-02-19 03:00:00,2,3,48.02,62.41,18.9,34.59,12.02
2023-02-19 04:00:00,2,4,73.69,48.98,17.81,43.39,23.43
2023-02-19 05:00:00,2,5,97.94,25.29,23.63,33.53,41.04
2023-02-19 06:00:00,2,6,88.46,23.08,18.73,34.94,29.42
2023-02-19 07:00:00,2,7,38.69,24.99,22.49,34.32,10.78
2023-02-19 08:00:00,2,8,50.3,45.23,19.0,38.78,12.73
2023-02-19 09:00:00,2,9,88.91,61.12,23.63,30.57,24.89
2023-02-19 10:00:00,2,10,50.45,66.73,25.41,36.77,6.8
2023-02-19 11:00:00,2,11,65.6,49.44,17.63,26.53,11.93
2023-02-19 12:00:00,2,12,81.1,45.28,18.83,31.26,20.95
2023-02-19 13:00:00,2,13,50.73,30.3,22.55,29.5,13.54
2023-02-19 14:00:00,2,14,72.2,34.62,22.03,33.12,19.23
2023-02-19 15:00:00,2,15,43.42,41.03,22.55,31.1,7.79
2023-02-19 16:00:00,2,16,58.07,52.2,19.85,38.34,23.17
2023-02-19 17:00:00,2,17,76.49,52.91,24.98,28.29,9.78
2023-02-19 18:00:00,2,18,38.24,40.76,21.24,24.02,6.27
2023-02-19 19:00:00,2,19,78.91,36.33,18.57,25.89,14.45
2023-02-19 20:00:00,2,20,69.7,39.38,20.49,37.65,26.94
2023-02-19 21:00:00,2,21,81.15,53.65,18.59,27.83,16.54
2023-02-19 22:00:00,2,22,74.57,36.79,24.18,34.67,23.75
2023-02-19 23:00:00,2,23,97.38,39.04,19.68,31.21,27.0
2023-02-20 00:00:00,2,0,72.6,54.01,21.98,36.8,13.1
2023-02-20 01:00:00,2,1,61.51,51.14,20.06,31.53,15.84
2023-02-20 02:00:00,2,2,72.54,36.42,19.77,46.5,19.41
2023-02-20 03:00:00,2,3,80.96,45.65,17.18,42.17,30.23
2023-02-20 04:00:00,2,4,71.07,27.41,22.2,31.1,14.78
2023-02-20 05:00:00,2,5,70.91,38.29,23.6,30.42,23.92
2023-02-20 06:00:00,2,6,56.06,48.17,19.17,48.34,21.69
2023-02-20 07:00:00,2,7,56.84,43.4,17.91,27.29,9.08
2023-02-20 08:00:00,2,8,42.04,42.67,22.61,32.4,17.36
2023-02-20 09:00:00,2,9,105.09,50.59,17.71,32.79,24.38
2023-02-20 10:00:00,2,10,45.22,52.43,23.44,32.67,16.79
2023-02-20 11:00:00,2,11,56.24,36.29,19.19,23.99,13.59
2023-02-20 12:00:00,2,12,55.73,34.85,18.79,35.16,14.51
2023-02-20 13:00:00,2,13,87.99,37.26,21.5,27.83,13.74
2023-02-20 14:00:00,2,14,64.2,28.15,18.92,39.86,27.55
2023-02-20 15:00:00,2,15,95.05,48.72,19.59,25.4,22.63
2023-02-20 16:00:00,2,16,56.63,26.56,21.71,32.98,11.71
2023-02-20 17:00:00,2,17,75.68,52.31,16.14,21.6,14.85
2023-02-20 18:00:00,2,18,53.39,53.43,24.28,21.91,14.78
2023-02-20 19:00:00,2,19,113.0,60.9,21.09,28.48,27.4
2023-02-20 20:00:00,2,20,46.34,47.76,18.41,29.19,12.47
2023-02-20 21:00:00,2,21,76.29,48.34,18.97,40.01,30.61
2023-02-20 22:00:00,2,22,82.77,38.04,22.98,32.48,30.1
2023-02-20 23:00:00,2,23,78.37,40.86,22.2,39.14,24.98
2023-02-21 00:00:00,2,0,66.39,55.23,23.77,30.78,10.35
2023-02-21 01:00:00,2,1,67.5,47.23,19.63,35.71,13.59
2023-02-21 02:00:00,2,2,70.97,47.02,21.59,29.05,13.74
2023-02-21 03:00:00,2,3,67.16,61.06,21.85,28.71,11.4
2023-02-21 04:00:00,2,4,89.37,53.11,22.39,23.58,9.16
2023-02-21 05:00:00,2,5,114.31,51.01,23.25,34.36,41.99
2023-02-21 06:00:00,2,6,58.95,28.97,19.57,33.99,19.35
2023-02-21 07:00:00,2,7,42.7,41.39,20.77,36.57,10.4
2023-02-21 08:00:00,2,8,68.33,36.68,19.78,33.75,19.07
2023-02-21 09:00:00,2,9,121.69,58.29,20.89,42.81,34.51
2023-02-21 10:00:00,2,10,54.02,31.36,22.4,33.56,20.9
2023-02-21 11:00:00,2,11,102.88,30.29,17.69,37.64,22.54
2023-02-21 12:00:00,2,12,103.65,63.28,23.22,31.06,29.39
2023-02-21 13:00:00,2,13,59.02,50.35,18.72,28.14,4.66
2023-02-21 14:00:00,2,14,81.48,38.34,20.39,36.27,22.57
2023-02-21 15:00:00,2,15,102.66,36.86,23.49,32.23,33.81
2023-02-21 16:00:00,2,16,62.51,50.09,21.66,36.84,11.03
2023-02-21 17:00:00,2,17,66.02,46.36,21.68,34.44,18.22
2023-02-21 18:00:00,2,18,58.46,49.28,18.64,28.71,17.14
2023-02-21 19:00:00,2,19,49.8,42.2,18.91,38.05,18.12
2023-02-21 20:00:00,2,20,57.11,31.33,22.88,28.32,13.84
2023-02-21 21:00:00,2,21,45.62,51.01,19.82,35.81,16.1
2023-02-21 22:00:00,2,22,70.78,33.29,20.01,39.09,20.01
2023-02-21 23:00:00,2,23,54.7,51.12,22.93,30.76,23.69
2023-02-22 00:00:00,2,0,74.77,51.78,18.9,38.46,15.93
2023-02-22 01:00:00,2,1,38.98,35.12,21.54,34.67,17.08
2023-02-22 02:00:00,2,2,76.71,34.08,21.09,36.94,24.58
2023-02-22 03:00:00,2,3,86.77,34.79,20.99,28.5,23.7
2023-02-22 04:00:00,2,4,30.22,56.46,19.96,33.75,12.48
2023-02-22 05:00:00,2,5,77.58,47.96,19.84,25.64,19.36
2023-02-22 06:00:00,2,6,94.65,35.07,18.84,41.24,28.49
2023-02-22 07:00:00,2,7,45.9,42.89,21.97,22.61,7.22
2023-02-22 08:00:00,2,8,103.55,54.04,19.66,30.91,19.43
2023-02-22 09:00:00,2,9,78.48,38.72,22.94,28.02,16.84
2023-02-22 10:00:00,2,10,56.0,50.45,20.55,36.05,18.45
2023-02-22 11:00:00,2,11,68.98,25.36,18.88,42.3,27.37
2023-02-22 12:00:00,2,12,81.26,27.85,20.52,35.95,26.32
2023-02-22 13:00:00,2,13,71.62,37.26,20.18,47.49,19.58
2023-02-22 14:00:00,2,14,80.87,29.69,23.02,25.79,14.58
2023-02-22 15:00:00,2,15,51.68,42.65,20.26,26.17,7.97
2023-02-22 16:00:00,2,16,73.48,35.65,20.45,28.21,10.74
2023-02-22 17:00:00,2,17,41.82,28.52,23.82,33.29,7.43
2023-02-22 18:00:00,2,18,67.87,40.85,22.02,27.54,15.6
2023-02-22 19:00:00,2,19,52.02,45.85,24.33,28.92,19.61
2023-02-22 20:00:00,2,20,55.39,60.35,23.52,35.78,11.76
2023-02-22 21:00:00,2,21,94.82,44.13,19.23,26.48,15.29
2023-02-22 22:00:00,2,22,91.92,35.07,22.98,27.01,17.71
2023-02-22 23:00:00,2,23,82.28,33.84,24.05,30.69,22.74
2023-02-23 00:00:00,2,0,48.25,38.26,24.07,31.16,18.65
2023-02-23 01:00:00,2,1,63.77,48.71,22.98,37.73,19.63
2023-02-23 02:00:00,2,2,94.36,63.07,22.94,28.18,14.94
2023-02-23 03:00:00,2,3,72.93,48.25,20.39,29.08,11.52
2023-02-23 04:00:00,2,4,116.48,46.34,19.33,35.59,35.51
2023-02-23 05:00:00,2,5,77.96,46.43,20.3,36.69,28.83
2023-02-23 06:00:00,2,6,73.94,37.12,17.67,39.82,33.63
2023-02-23 07:00:00,2,7,63.91,23.44,23.69,35.03,12.75
2023-02-23 08:00:00,2,8,72.77,42.07,20.43,33.33,20.92
2023-02-23 09:00:00,2,9,67.05,45.47,23.58,35.55,14.73
2023-02-23 10:00:00,2,10,84.26,45.89,18.54,31.34,17.53
2023-02-23 11:00:00,2,11,89.23,42.06,23.17,31.31,18.38
2023-02-23 12:00:00,2,12,54.38,51.58,20.01,23.81,9.12
2023-02-23 13:00:00,2,13,43.47,42.1,18.43,37.15,9.05
2023-02-23 14:00:00,2,14,33.37,38.79,24.25,33.74,21.78
2023-02-23 15:00:00,2,15,80.26,41.2,23.21,36.56,22.17
2023-02-23 16:00:00,2,16,48.03,38.73,21.42,18.6,12.39
2023-02-23 17:00:00,2,17,27.04,38.96,21.07,32.44,4.02
2023-02-23 18:00:00,2,18,77.87,61.02,21.88,28.4,29.61
2023-02-23 19:00:00,2,19,119.96,36.93,21.39,40.19,41.89
2023-02-23 20:00:00,2,20,69.97,50.01,19.42,35.75,25.04
2023-02-23 21:00:00,2,21,86.87,54.26,20.18,33.85,21.56
2023-02-23 22:00:00,2,22,71.73,54.35,24.92,30.52,23.14
2023-02-23 23:00:00,2,23,68.12,38.97,26.34,34.67,21.36
2023-02-24 00:00:00,2,0,88.48,45.53,24.13,28.04,18.79
2023-02-24 01:00:00,2,1,64.29,60.12,21.96,32.18,11.85
2023-02-24 02:00:00,2,2,75.44,38.52,20.32,29.79,17.55
2023-02-24 03:00:00,2,3,76.53,57.7,19.4,44.01,26.47
2023-02-24 04:00:00,2,4,56.73,41.9,19.54,40.03,23.28
2023-02-24 05:00:00,2,5,89.94,40.92,19.89,37.99,27.33
2023-02-24 06:00:00,2,6,66.6,34.45,25.3,25.23,4.4
2023-02-24 07:00:00,2,7,54.98,25.48,24.61,37.0,20.19
2023-02-24 08:00:00,2,8,80.83,56.95,22.49,33.62,29.12
2023-02-24 09:00:00,2,9,52.13,43.83,19.08,38.8,8.53
2023-02-24 10:00:00,2,10,70.66,46.06,22.79,34.29,29.23
2023-02-24 11:00:00,2,11,69.91,38.96,20.52,32.65,26.02
2023-02-24 12:00:00,2,12,91.81,41.14,16.69,33.85,22.76
2023-02-24 13:00:00,2,13,79.59,46.83,21.57,23.65,10.11
2023-02-24 14:00:00,2,14,69.6,47.71,19.32,28.84,22.0
2023-02-24 15:00:00,2,15,86.45,54.47,19.38,34.55,18.06
2023-02-24 16:00:00,2,16,97.9,33.42,20.5,38.38,27.99
2023-02-24 17:00:00,2,17,81.25,38.71,20.0,29.93,13.7
2023-02-24 18:00:00,2,18,70.3,34.12,20.93,32.48,19.07
2023-02-24 19:00:00,2,19,43.86,46.41,20.84,24.67,16.35
2023-02-24 20:00:00,2,20,48.79,49.87,17.25,39.98,18.14
2023-02-24 21:00:00,2,21,63.99,54.08,24.04,38.25,25.5
2023-02-24 22:00:00,2,22,57.91,39.71,19.03,35.94,15.59
2023-02-24 23:00:00,2,23,66.36,53.7,19.1,34.71,19.69
2023-02-25 00:00:00,2,0,71.23,24.81,20.34,40.44,17.89
2023-02-25 01:00:00,2,1,80.69,56.38,20.78,28.65,18.8
2023-02-25 02:00:00,2,2,68.69,40.56,23.92,28.11,12.37
2023-02-25 03:00:00,2,3,79.83,27.63,21.54,37.99,24.48
2023-02-25 04:00:00,2,4,71.39,37.31,22.13,37.65,21.27
2023-02-25 05:00:00,2,5,30.59,41.54,21.55,26.71,5.24
2023-02-25 06:00:00,2,6,51.31,52.99,21.46,30.02,23.38
2023-02-25 07:00:00,2,7,67.21,57.12,21.62,41.12,31.89
2023-02-25 08:00:00,2,8,45.9,35.6,17.13,34.74,20.38
2023-02-25 09:00:00,2,9,82.09,28.24,20.5,36.62,34.04
2023-02-25 10:00:00,2,10,100.71,47.69,23.32,26.88,29.67
2023-02-25 11:00:00,2,11,94.47,54.69,28.88,35.96,28.22
2023-02-25 12:00:00,2,12,65.83,67.88,18.59,25.58,13.42
2023-02-25 13:00:00,2,13,99.91,53.11,21.85,22.78,20.16
2023-02-25 14:00:00,2,14,73.07,44.44,19.86,36.31,21.07
2023-02-25 15:00:00,2,15,63.35,27.31,25.1,39.85,15.85
2023-02-25 16:00:00,2,16,57.83,36.57,18.29,31.41,16.63
2023-02-25 17:00:00,2,17,64.05,40.25,22.25,29.95,8.16
2023-02-25 18:00:00,2,18,62.33,47.3,18.19,41.23,22.12
2023-02-25 19:00:00,2,19,73.5,49.13,20.36,31.71,14.46
2023-02-25 20:00:00,2,20,73.31,29.24,20.93,32.35,19.37
2023-02-25 21:00:00,2,21,70.16,41.29,23.14,41.15,25.03
2023-02-25 22:00:00,2,22,78.83,64.33,18.85,30.91,18.56
2023-02-25 23:00:00,2,23,93.91,50.04,22.33,29.41,14.83
2023-02-26 00:00:00,2,0,89.09,51.88,21.04,36.76,21.37
2023-02-26 01:00:00,2,1,40.4,48.76,21.55,29.12,12.1
2023-02-26 02:00:00,2,2,19.02,37.67,22.92,31.96,2.28
2023-02-26 03:00:00,2,3,88.78,44.38,18.43,26.08,22.11
2023-02-26 04:00:00,2,4,42.76,44.07,22.62,33.61,12.03
2023-02-26 05:00:00,2,5,65.6,30.17,19.86,33.02,17.07
2023-02-26 06:00:00,2,6,46.69,50.27,23.19,37.52,16.35
2023-02-26 07:00:00,2,7,34.06,24.66,21.67,36.97,7.12
2023-02-26 08:00:00,2,8,80.93,50.01,20.58,35.44,25.91
2023-02-26 09:00:00,2,9,85.28,42.41,19.82,34.65,22.54
2023-02-26 10:00:00,2,10,58.57,46.11,22.65,32.31,28.46
2023-02-26 11:00:00,2,11,18.28,42.07,23.52,35.73,0.0
2023-02-26 12:00:00,2,12,59.17,38.86,19.93,27.12,11.59
2023-02-26 13:00:00,2,13,77.93,38.96,18.73,20.93,12.02
2023-02-26 14:00:00,2,14,40.52,50.83,22.39,38.49,6.24
2023-02-26 15:00:00,2,15,73.76,54.53,18.1,36.05,25.8
2023-02-26 16:00:00,2,16,69.79,18.27,18.39,32.04,16.5
2023-02-26 17:00:00,2,17,81.68,48.14,18.87,38.05,14.02
2023-02-26 18:00:00,2,18,72.49,36.31,20.17,29.02,21.02
2023-02-26 19:00:00,2,19,50.63,59.38,18.33,29.15,9.13
2023-02-26 20:00:00,2,20,94.03,46.1,17.12,28.46,21.79
2023-02-26 21:00:00,2,21,66.93,44.57,18.73,35.52,23.21
2023-02-26 22:00:00,2,22,69.55,38.57,22.28,24.76,12.54
2023-02-26 23:00:00,2,23,51.43,70.53,18.46,28.84,10.51
2023-02-27 00:00:00,2,0,61.23,41.64,20.32,34.13,29.75
2023-02-27 01:00:00,2,1,52.4,54.8,24.89,26.66,0.88
2023-02-27 02:00:00,2,2,66.64,40.06,20.9,29.38,9.89
2023-02-27 03:00:00,2,3,104.33,53.66,21.69,21.62,13.35
2023-02-27 04:00:00,2,4,42.66,51.86,19.11,35.71,21.65
2023-02-27 05:00:00,2,5,37.82,46.04,25.33,29.24,6.0
2023-02-27 06:00:00,2,6,99.52,53.82,19.92,27.18,23.76
2023-02-27 07:00:00,2,7,65.91,48.06,20.54,26.2,12.03
2023-02-27 08:00:00,2,8,56.71,55.24,23.63,30.59,17.48
2023-02-27 09:00:00,2,9,90.89,61.63,20.64,24.78,18.72
2023-02-27 10:00:00,2,10,57.98,33.12,21.1,42.39,21.76
2023-02-27 11:00:00,2,11,106.62,56.26,20.44,20.76,24.89
2023-02-27 12:00:00,2,12,83.65,45.09,20.45,30.43,23.43
2023-02-27 13:00:00,2,13,60.34,35.77,21.74,33.21,13.04
2023-02-27 14:00:00,2,14,113.24,49.45,22.11,28.8,28.76
2023-02-27 15:00:00,2,15,57.98,51.55,19.71,33.74,28.41
2023-02-27 16:00:00,2,16,84.94,41.04,19.47,28.68,23.14
2023-02-27 17:00:00,2,17,76.08,32.12,19.78,40.33,26.35
2023-02-27 18:00:00,2,18,96.13,54.99,18.2,27.09,14.86
2023-02-27 19:00:00,2,19,101.33,44.8,17.82,20.92,21.3
2023-02-27 20:00:00,2,20,70.74,60.63,21.59,26.19,19.81
2023-02-27 21:00:00,2,21,55.03,47.23,22.88,34.61,17.45
2023-02-27 22:00:00,2,22,79.3,42.96,22.74,32.09,21.79
2023-02-27 23:00:00,2,23,56.54,51.85,16.24,36.44,31.34
2023-02-28 00:00:00,2,0,110.36,47.87,20.51,35.19,36.66
2023-02-28 01:00:00,2,1,72.83,57.38,18.8,29.5,24.11
2023-02-28 02:00:00,2,2,62.79,42.53,21.29,30.23,16.16
2023-02-28 03:00:00,2,3,73.79,32.74,20.16,30.75,18.26
2023-02-28 04:00:00,2,4,43.15,54.27,22.18,42.1,18.31
2023-02-28 05:00:00,2,5,50.66,49.53,20.96,36.13,14.6
2023-02-28 06:00:00,2,6,94.1,38.28,17.21,42.14,32.81
2023-02-28 07:00:00,2,7,56.96,31.18,19.07,36.88,19.83
2023-02-28 08:00:00,2,8,49.16,58.23,21.01,32.36,10.7
2023-02-28 09:00:00,2,9,80.83,44.99,21.18,27.58,19.69
2023-02-28 10:00:00,2,10,93.81,40.47,18.19,33.69,26.75
2023-02-28 11:00:00,2,11,84.48,44.32,17.93,32.38,27.64
2023-02-28 12:00:00,2,12,90.02,68.07,21.11,32.21,21.12
2023-02-28 13:00:00,2,13,54.96,38.29,18.19,31.63,4.5
2023-02-28 14:00:00,2,14,41.66,28.11,17.66,22.42,6.23
2023-02-28 15:00:00,2,15,100.12,42.13,20.11,38.98,34.53
2023-02-28 16:00:00,2,16,63.64,53.61,20.02,32.43,22.03
2023-02-28 17:00:00,2,17,65.08,48.43,19.24,25.61,10.43
2023-02-28 18:00:00,2,18,96.66,25.6,19.59,35.09,30.99
2023-02-28 19:00:00,2,19,81.22,34.2,21.03,28.4,24.91
2023-02-28 20:00:00,2,20,79.21,36.9,19.56,35.49,27.2
2023-02-28 21:00:00,2,21,113.4,39.74,21.14,37.09,31.12
2023-02-28 22:00:00,2,22,57.23,49.91,20.24,37.78,14.61
2023-02-28 23:00:00,2,23,88.65,45.31,21.34,31.87,25.74
2023-03-01 00:00:00,3,0,51.14,50.78,26.76,27.93,20.04
2023-03-01 01:00:00,3,1,55.37,44.5,26.68,26.87,12.48
2023-03-01 02:00:00,3,2,80.57,34.91,27.58,26.39,16.9
2023-03-01 03:00:00,3,3,60.16,38.82,26.68,29.91,8.16
2023-03-01 04:00:00,3,4,60.77,64.19,25.48,28.95,12.85
2023-03-01 05:00:00,3,5,71.45,47.76,24.13,25.87,11.84
2023-03-01 06:00:00,3,6,42.7,42.63,24.22,24.28,8.78
2023-03-01 07:00:00,3,7,33.22,43.81,23.24,29.46,0.59
2023-03-01 08:00:00,3,8,29.1,56.29,25.01,27.83,5.11
2023-03-01 09:00:00,3,9,10.67,20.86,26.39,24.29,0.0
2023-03-01 10:00:00,3,10,91.12,62.77,23.55,34.15,30.65
2023-03-01 11:00:00,3,11,27.94,60.83,24.93,38.86,4.76
2023-03-01 12:00:00,3,12,45.57,47.66,23.65,34.81,10.37
2023-03-01 13:00:00,3,13,44.46,28.83,25.42,26.4,11.2
2023-03-01 14:00:00,3,14,56.15,58.36,23.9,29.75,11.66
2023-03-01 15:00:00,3,15,66.31,52.66,23.52,37.7,32.65
2023-03-01 16:00:00,3,16,67.21,39.23,23.64,24.13,18.18
2023-03-01 17:00:00,3,17,38.34,50.18,26.01,33.91,10.93
2023-03-01 18:00:00,3,18,46.66,53.35,24.81,22.76,10.7
2023-03-01 19:00:00,3,19,55.65,44.34,24.14,38.42,6.05
2023-03-01 20:00:00,3,20,45.03,47.27,25.52,27.85,16.61
2023-03-01 21:00:00,3,21,82.15,39.7,24.17,41.15,30.74
2023-03-01 22:00:00,3,22,59.82,37.09,27.25,38.64,18.91
2023-03-01 23:00:00,3,23,64.7,46.93,23.05,29.47,18.73
2023-03-02 00:00:00,3,0,63.26,47.08,24.63,26.4,17.37
2023-03-02 01:00:00,3,1,73.47,47.86,22.19,30.97,16.89
2023-03-02 02:00:00,3,2,53.62,45.11,24.31,29.1,14.91
2023-03-02 03:00:00,3,3,24.06,49.45,21.64,27.99,10.86
2023-03-02 04:00:00,3,4,57.99,50.01,26.49,21.71,12.77
2023-03-02 05:00:00,3,5,36.97,38.03,26.53,27.43,7.19
2023-03-02 06:00:00,3,6,39.43,34.84,26.57,24.45,9.52
2023-03-02 07:00:00,3,7,61.73,65.08,25.06,32.76,23.77
2023-03-02 08:00:00,3,8,74.77,49.9,23.24,34.96,25.71
2023-03-02 09:00:00,3,9,50.43,56.89,23.4,33.7,8.36
2023-03-02 10:00:00,3,10,56.18,53.11,28.06,31.71,17.79
2023-03-02 11:00:00,3,11,84.04,45.97,27.87,25.74,20.31
2023-03-02 12:00:00,3,12,54.82,43.31,25.25,31.03,20.0
2023-03-02 13:00:00,3,13,102.03,51.12,23.97,33.96,29.06
2023-03-02 14:00:00,3,14,61.31,69.13,27.74,27.07,11.99
2023-03-02 15:00:00,3,15,14.78,59.65,23.61,30.59,0.0
2023-03-02 16:00:00,3,16,65.07,41.04,25.46,29.27,12.41
2023-03-02 17:00:00,3,17,57.62,77.4,27.7,38.31,24.45
2023-03-02 18:00:00,3,18,75.8,38.13,23.33,34.26,22.64
2023-03-02 19:00:00,3,19,63.46,44.79,26.66,33.05,16.99
2023-03-02 20:00:00,3,20,47.23,36.84,26.04,21.42,14.91
2023-03-02 21:00:00,3,21,25.51,51.99,24.92,30.86,12.01
2023-03-02 22:00:00,3,22,45.82,70.61,23.01,29.22,7.49
2023-03-02 23:00:00,3,23,32.99,45.7,23.55,29.18,14.03
2023-03-03 00:00:00,3,0,38.39,37.25,25.58,22.18,0.0
2023-03-03 01:00:00,3,1,61.77,40.75,22.15,24.56,14.95
2023-03-03 02:00:00,3,2,83.4,56.63,25.26,29.66,22.33
2023-03-03 03:00:00,3,3,57.89,49.13,26.08,35.57,22.92
2023-03-03 04:00:00,3,4,26.08,55.33,26.97,27.05,7.79
2023-03-03 05:00:00,3,5,58.89,58.19,22.2,28.0,12.53
2023-03-03 06:00:00,3,6,73.93,40.45,27.63,38.91,23.16
2023-03-03 07:00:00,3,7,37.8,61.98,28.39,28.52,22.46
2023-03-03 08:00:00,3,8,47.32,58.94,25.82,29.36,12.0
2023-03-03 09:00:00,3,9,50.29,61.04,22.92,29.42,15.32
2023-03-03 10:00:00,3,10,34.3,64.9,24.34,23.27,0.0
2023-03-03 11:00:00,3,11,62.97,48.54,24.9,32.86,13.12
2023-03-03 12:00:00,3,12,47.58,38.38,25.54,26.74,13.2
2023-03-03 13:00:00,3,13,58.39,51.85,25.04,29.85,6.46
2023-03-03 14:00:00,3,14,32.25,65.06,25.56,32.22,11.41
2023-03-03 15:00:00,3,15,41.25,41.6,24.82,39.71,10.03
2023-03-03 16:00:00,3,16,64.45,33.14,25.53,23.41,7.41
2023-03-03 17:00:00,3,17,42.54,56.46,24.08,34.32,8.53
2023-03-03 18:00:00,3,18,84.54,54.79,24.32,34.34,31.85
2023-03-03 19:00:00,3,19,42.01,44.84,23.85,26.81,11.06
2023-03-03 20:00:00,3,20,54.49,33.78,28.83,33.0,10.44
2023-03-03 21:00:00,3,21,68.65,55.2,27.93,38.22,25.75
2023-03-03 22:00:00,3,22,21.63,63.32,26.11,26.18,8.87
2023-03-03 23:00:00,3,23,14.78,43.69,27.65,31.21,1.94
2023-03-04 00:00:00,3,0,19.49,42.01,26.6,32.02,10.0
2023-03-04 01:00:00,3,1,75.25,49.94,25.36,32.67,25.53
2023-03-04 02:00:00,3,2,38.96,55.58,21.99,33.85,15.25
2023-03-04 03:00:00,3,3,101.16,40.06,24.48,30.83,22.64
2023-03-04 04:00:00,3,4,38.72,44.72,24.33,32.57,4.62
2023-03-04 05:00:00,3,5,53.69,57.68,22.73,25.44,2.93
2023-03-04 06:00:00,3,6,80.84,49.51,22.03,30.82,17.5
2023-03-04 07:00:00,3,7,90.12,63.52,25.99,27.62,18.92
2023-03-04 08:00:00,3,8,91.23,43.14,25.65,23.85,16.71
2023-03-04 09:00:00,3,9,74.17,52.62,22.67,27.45,16.74
2023-03-04 10:00:00,3,10,70.48,54.36,23.51,31.35,27.09
2023-03-04 11:00:00,3,11,61.85,50.33,27.32,32.18,14.9
2023-03-04 12:00:00,3,12,65.57,49.6,23.24,23.66,12.69
2023-03-04 13:00:00,3,13,38.98,41.05,25.34,25.31,0.0
2023-03-04 14:00:00,3,14,33.64,44.09,24.62,33.62,20.57
2023-03-04 15:00:00,3,15,49.93,51.56,26.01,32.54,6.97
2023-03-04 16:00:00,3,16,46.6,42.36,23.29,34.44,9.85
2023-03-04 17:00:00,3,17,40.94,45.99,25.18,36.84,16.05
2023-03-04 18:00:00,3,18,63.93,54.27,25.34,32.69,18.66
2023-03-04 19:00:00,3,19,69.11,51.25,25.46,27.93,24.31
2023-03-04 20:00:00,3,20,51.77,51.48,25.16,30.57,16.8
2023-03-04 21:00:00,3,21,79.55,44.95,25.69,38.3,25.0
2023-03-04 22:00:00,3,22,27.17,53.67,29.38,43.82,15.15
2023-03-04 23:00:00,3,23,46.13,53.9,30.12,32.32,18.24
2023-03-05 00:00:00,3,0,35.66,30.31,23.72,32.68,6.42
2023-03-05 01:00:00,3,1,12.67,40.6,20.36,33.63,8.37
2023-03-05 02:00:00,3,2,48.35,57.61,26.19,30.12,11.03
2023-03-05 03:00:00,3,3,47.57,44.29,25.37,35.82,13.69
2023-03-05 04:00:00,3,4,80.27,48.82,27.12,35.04,24.17
2023-03-05 05:00:00,3,5,62.62,46.08,25.57,31.77,14.69
2023-03-05 06:00:00,3,6,29.52,48.63,25.12,28.41,4.82
2023-03-05 07:00:00,3,7,87.08,38.1,27.26,22.4,21.19
2023-03-05 08:00:00,3,8,74.42,46.54,27.54,33.66,13.24
2023-03-05 09:00:00,3,9,61.64,50.62,22.23,31.06,10.66
2023-03-05 10:00:00,3,10,45.47,39.58,23.37,26.31,13.35
2023-03-05 11:00:00,3,11,30.81,47.67,24.79,24.35,5.89
2023-03-05 12:00:00,3,12,42.56,48.79,25.2,33.31,16.78
2023-03-05 13:00:00,3,13,71.77,46.86,24.55,21.99,14.95
2023-03-05 14:00:00,3,14,87.69,50.94,25.87,31.5,16.36
2023-03-05 15:00:00,3,15,80.86,49.91,26.99,34.22,23.39
2023-03-05 16:00:00,3,16,40.22,55.87,28.45,32.75,13.66
2023-03-05 17:00:00,3,17,27.61,57.51,26.16,28.05,7.63
2023-03-05 18:00:00,3,18,52.82,59.99,23.3,23.75,8.12
2023-03-05 19:00:00,3,19,14.63,63.92,24.71,32.94,2.65
2023-03-05 20:00:00,3,20,56.46,58.8,24.85,36.0,14.15
2023-03-05 21:00:00,3,21,47.05,51.74,26.03,27.14,4.02
2023-03-05 22:00:00,3,22,40.68,48.97,25.78,32.53,3.72
2023-03-05 23:00:00,3,23,18.11,52.71,29.1,37.91,7.67
2023-03-06 00:00:00,3,0,60.27,73.56,24.08,31.69,11.57
2023-03-06 01:00:00,3,1,39.35,34.25,25.77,28.02,12.07
2023-03-06 02:00:00,3,2,26.6,39.14,29.71,35.2,4.83
2023-03-06 03:00:00,3,3,7.45,45.54,23.83,26.31,0.0
2023-03-06 04:00:00,3,4,49.45,30.93,25.29,23.51,7.65
2023-03-06 05:00:00,3,5,85.45,59.77,23.11,34.06,34.74
2023-03-06 06:00:00,3,6,83.23,31.12,25.16,27.97,18.93
2023-03-06 07:00:00,3,7,40.86,59.65,23.44,28.42,12.91
2023-03-06 08:00:00,3,8,37.96,47.61,27.09,26.87,9.35
2023-03-06 09:00:00,3,9,59.38,62.74,25.29,27.64,6.66
2023-03-06 10:00:00,3,10,30.03,49.85,23.13,37.02,16.51
2023-03-06 11:00:00,3,11,56.04,46.14,26.68,38.31,16.66
2023-03-06 12:00:00,3,12,65.32,51.55,25.36,38.97,14.68
2023-03-06 13:00:00,3,13,74.54,42.86,26.91,35.45,19.47
2023-03-06 14:00:00,3,14,48.0,49.01,22.7,32.33,11.91
2023-03-06 15:00:00,3,15,45.93,55.22,25.74,22.84,12.49
2023-03-06 16:00:00,3,16,32.44,55.67,26.55,29.06,4.46
2023-03-06 17:00:00,3,17,33.46,41.89,24.15,40.78,24.48
2023-03-06 18:00:00,3,18,45.47,56.54,22.48,27.82,5.86
2023-03-06 19:00:00,3,19,57.35,40.85,24.92,37.57,21.03
2023-03-06 20:00:00,3,20,68.27,37.77,27.46,30.28,7.37
2023-03-06 21:00:00,3,21,33.94,66.69,27.25,16.61,4.08
2023-03-06 22:00:00,3,22,79.85,38.67,24.14,33.2,23.94
2023-03-06 23:00:00,3,23,44.58,29.4,22.43,36.33,7.91
2023-03-07 00:00:00,3,0,49.57,47.48,24.14,29.76,19.79
2023-03-07 01:00:00,3,1,35.06,44.01,24.06,36.17,12.74
2023-03-07 02:00:00,3,2,1.52,39.63,25.89,21.66,0.0
2023-03-07 03:00:00,3,3,67.68,52.75,24.79,23.07,15.14
2023-03-07 04:00:00,3,4,64.74,48.18,23.49,31.02,13.78
2023-03-07 05:00:00,3,5,44.37,63.14,27.21,32.39,18.24
2023-03-07 06:00:00,3,6,51.34,48.61,25.28,36.78,20.82
2023-03-07 07:00:00,3,7,60.32,45.02,25.87,33.19,18.56
2023-03-07 08:00:00,3,8,18.75,44.84,21.55,24.03,6.82
2023-03-07 09:00:00,3,9,39.42,39.35,20.15,31.07,2.83
2023-03-07 10:00:00,3,10,65.89,57.75,22.12,33.0,25.47
2023-03-07 11:00:00,3,11,24.91,55.33,24.04,20.63,3.79
2023-03-07 12:00:00,3,12,55.87,31.04,26.15,29.78,19.0
2023-03-07 13:00:00,3,13,22.87,51.5,20.32,28.32,9.15
2023-03-07 14:00:00,3,14,59.33,48.0,28.19,26.73,18.27
2023-03-07 15:00:00,3,15,49.29,50.67,25.34,32.49,8.12
2023-03-07 16:00:00,3,16,17.7,58.22,27.72,24.25,0.0
2023-03-07 17:00:00,3,17,73.29,33.76,23.23,32.08,30.85
2023-03-07 18:00:00,3,18,35.31,55.28,26.01,32.8,2.06
2023-03-07 19:00:00,3,19,33.79,61.27,25.17,35.42,4.49
2023-03-07 20:00:00,3,20,54.01,54.51,26.64,24.38,11.2
2023-03-07 21:00:00,3,21,72.97,70.02,24.53,22.47,13.9
2023-03-07 22:00:00,3,22,29.68,56.51,25.95,31.39,5.07
2023-03-07 23:00:00,3,23,51.23,59.68,27.2,28.57,15.29
2023-03-08 00:00:00,3,0,58.58,43.83,23.7,44.51,26.25
2023-03-08 01:00:00,3,1,63.86,56.73,25.48,32.29,17.11
2023-03-08 02:00:00,3,2,53.53,41.12,21.22,30.29,12.18
2023-03-08 03:00:00,3,3,42.66,36.02,26.41,29.14,10.25
2023-03-08 04:00:00,3,4,33.45,42.19,28.91,23.91,4.18
2023-03-08 05:00:00,3,5,51.72,52.15,22.51,32.82,5.66
2023-03-08 06:00:00,3,6,28.56,48.59,24.82,29.6,8.55
2023-03-08 07:00:00,3,7,8.43,65.25,26.76,29.61,5.91
2023-03-08 08:00:00,3,8,58.73,51.34,25.06,30.47,14.15
2023-03-08 09:00:00,3,9,68.08,58.6,25.33,31.11,6.33
2023-03-08 10:00:00,3,10,2.74,43.06,24.22,21.3,0.0
2023-03-08 11:00:00,3,11,29.81,24.27,24.14,34.19,13.02
2023-03-08 12:00:00,3,12,62.38,45.0,24.83,25.77,6.21
2023-03-08 13:00:00,3,13,91.15,69.91,25.08,29.31,25.76
2023-03-08 14:00:00,3,14,50.42,53.61,22.64,36.43,13.09
2023-03-08 15:00:00,3,15,35.44,48.78,24.87,38.9,11.4
2023-03-08 16:00:00,3,16,46.34,49.13,28.14,21.5,4.88
2023-03-08 17:00:00,3,17,77.5,57.31,24.16,30.15,13.81
2023-03-08 18:00:00,3,18,37.08,47.55,22.53,31.36,16.87
2023-03-08 19:00:00,3,19,34.02,62.43,24.7,22.46,10.45
2023-03-08 20:00:00,3,20,40.35,59.45,23.57,34.01,14.67
2023-03-08 21:00:00,3,21,30.93,43.54,22.32,30.58,12.43
2023-03-08 22:00:00,3,22,52.45,60.16,25.28,30.97,16.06
2023-03-08 23:00:00,3,23,82.49,44.62,23.58,25.41,22.2
2023-03-09 00:00:00,3,0,56.46,63.69,23.75,32.06,11.78
2023-03-09 01:00:00,3,1,44.95,32.35,25.31,34.19,19.7
2023-03-09 02:00:00,3,2,44.16,57.74,21.93,30.64,17.72
2023-03-09 03:00:00,3,3,18.74,52.24,21.52,27.43,6.19
2023-03-09 04:00:00,3,4,67.66,46.69,26.34,27.82,14.26
2023-03-09 05:00:00,3,5,48.44,55.65,21.14,31.1,6.45
2023-03-09 06:00:00,3,6,46.39,48.57,23.05,30.24,12.84
2023-03-09 07:00:00,3,7,113.86,44.25,21.4,34.52,41.2
2023-03-09 08:00:00,3,8,55.98,40.39,24.03,27.6,7.08
2023-03-09 09:00:00,3,9,34.96,42.09,25.86,23.91,12.06
2023-03-09 10:00:00,3,10,41.47,51.72,25.22,31.8,8.64
2023-03-09 11:00:00,3,11,72.97,51.47,29.78,27.61,14.87
2023-03-09 12:00:00,3,12,52.27,26.51,27.17,33.92,8.9
2023-03-09 13:00:00,3,13,21.23,40.5,23.14,30.04,1.56
2023-03-09 14:00:00,3,14,68.38,59.22,22.61,33.27,22.21
2023-03-09 15:00:00,3,15,36.64,49.0,30.41,24.93,11.47
2023-03-09 16:00:00,3,16,87.47,53.35,27.13,30.72,23.58
2023-03-09 17:00:00,3,17,71.6,51.35,26.18,26.5,13.32
2023-03-09 18:00:00,3,18,41.05,62.29,25.15,23.9,2.66
2023-03-09 19:00:00,3,19,75.62,54.12,25.55,25.69,16.51
2023-03-09 20:00:00,3,20,51.36,31.88,22.04,27.28,9.86
2023-03-09 21:00:00,3,21,67.06,44.21,25.31,36.22,21.31
2023-03-09 22:00:00,3,22,59.69,74.91,25.14,27.15,11.91
2023-03-09 23:00:00,3,23,33.07,37.83,23.19,23.64,5.04
2023-03-10 00:00:00,3,0,37.13,39.1,23.92,30.66,10.29
2023-03-10 01:00:00,3,1,70.6,53.59,28.03,30.15,19.51
2023-03-10 02:00:00,3,2,43.3,42.83,24.75,27.54,16.06
2023-03-10 03:00:00,3,3,41.93,58.59,29.14,29.19,8.52
2023-03-10 04:00:00,3,4,30.9,54.7,21.52,34.88,11.71
2023-03-10 05:00:00,3,5,58.47,35.01,23.96,33.35,25.28
2023-03-10 06:00:00,3,6,91.25,52.72,21.91,32.92,27.91
2023-03-10 07:00:00,3,7,28.65,68.7,22.58,24.08,11.57
2023-03-10 08:00:00,3,8,50.48,50.63,23.34,44.43,15.6
2023-03-10 09:00:00,3,9,78.24,50.79,25.63,35.26,19.4
2023-03-10 10:00:00,3,10,48.41,38.02,25.53,32.59,12.36
2023-03-10 11:00:00,3,11,59.05,49.86,23.64,24.18,11.64
2023-03-10 12:00:00,3,12,28.75,54.22,20.54,34.74,13.68
2023-03-10 13:00:00,3,13,58.57,39.55,27.96,27.49,9.78
2023-03-10 14:00:00,3,14,46.26,48.79,24.43,29.03,10.75
2023-03-10 15:00:00,3,15,69.71,57.5,22.77,21.6,17.93
2023-03-10 16:00:00,3,16,73.75,38.45,25.55,23.79,15.71
2023-03-10 17:00:00,3,17,101.79,48.06,25.41,32.19,27.27
2023-03-10 18:00:00,3,18,61.59,49.97,24.35,35.03,19.18
2023-03-10 19:00:00,3,19,56.52,48.22,25.3,33.42,10.11
2023-03-10 20:00:00,3,20,53.89,60.71,22.69,33.25,9.22
2023-03-10 21:00:00,3,21,42.94,55.28,26.52,29.68,2.68
2023-03-10 22:00:00,3,22,56.77,49.96,23.01,27.97,14.27
2023-03-10 23:00:00,3,23,44.09,51.95,23.79,31.44,16.16
2023-03-11 00:00:00,3,0,53.37,37.28,26.3,34.11,19.01
2023-03-11 01:00:00,3,1,76.35,47.83,27.41,30.02,24.83
2023-03-11 02:00:00,3,2,29.87,41.45,28.17,36.05,16.25
2023-03-11 03:00:00,3,3,72.8,49.91,27.11,28.92,18.28
2023-03-11 04:00:00,3,4,76.34,39.44,24.35,25.1,15.65
2023-03-11 05:00:00,3,5,47.64,46.02,21.92,29.95,19.28
2023-03-11 06:00:00,3,6,7.56,49.87,27.81,30.53,0.0
2023-03-11 07:00:00,3,7,37.84,50.13,27.74,29.59,3.44
2023-03-11 08:00:00,3,8,75.94,59.54,23.66,36.4,21.36
2023-03-11 09:00:00,3,9,49.54,44.93,26.84,34.03,11.78
2023-03-11 10:00:00,3,10,30.01,50.4,24.34,22.85,5.96
2023-03-11 11:00:00,3,11,39.9,55.02,28.0,37.67,8.28
2023-03-11 12:00:00,3,12,66.81,38.94,23.97,16.29,10.93
2023-03-11 13:00:00,3,13,60.93,62.5,28.96,40.76,17.86
2023-03-11 14:00:00,3,14,45.22,54.22,26.57,28.56,16.91
2023-03-11 15:00:00,3,15,42.66,39.72,28.6,29.05,4.36
2023-03-11 16:00:00,3,16,42.16,46.84,24.07,29.7,9.74
2023-03-11 17:00:00,3,17,31.55,50.48,25.81,31.93,6.72
2023-03-11 18:00:00,3,18,82.31,47.49,23.06,30.0,21.74
2023-03-11 19:00:00,3,19,43.55,48.21,26.69,29.33,15.29
2023-03-11 20:00:00,3,20,74.34,65.17,26.8,36.54,23.99
2023-03-11 21:00:00,3,21,80.43,53.49,29.79,32.83,21.37
2023-03-11 22:00:00,3,22,69.97,33.83,25.96,25.21,18.16
2023-03-11 23:00:00,3,23,41.37,56.59,26.45,33.7,15.84
2023-03-12 00:00:00,3,0,58.07,53.18,24.06,32.62,17.14
2023-03-12 01:00:00,3,1,49.52,55.42,26.08,27.27,13.2
2023-03-12 02:00:00,3,2,31.93,50.87,24.24,33.96,12.27
2023-03-12 03:00:00,3,3,56.49,55.83,25.23,29.21,5.54
2023-03-12 04:00:00,3,4,26.42,45.13,25.35,28.89,4.61
2023-03-12 05:00:00,3,5,73.75,48.03,24.3,28.76,19.57
2023-03-12 06:00:00,3,6,40.71,42.26,25.13,17.86,4.6
2023-03-12 07:00:00,3,7,54.02,60.51,24.25,27.37,10.89
2023-03-12 08:00:00,3,8,55.67,53.4,24.24,33.57,17.45
2023-03-12 09:00:00,3,9,44.82,52.26,27.15,29.89,13.16
2023-03-12 10:00:00,3,10,61.73,45.44,25.35,23.57,14.47
2023-03-12 11:00:00,3,11,40.5,57.93,25.69,34.82,7.8
2023-03-12 12:00:00,3,12,67.43,40.84,22.09,28.51,8.94
2023-03-12 13:00:00,3,13,23.08,38.14,25.85,23.89,8.62
2023-03-12 14:00:00,3,14,52.53,59.89,26.06,41.03,14.26
2023-03-12 15:00:00,3,15,88.78,54.91,24.2,24.73,14.25
2023-03-12 16:00:00,3,16,29.99,55.32,29.17,34.4,4.09
2023-03-12 17:00:00,3,17,36.45,23.68,20.42,26.15,13.7
2023-03-12 18:00:00,3,18,60.28,54.3,26.57,30.68,16.48
2023-03-12 19:00:00,3,19,53.59,33.22,26.43,25.49,13.1
2023-03-12 20:00:00,3,20,57.01,62.67,26.08,23.8,14.76
2023-03-12 21:00:00,3,21,59.78,59.9,25.35,32.61,16.04
2023-03-12 22:00:00,3,22,62.69,56.87,26.1,32.03,21.81
2023-03-12 23:00:00,3,23,72.19,58.46,26.74,35.72,15.52
2023-03-13 00:00:00,3,0,58.2,52.68,23.55,29.83,9.05
2023-03-13 01:00:00,3,1,45.17,57.09,25.6,41.1,9.78
2023-03-13 02:00:00,3,2,63.45,58.19,24.63,31.34,18.69
2023-03-13 03:00:00,3,3,88.0,38.42,22.81,32.83,26.62
2023-03-13 04:00:00,3,4,47.35,37.76,26.43,23.21,6.8
2023-03-13 05:00:00,3,5,30.51,40.51,23.87,26.93,5.69
2023-03-13 06:00:00,3,6,72.14,44.76,22.0,32.6,25.95
2023-03-13 07:00:00,3,7,47.59,49.07,23.92,29.58,8.27
2023-03-13 08:00:00,3,8,6.55,54.97,23.4,30.94,3.17
2023-03-13 09:00:00,3,9,66.95,59.53,27.06,25.92,11.04
2023-03-13 10:00:00,3,10,39.29,46.37,25.31,30.61,15.51
2023-03-13 11:00:00,3,11,48.19,61.74,27.76,30.59,15.44
2023-03-13 12:00:00,3,12,56.64,59.94,23.67,24.1,4.39
2023-03-13 13:00:00,3,13,53.81,38.47,26.75,33.21,13.6
2023-03-13 14:00:00,3,14,64.19,30.99,30.68,21.5,1.11
2023-03-13 15:00:00,3,15,41.29,46.07,25.71,30.92,15.15
2023-03-13 16:00:00,3,16,60.26,38.94,26.72,38.83,29.75
2023-03-13 17:00:00,3,17,44.81,52.46,26.39,33.4,1.58
2023-03-13 18:00:00,3,18,64.78,63.38,22.16,33.37,10.89
2023-03-13 19:00:00,3,19,62.31,43.88,26.17,25.51,14.09
2023-03-13 20:00:00,3,20,31.29,44.31,25.61,38.85,10.04
2023-03-13 21:00:00,3,21,71.72,49.28,24.48,36.88,20.0
2023-03-13 22:00:00,3,22,39.28,52.42,23.23,25.78,0.0
2023-03-13 23:00:00,3,23,66.16,40.38,26.39,27.63,16.86
2023-03-14 00:00:00,3,0,57.35,59.86,23.06,36.27,21.78
2023-03-14 01:00:00,3,1,86.76,57.74,29.27,38.98,42.44
2023-03-14 02:00:00,3,2,45.53,60.08,25.23,23.68,15.53
2023-03-14 03:00:00,3,3,43.01,49.15,22.55,24.98,2.47
2023-03-14 04:00:00,3,4,49.61,60.88,23.97,29.28,12.05
2023-03-14 05:00:00,3,5,43.94,56.84,24.44,19.14,9.97
2023-03-14 06:00:00,3,6,66.0,57.06,29.82,30.1,13.12
2023-03-14 07:00:00,3,7,17.67,52.61,23.23,35.93,9.19
2023-03-14 08:00:00,3,8,28.93,64.87,24.77,22.81,9.02
2023-03-14 09:00:00,3,9,28.64,49.13,23.92,30.64,13.5
2023-03-14 10:00:00,3,10,69.01,37.53,26.0,27.09,19.6
2023-03-14 11:00:00,3,11,84.21,48.65,23.96,38.2,28.25
2023-03-14 12:00:00,3,12,47.91,34.59,22.72,27.15,7.66
2023-03-14 13:00:00,3,13,46.62,36.66,24.61,37.59,8.15
2023-03-14 14:00:00,3,14,51.4,42.22,24.4,27.01,12.67
2023-03-14 15:00:00,3,15,73.24,49.25,23.82,33.86,18.66
2023-03-14 16:00:00,3,16,31.45,49.77,23.92,31.26,6.66
2023-03-14 17:00:00,3,17,54.77,42.36,27.37,29.31,18.99
2023-03-14 18:00:00,3,18,69.5,53.92,24.36,26.05,21.94
2023-03-14 19:00:00,3,19,60.02,68.83,22.73,31.62,9.65
2023-03-14 20:00:00,3,20,53.79,45.08,24.08,27.8,11.42
2023-03-14 21:00:00,3,21,70.02,61.31,25.11,26.55,13.34
2023-03-14 22:00:00,3,22,4.06,59.62,22.33,37.36,2.84
2023-03-14 23:00:00,3,23,63.56,50.0,28.25,32.74,6.02
2023-03-15 00:00:00,3,0,36.92,50.95,26.74,33.22,2.92
2023-03-15 01:00:00,3,1,13.39,64.12,27.86,28.04,2.54
2023-03-15 02:00:00,3,2,60.22,48.35,25.78,29.07,18.53
2023-03-15 03:00:00,3,3,77.47,40.34,20.81,28.76,18.95
2023-03-15 04:00:00,3,4,47.25,61.28,28.07,31.69,15.84
2023-03-15 05:00:00,3,5,69.06,37.28,23.27,33.21,20.11
2023-03-15 06:00:00,3,6,82.25,65.6,23.44,29.85,26.85
2023-03-15 07:00:00,3,7,76.3,28.83,25.31,26.04,23.99
2023-03-15 08:00:00,3,8,82.8,54.11,27.76,33.8,19.54
2023-03-15 09:00:00,3,9,64.84,48.54,27.11,30.17,20.73
2023-03-15 10:00:00,3,10,51.51,68.92,26.81,22.8,12.33
2023-03-15 11:00:00,3,11,17.96,50.62,24.38,19.32,15.42
2023-03-15 12:00:00,3,12,45.08,47.72,24.34,31.49,7.85
2023-03-15 13:00:00,3,13,33.14,50.86,25.69,25.85,6.56
2023-03-15 14:00:00,3,14,93.42,55.63,24.74,32.16,19.89
2023-03-15 15:00:00,3,15,46.48,59.47,26.78,26.12,5.26
2023-03-15 16:00:00,3,16,52.46,38.69,26.66,30.67,15.34
2023-03-15 17:00:00,3,17,61.03,49.69,26.18,28.11,15.33
2023-03-15 18:00:00,3,18,50.87,34.59,19.95,38.76,19.15
2023-03-15 19:00:00,3,19,83.9,55.26,25.26,34.75,26.91
2023-03-15 20:00:00,3,20,37.55,54.35,24.78,36.74,10.32
2023-03-15 21:00:00,3,21,53.89,41.84,25.34,30.12,12.32
2023-03-15 22:00:00,3,22,35.15,66.23,23.49,34.11,5.14
2023-03-15 23:00:00,3,23,23.6,62.13,22.35,30.46,2.49
2023-03-16 00:00:00,3,0,37.76,39.03,25.93,37.35,11.48
2023-03-16 01:00:00,3,1,49.26,61.72,24.29,29.64,13.16
2023-03-16 02:00:00,3,2,41.41,68.19,26.15,23.01,11.5
2023-03-16 03:00:00,3,3,36.15,31.31,23.66,20.01,9.08
2023-03-16 04:00:00,3,4,21.87,63.94,27.83,38.34,14.78
2023-03-16 05:00:00,3,5,48.34,48.16,27.0,32.39,8.19
2023-03-16 06:00:00,3,6,19.91,49.31,25.59,32.72,4.27
2023-03-16 07:00:00,3,7,65.2,78.11,24.57,37.45,15.93
2023-03-16 08:00:00,3,8,51.65,52.67,26.7,21.74,15.75
2023-03-16 09:00:00,3,9,20.85,45.52,25.79,28.21,2.39
2023-03-16 10:00:00,3,10,43.82,46.46,25.48,28.82,16.3
2023-03-16 11:00:00,3,11,34.96,40.96,27.09,33.71,17.09
2023-03-16 12:00:00,3,12,56.38,53.87,27.85,26.54,14.54
2023-03-16 13:00:00,3,13,76.81,42.87,22.5,23.99,16.83
2023-03-16 14:00:00,3,14,12.5,56.89,22.9,23.95,2.69
2023-03-16 15:00:00,3,15,52.3,64.1,23.44,35.75,14.0
2023-03-16 16:00:00,3,16,46.8,62.98,22.0,26.29,8.07
2023-03-16 17:00:00,3,17,63.43,64.62,24.87,27.24,13.67
2023-03-16 18:00:00,3,18,54.26,39.9,26.2,33.17,24.13
2023-03-16 19:00:00,3,19,34.96,65.15,24.96,26.51,2.52
2023-03-16 20:00:00,3,20,43.62,47.26,23.93,21.48,8.83
2023-03-16 21:00:00,3,21,34.08,52.66,27.25,22.09,9.83
2023-03-16 22:00:00,3,22,71.52,51.03,25.28,29.72,16.3
2023-03-16 23:00:00,3,23,50.43,36.36,25.69,32.49,15.74
2023-03-17 00:00:00,3,0,88.02,54.38,27.31,28.99,13.75
2023-03-17 01:00:00,3,1,48.79,43.88,24.75,32.15,19.71
2023-03-17 02:00:00,3,2,35.83,49.62,29.12,21.94,12.21
2023-03-17 03:00:00,3,3,19.73,51.52,24.1,22.27,3.17
2023-03-17 04:00:00,3,4,13.94,27.0,29.0,41.27,0.4
2023-03-17 05:00:00,3,5,18.32,64.41,23.05,36.16,9.49
2023-03-17 06:00:00,3,6,55.34,37.11,26.03,33.84,9.88
2023-03-17 07:00:00,3,7,60.17,43.44,23.71,26.7,8.37
2023-03-17 08:00:00,3,8,18.38,54.8,27.24,28.81,4.15
2023-03-17 09:00:00,3,9,67.9,33.71,24.04,29.99,24.57
2023-03-17 10:00:00,3,10,40.34,68.48,25.58,36.57,15.5
2023-03-17 11:00:00,3,11,52.94,55.22,23.7,32.01,10.9
2023-03-17 12:00:00,3,12,82.24,62.08,26.87,32.63,13.97
2023-03-17 13:00:00,3,13,67.94,45.88,23.69,29.16,16.73
2023-03-17 14:00:00,3,14,44.63,61.13,28.37,33.96,13.9
2023-03-17 15:00:00,3,15,32.18,45.67,23.01,31.51,8.09
2023-03-17 16:00:00,3,16,6.96,51.86,22.31,30.22,10.79
2023-03-17 17:00:00,3,17,35.62,54.79,26.9,26.28,7.15
2023-03-17 18:00:00,3,18,45.78,46.11,23.82,29.43,0.0
2023-03-17 19:00:00,3,19,30.26,52.69,24.99,24.6,4.17
2023-03-17 20:00:00,3,20,47.37,60.89,24.36,29.8,14.04
2023-03-17 21:00:00,3,21,51.54,21.99,22.37,30.44,15.02
2023-03-17 22:00:00,3,22,45.5,54.87,24.85,17.98,5.94
2023-03-17 23:00:00,3,23,37.0,72.18,27.53,28.85,7.19
2023-03-18 00:00:00,3,0,53.37,58.42,27.01,24.12,0.74
2023-03-18 01:00:00,3,1,58.84,62.67,25.46,32.49,16.37
2023-03-18 02:00:00,3,2,28.19,41.74,27.22,33.19,6.11
2023-03-18 03:00:00,3,3,78.22,46.78,22.88,27.87,19.42
2023-03-18 04:00:00,3,4,48.03,46.01,24.35,32.75,15.57
2023-03-18 05:00:00,3,5,50.38,53.7,25.79,32.96,20.05
2023-03-18 06:00:00,3,6,64.16,52.79,24.74,28.85,10.66
2023-03-18 07:00:00,3,7,54.66,53.71,24.51,37.67,10.7
2023-03-18 08:00:00,3,8,69.06,50.81,22.6,26.37,12.32
2023-03-18 09:00:00,3,9,55.74,41.65,20.84,37.36,13.69
2023-03-18 10:00:00,3,10,37.75,46.64,26.64,28.87,4.96
2023-03-18 11:00:00,3,11,57.23,45.0,25.49,25.78,19.53
2023-03-18 12:00:00,3,12,27.13,45.0,26.8,28.24,7.13
2023-03-18 13:00:00,3,13,52.17,41.16,24.13,24.5,20.52
2023-03-18 14:00:00,3,14,49.34,47.12,23.57,33.92,13.94
2023-03-18 15:00:00,3,15,45.84,46.41,25.01,21.99,2.54
2023-03-18 16:00:00,3,16,47.43,38.11,26.71,36.95,10.57
2023-03-18 17:00:00,3,17,12.36,56.65,24.54,25.32,7.73
2023-03-18 18:00:00,3,18,39.03,58.56,26.6,34.18,5.45
2023-03-18 19:00:00,3,19,51.86,61.86,22.99,30.12,15.81
2023-03-18 20:00:00,3,20,53.2,48.17,24.68,31.35,12.12
2023-03-18 21:00:00,3,21,29.45,68.54,24.86,27.05,1.99
2023-03-18 22:00:00,3,22,75.31,45.38,27.45,31.76,26.88
2023-03-18 23:00:00,3,23,32.68,51.09,25.42,30.67,5.42
2023-03-19 00:00:00,3,0,69.39,38.65,28.49,22.71,9.0
2023-03-19 01:00:00,3,1,58.54,56.72,22.3,25.19,11.9
2023-03-19 02:00:00,3,2,37.08,52.03,25.26,27.3,5.9
2023-03-19 03:00:00,3,3,85.51,38.78,25.36,26.23,29.77
2023-03-19 04:00:00,3,4,26.13,36.17,26.24,36.26,13.2
2023-03-19 05:00:00,3,5,68.38,56.8,23.37,30.04,14.17
2023-03-19 06:00:00,3,6,70.01,48.18,28.37,26.11,12.86
2023-03-19 07:00:00,3,7,36.59,47.06,25.03,27.55,0.0
2023-03-19 08:00:00,3,8,77.85,46.26,22.83,27.48,18.52
2023-03-19 09:00:00,3,9,45.0,52.63,24.97,28.56,6.98
2023-03-19 10:00:00,3,10,55.77,37.19,24.37,24.62,11.89
2023-03-19 11:00:00,3,11,55.21,68.9,30.57,25.93,2.11
2023-03-19 12:00:00,3,12,47.31,54.21,27.1,33.83,13.21
2023-03-19 13:00:00,3,13,66.22,45.52,25.1,30.93,25.57
2023-03-19 14:00:00,3,14,65.87,45.43,24.78,29.24,16.33
2023-03-19 15:00:00,3,15,15.03,36.47,26.9,30.01,0.0
2023-03-19 16:00:00,3,16,76.09,38.02,27.0,29.77,18.79
2023-03-19 17:00:00,3,17,16.75,52.86,19.18,28.95,3.72
2023-03-19 18:00:00,3,18,70.65,37.0,26.29,32.59,30.16
2023-03-19 19:00:00,3,19,72.53,57.14,25.06,32.22,17.82
2023-03-19 20:00:00,3,20,28.18,40.69,22.38,22.14,0.0
2023-03-19 21:00:00,3,21,41.78,31.89,26.76,29.34,10.33
2023-03-19 22:00:00,3,22,27.89,37.85,29.49,22.47,6.2
2023-03-19 23:00:00,3,23,45.7,48.94,26.11,33.18,15.45
2023-03-20 00:00:00,3,0,43.84,53.32,27.2,33.84,16.15
2023-03-20 01:00:00,3,1,65.59,65.29,28.61,26.95,24.52
2023-03-20 02:00:00,3,2,76.21,46.89,23.34,29.42,15.71
2023-03-20 03:00:00,3,3,77.91,61.15,21.28,19.44,9.2
2023-03-20 04:00:00,3,4,38.76,57.93,26.31,34.86,2.0
2023-03-20 05:00:00,3,5,45.82,61.91,24.5,33.55,16.12
2023-03-20 06:00:00,3,6,16.33,54.6,22.25,35.75,0.43
2023-03-20 07:00:00,3,7,33.88,50.28,24.84,37.43,15.03
2023-03-20 08:00:00,3,8,69.3,47.26,26.46,23.88,11.34
2023-03-20 09:00:00,3,9,82.31,56.01,24.7,34.44,32.27
2023-03-20 10:00:00,3,10,25.31,39.31,23.43,37.4,0.73
2023-03-20 11:00:00,3,11,38.15,52.08,24.55,22.53,12.28
2023-03-20 12:00:00,3,12,49.47,57.88,24.96,29.14,16.54
2023-03-20 13:00:00,3,13,55.6,47.74,21.14,28.18,15.7
2023-03-20 14:00:00,3,14,33.81,30.36,24.71,34.28,4.08
2023-03-20 15:00:00,3,15,58.48,46.65,22.31,18.03,11.45
2023-03-20 16:00:00,3,16,40.52,53.63,26.32,39.08,13.84
2023-03-20 17:00:00,3,17,49.71,65.27,21.88,29.44,3.05
2023-03-20 18:00:00,3,18,60.93,52.19,27.03,34.58,25.36
2023-03-20 19:00:00,3,19,50.13,47.65,24.18,29.7,10.69
2023-03-20 20:00:00,3,20,41.27,53.88,23.91,32.46,18.58
2023-03-20 21:00:00,3,21,47.81,66.65,25.59,18.39,6.99
2023-03-20 22:00:00,3,22,48.23,58.51,23.27,28.08,16.2
2023-03-20 23:00:00,3,23,42.6,35.45,25.56,34.24,7.86
2023-03-21 00:00:00,3,0,44.82,35.66,23.54,31.44,12.82
2023-03-21 01:00:00,3,1,81.97,58.87,23.89,21.82,15.63
2023-03-21 02:00:00,3,2,61.22,43.27,25.81,30.31,13.85
2023-03-21 03:00:00,3,3,44.09,61.79,22.72,25.91,5.18
2023-03-21 04:00:00,3,4,63.94,35.96,22.47,25.47,0.0
2023-03-21 05:00:00,3,5,43.32,47.55,25.5,22.4,3.86
2023-03-21 06:00:00,3,6,73.46,40.5,24.95,33.09,23.77
2023-03-21 07:00:00,3,7,57.39,67.15,25.34,35.57,10.04
2023-03-21 08:00:00,3,8,47.85,43.22,25.66,40.6,10.26
2023-03-21 09:00:00,3,9,58.95,50.08,25.11,22.63,3.95
2023-03-21 10:00:00,3,10,18.58,41.48,26.22,33.84,6.29
2023-03-21 11:00:00,3,11,27.46,40.85,25.19,34.17,3.36
2023-03-21 12:00:00,3,12,26.12,49.34,20.99,27.1,12.0
2023-03-21 13:00:00,3,13,52.86,56.01,21.5,25.41,14.87
2023-03-21 14:00:00,3,14,84.65,42.2,28.86,24.57,18.34
2023-03-21 15:00:00,3,15,94.63,50.6,25.0,27.36,23.11
2023-03-21 16:00:00,3,16,62.76,58.73,26.9,31.01,12.42
2023-03-21 17:00:00,3,17,60.02,59.2,24.31,36.8,14.6
2023-03-21 18:00:00,3,18,13.98,64.77,24.88,35.53,7.7
2023-03-21 19:00:00,3,19,39.15,55.1,24.09,21.92,11.72
2023-03-21 20:00:00,3,20,34.24,38.97,29.93,26.06,10.95
2023-03-21 21:00:00,3,21,37.58,48.22,25.51,36.5,9.09
2023-03-21 22:00:00,3,22,46.64,55.3,23.93,26.34,8.29
2023-03-21 23:00:00,3,23,40.56,41.95,21.7,29.72,5.39
2023-03-22 00:00:00,3,0,10.41,58.32,28.95,21.47,5.71
2023-03-22 01:00:00,3,1,64.96,49.05,24.67,35.77,9.57
2023-03-22 02:00:00,3,2,28.55,51.8,26.49,20.44,0.0
2023-03-22 03:00:00,3,3,54.78,42.21,26.71,21.79,0.0
2023-03-22 04:00:00,3,4,91.48,65.77,24.07,35.25,16.18
2023-03-22 05:00:00,3,5,31.61,58.5,26.34,39.6,17.22
2023-03-22 06:00:00,3,6,0.61,66.38,23.79,28.55,4.08
2023-03-22 07:00:00,3,7,44.28,52.6,23.02,29.77,5.0
2023-03-22 08:00:00,3,8,72.02,37.89,27.33,34.54,20.21
2023-03-22 09:00:00,3,9,89.17,55.05,24.68,31.45,30.71
2023-03-22 10:00:00,3,10,25.41,55.11,26.04,28.13,8.46
2023-03-22 11:00:00,3,11,59.93,41.28,25.82,27.57,24.35
2023-03-22 12:00:00,3,12,40.69,39.31,26.28,22.17,6.95
2023-03-22 13:00:00,3,13,47.88,50.89,21.89,31.16,9.17
2023-03-22 14:00:00,3,14,102.89,43.15,23.83,29.54,19.94
2023-03-22 15:00:00,3,15,19.94,60.77,24.35,27.81,4.74
2023-03-22 16:00:00,3,16,55.07,36.22,23.34,24.99,16.16
2023-03-22 17:00:00,3,17,59.35,28.51,25.86,25.5,13.11
2023-03-22 18:00:00,3,18,71.72,44.79,27.37,33.09,18.0
2023-03-22 19:00:00,3,19,51.96,70.84,27.69,34.41,21.19
2023-03-22 20:00:00,3,20,56.16,55.58,24.32,28.36,15.93
2023-03-22 21:00:00,3,21,42.17,43.87,25.58,27.84,9.22
2023-03-22 22:00:00,3,22,55.38,54.21,25.89,25.73,8.05
2023-03-22 23:00:00,3,23,43.14,37.28,26.24,34.68,11.2
2023-03-23 00:00:00,3,0,62.43,44.12,23.24,30.15,18.06
2023-03-23 01:00:00,3,1,42.61,57.06,28.64,31.84,7.41
2023-03-23 02:00:00,3,2,57.54,49.68,26.85,31.79,9.09
2023-03-23 03:00:00,3,3,49.41,58.94,26.91,28.46,9.33
2023-03-23 04:00:00,3,4,72.52,51.83,27.41,24.17,14.37
2023-03-23 05:00:00,3,5,48.97,55.55,26.07,25.02,17.03
2023-03-23 06:00:00,3,6,14.54,38.25,22.95,35.64,0.0
2023-03-23 07:00:00,3,7,75.24,28.84,24.72,26.37,17.68
2023-03-23 08:00:00,3,8,31.89,64.31,21.7,27.95,6.04
2023-03-23 09:00:00,3,9,36.92,69.23,25.83,24.33,6.35
2023-03-23 10:00:00,3,10,38.09,52.45,24.66,23.92,15.29
2023-03-23 11:00:00,3,11,77.49,65.18,24.92,26.15,17.31
2023-03-23 12:00:00,3,12,7.29,49.54,27.41,38.44,0.0
2023-03-23 13:00:00,3,13,112.75,42.51,24.09,33.29,35.74
2023-03-23 14:00:00,3,14,71.12,35.06,24.5,27.37,20.31
2023-03-23 15:00:00,3,15,54.46,47.99,25.04,35.41,11.08
2023-03-23 16:00:00,3,16,48.9,51.93,21.32,29.24,5.96
2023-03-23 17:00:00,3,17,55.71,69.78,24.47,36.77,19.13
2023-03-23 18:00:00,3,18,60.42,49.74,20.03,41.06,20.52
2023-03-23 19:00:00,3,19,62.9,49.29,23.83,35.14,16.08
2023-03-23 20:00:00,3,20,61.11,43.61,26.71,30.47,20.81
2023-03-23 21:00:00,3,21,51.79,57.08,25.89,33.5,11.5
2023-03-23 22:00:00,3,22,46.05,54.35,23.81,30.08,13.66
2023-03-23 23:00:00,3,23,46.97,64.78,25.08,20.82,14.03
2023-03-24 00:00:00,3,0,46.1,72.91,22.85,26.73,8.58
2023-03-24 01:00:00,3,1,72.68,61.08,25.0,25.24,6.15
2023-03-24 02:00:00,3,2,61.87,65.7,30.86,26.62,11.72
2023-03-24 03:00:00,3,3,8.81,46.63,28.69,38.97,3.81
2023-03-24 04:00:00,3,4,63.12,55.18,25.11,35.61,23.76
2023-03-24 05:00:00,3,5,53.89,55.38,25.32,32.2,11.87
2023-03-24 06:00:00,3,6,49.63,59.84,23.04,34.06,22.71
2023-03-24 07:00:00,3,7,42.23,82.33,23.4,20.54,0.74
2023-03-24 08:00:00,3,8,72.48,34.92,25.72,33.64,21.15
2023-03-24 09:00:00,3,9,68.95,60.0,23.95,34.7,18.75
2023-03-24 10:00:00,3,10,34.54,54.12,26.81,18.8,12.15
2023-03-24 11:00:00,3,11,58.14,64.55,28.14,33.83,9.03
2023-03-24 12:00:00,3,12,30.57,40.28,25.67,22.88,7.96
2023-03-24 13:00:00,3,13,22.41,48.57,25.2,20.15,2.54
2023-03-24 14:00:00,3,14,37.47,58.26,21.64,36.63,19.09
2023-03-24 15:00:00,3,15,67.25,53.92,26.5,24.96,9.86
2023-03-24 16:00:00,3,16,69.06,33.22,22.71,26.42,17.29
2023-03-24 17:00:00,3,17,60.26,50.73,24.16,34.95,13.37
2023-03-24 18:00:00,3,18,64.5,51.82,26.92,28.47,16.25
2023-03-24 19:00:00,3,19,60.32,59.41,27.06,29.1,12.79
2023-03-24 20:00:00,3,20,37.17,68.95,24.07,28.99,7.06
2023-03-24 21:00:00,3,21,58.64,51.6,24.18,31.74,5.58
2023-03-24 22:00:00,3,22,66.01,46.75,23.6,28.87,17.96
2023-03-24 23:00:00,3,23,65.09,39.0,22.6,30.57,11.18
2023-03-25 00:00:00,3,0,73.78,72.48,23.73,27.48,11.32
2023-03-25 01:00:00,3,1,64.17,61.25,21.77,31.76,9.22
2023-03-25 02:00:00,3,2,57.03,55.81,26.37,31.57,9.73
2023-03-25 03:00:00,3,3,71.4,50.03,25.79,39.49,26.01
2023-03-25 04:00:00,3,4,49.47,51.45,26.12,28.09,13.84
2023-03-25 05:00:00,3,5,32.36,51.22,23.09,29.08,11.17
2023-03-25 06:00:00,3,6,46.74,45.92,22.61,31.19,7.02
2023-03-25 07:00:00,3,7,35.1,59.03,25.11,34.82,11.27
2023-03-25 08:00:00,3,8,36.5,40.66,25.13,24.54,4.39
2023-03-25 09:00:00,3,9,47.11,45.67,24.71,30.52,16.76
2023-03-25 10:00:00,3,10,34.15,53.2,24.42,17.46,7.1
2023-03-25 11:00:00,3,11,43.84,33.99,28.42,28.64,7.19
2023-03-25 12:00:00,3,12,12.13,34.44,25.85,35.36,8.78
2023-03-25 13:00:00,3,13,54.27,40.67,28.94,26.37,14.47
2023-03-25 14:00:00,3,14,50.02,80.19,27.54,30.88,5.95
2023-03-25 15:00:00,3,15,33.66,34.21,28.41,27.36,0.0
2023-03-25 16:00:00,3,16,63.18,42.05,22.85,25.7,6.8
2023-03-25 17:00:00,3,17,68.75,29.94,26.19,34.86,28.23
2023-03-25 18:00:00,3,18,17.85,37.63,24.14,24.77,0.0
2023-03-25 19:00:00,3,19,34.75,34.22,21.67,31.46,18.5
2023-03-25 20:00:00,3,20,34.62,41.21,27.99,31.54,3.77
2023-03-25 21:00:00,3,21,31.2,36.51,24.41,25.74,0.83
2023-03-25 22:00:00,3,22,66.59,30.06,22.89,30.78,21.49
2023-03-25 23:00:00,3,23,46.12,47.83,24.17,25.33,14.37
2023-03-26 00:00:00,3,0,44.71,65.72,23.41,32.61,14.94
2023-03-26 01:00:00,3,1,9.92,53.07,23.61,23.43,5.32
2023-03-26 02:00:00,3,2,62.71,46.1,24.56,28.3,10.79
2023-03-26 03:00:00,3,3,25.21,49.25,28.46,28.74,10.21
2023-03-26 04:00:00,3,4,51.2,62.47,23.67,35.56,16.38
2023-03-26 05:00:00,3,5,55.55,66.31,28.32,30.7,12.39
2023-03-26 06:00:00,3,6,77.21,57.41,26.7,34.78,22.86
2023-03-26 07:00:00,3,7,23.82,41.92,25.79,32.77,11.81
2023-03-26 08:00:00,3,8,10.39,34.2,26.5,32.74,4.8
2023-03-26 09:00:00,3,9,53.68,40.83,25.03,28.34,1.9
2023-03-26 10:00:00,3,10,86.01,39.43,27.57,35.1,29.63
2023-03-26 11:00:00,3,11,74.78,50.81,26.13,28.22,21.67
2023-03-26 12:00:00,3,12,54.19,67.42,21.67,21.35,7.75
2023-03-26 13:00:00,3,13,40.17,54.55,25.59,28.93,10.27
2023-03-26 14:00:00,3,14,66.14,52.59,26.57,32.27,18.36
2023-03-26 15:00:00,3,15,30.53,54.97,24.42,21.97,0.0
2023-03-26 16:00:00,3,16,59.53,49.45,25.25,25.57,10.69
2023-03-26 17:00:00,3,17,60.11,45.59,23.77,23.85,10.14
2023-03-26 18:00:00,3,18,71.2,41.47,22.24,33.93,19.35
2023-03-26 19:00:00,3,19,105.19,52.78,21.9,38.36,31.02
2023-03-26 20:00:00,3,20,57.85,69.04,21.93,28.95,17.28
2023-03-26 21:00:00,3,21,39.82,54.83,26.34,32.66,6.8
2023-03-26 22:00:00,3,22,49.49,49.56,20.02,32.53,17.97
2023-03-26 23:00:00,3,23,14.62,37.77,23.67,37.77,7.68
2023-03-27 00:00:00,3,0,36.11,55.68,23.47,26.74,14.85
2023-03-27 01:00:00,3,1,41.81,44.87,24.44,28.9,18.75
2023-03-27 02:00:00,3,2,39.52,47.1,21.29,28.3,18.03
2023-03-27 03:00:00,3,3,53.05,49.56,25.81,30.38,7.51
2023-03-27 04:00:00,3,4,33.55,40.69,22.45,42.52,13.62
2023-03-27 05:00:00,3,5,72.42,56.61,27.26,30.15,14.62
2023-03-27 06:00:00,3,6,50.0,55.75,23.76,25.73,27.13
2023-03-27 07:00:00,3,7,49.81,50.12,24.81,24.23,13.13
2023-03-27 08:00:00,3,8,43.44,56.4,25.01,36.26,20.22
2023-03-27 09:00:00,3,9,53.1,44.92,25.49,25.7,13.56
2023-03-27 10:00:00,3,10,66.5,57.13,25.07,33.32,5.3
2023-03-27 11:00:00,3,11,32.66,47.74,24.15,26.6,3.33
2023-03-27 12:00:00,3,12,36.84,51.0,25.69,23.67,3.84
2023-03-27 13:00:00,3,13,43.93,47.85,25.93,33.03,10.15
2023-03-27 14:00:00,3,14,23.08,54.6,23.47,26.85,6.97
2023-03-27 15:00:00,3,15,33.61,53.39,25.85,32.13,11.51
2023-03-27 16:00:00,3,16,40.48,49.04,27.38,32.5,0.0
2023-03-27 17:00:00,3,17,67.49,47.98,26.41,32.73,17.23
2023-03-27 18:00:00,3,18,55.25,50.04,26.86,28.66,10.77
2023-03-27 19:00:00,3,19,53.87,32.95,25.34,33.43,21.92
2023-03-27 20:00:00,3,20,67.02,59.91,23.13,25.39,17.15
2023-03-27 21:00:00,3,21,47.25,50.64,23.38,17.73,6.07
2023-03-27 22:00:00,3,22,57.81,65.74,25.64,33.53,17.28
2023-03-27 23:00:00,3,23,47.94,46.28,26.89,30.83,3.89
2023-03-28 00:00:00,3,0,55.31,61.15,30.57,26.95,15.74
2023-03-28 01:00:00,3,1,38.34,52.78,26.96,22.64,5.26
2023-03-28 02:00:00,3,2,1.22,53.72,22.66,19.82,0.0
2023-03-28 03:00:00,3,3,47.31,47.19,23.47,30.26,18.51
2023-03-28 04:00:00,3,4,78.45,55.53,29.56,38.24,26.39
2023-03-28 05:00:00,3,5,68.52,55.95,24.57,29.31,13.42
2023-03-28 06:00:00,3,6,69.31,35.64,25.1,28.19,13.27
2023-03-28 07:00:00,3,7,74.72,47.15,23.08,29.88,20.45
2023-03-28 08:00:00,3,8,51.77,55.61,28.13,40.9,19.1
2023-03-28 09:00:00,3,9,53.95,52.51,26.0,33.76,15.33
2023-03-28 10:00:00,3,10,37.65,33.55,23.45,25.33,1.94
2023-03-28 11:00:00,3,11,43.68,52.35,23.01,30.14,5.7
2023-03-28 12:00:00,3,12,62.32,56.89,25.61,31.66,12.71
2023-03-28 13:00:00,3,13,74.08,56.85,25.09,24.72,14.29
2023-03-28 14:00:00,3,14,47.21,55.49,26.66,33.8,13.1
2023-03-28 15:00:00,3,15,41.0,55.94,26.09,25.91,8.06
2023-03-28 16:00:00,3,16,50.01,62.8,24.47,22.45,8.79
2023-03-28 17:00:00,3,17,62.02,61.24,23.91,30.38,25.12
2023-03-28 18:00:00,3,18,21.12,58.29,24.68,29.59,9.46
2023-03-28 19:00:00,3,19,4.08,44.08,23.9,29.99,6.96
2023-03-28 20:00:00,3,20,38.99,53.81,24.74,26.18,10.83
2023-03-28 21:00:00,3,21,25.59,52.07,25.03,26.87,6.1
2023-03-28 22:00:00,3,22,39.84,37.3,23.2,35.64,13.89
2023-03-28 23:00:00,3,23,47.04,37.05,26.26,32.21,13.76
2023-03-29 00:00:00,3,0,40.94,52.82,24.26,25.22,12.65
2023-03-29 01:00:00,3,1,79.05,56.31,23.32,20.25,8.47
2023-03-29 02:00:00,3,2,56.53,58.64,24.3,25.43,15.61
2023-03-29 03:00:00,3,3,56.01,43.07,25.48,30.79,15.21
2023-03-29 04:00:00,3,4,62.44,52.05,25.17,26.84,4.94
2023-03-29 05:00:00,3,5,27.22,53.86,25.84,26.45,6.43
2023-03-29 06:00:00,3,6,70.78,58.14,26.8,27.05,9.44
2023-03-29 07:00:00,3,7,48.48,57.7,27.61,29.64,9.31
2023-03-29 08:00:00,3,8,63.41,46.8,25.57,33.92,17.14
2023-03-29 09:00:00,3,9,28.56,63.15,22.86,30.0,0.0
2023-03-29 10:00:00,3,10,18.92,40.05,24.46,30.31,4.51
2023-03-29 11:00:00,3,11,66.36,55.34,22.99,28.88,16.32
2023-03-29 12:00:00,3,12,57.53,51.5,28.39,27.5,16.97
2023-03-29 13:00:00,3,13,31.96,63.37,28.97,34.47,6.92
2023-03-29 14:00:00,3,14,32.61,50.12,26.3,33.71,10.54
2023-03-29 15:00:00,3,15,72.51,53.28,26.72,40.23,23.84
2023-03-29 16:00:00,3,16,26.21,50.5,25.5,33.05,5.13
2023-03-29 17:00:00,3,17,82.85,35.28,25.73,27.51,10.65
2023-03-29 18:00:00,3,18,31.99,48.22,21.81,25.48,6.24
2023-03-29 19:00:00,3,19,62.77,57.95,24.85,34.76,21.92
2023-03-29 20:00:00,3,20,43.43,57.11,23.24,25.93,4.72
2023-03-29 21:00:00,3,21,62.06,44.05,25.56,34.05,16.53
2023-03-29 22:00:00,3,22,39.12,37.01,24.88,26.2,8.19
2023-03-29 23:00:00,3,23,46.74,47.18,28.89,31.75,17.89
2023-03-30 00:00:00,3,0,50.82,43.11,26.83,24.7,10.62
2023-03-30 01:00:00,3,1,29.96,43.9,25.57,33.9,9.91
2023-03-30 02:00:00,3,2,64.82,35.81,24.47,23.83,12.84
2023-03-30 03:00:00,3,3,39.74,69.5,28.35,31.36,7.93
2023-03-30 04:00:00,3,4,45.43,43.33,24.94,29.01,5.32
2023-03-30 05:00:00,3,5,30.11,40.16,25.66,30.51,6.24
2023-03-30 06:00:00,3,6,1.25,63.39,25.08,28.02,2.26
2023-03-30 07:00:00,3,7,46.18,58.86,24.19,27.9,11.36
2023-03-30 08:00:00,3,8,98.25,58.51,25.07,30.77,32.61
2023-03-30 09:00:00,3,9,65.69,57.29,21.08,24.99,18.42
2023-03-30 10:00:00,3,10,49.61,54.82,21.9,24.96,16.53
2023-03-30 11:00:00,3,11,44.74,47.57,25.7,28.21,0.36
2023-03-30 12:00:00,3,12,50.45,41.34,28.14,28.01,19.68
2023-03-30 13:00:00,3,13,60.94,39.19,25.7,24.97,14.02
2023-03-30 14:00:00,3,14,26.38,58.38,23.56,34.62,9.66
2023-03-30 15:00:00,3,15,72.29,58.45,22.11,28.33,21.55
2023-03-30 16:00:00,3,16,64.31,36.84,26.57,28.87,15.59
2023-03-30 17:00:00,3,17,64.36,43.53,23.87,23.36,7.19
2023-03-30 18:00:00,3,18,58.77,49.17,26.29,40.36,27.01
2023-03-30 19:00:00,3,19,50.39,45.27,25.78,42.14,13.86
2023-03-30 20:00:00,3,20,63.46,50.3,25.96,26.1,8.88
2023-03-30 21:00:00,3,21,61.84,44.75,25.07,36.13,17.46
2023-03-30 22:00:00,3,22,42.92,53.36,25.77,29.54,8.64
2023-03-30 23:00:00,3,23,38.53,47.31,24.76,38.02,12.23
2023-03-31 00:00:00,3,0,52.04,65.11,23.73,31.68,13.26
2023-03-31 01:00:00,3,1,80.98,56.88,23.07,30.5,27.33
2023-03-31 02:00:00,3,2,25.22,56.77,20.23,17.5,5.98
2023-03-31 03:00:00,3,3,20.65,53.74,24.64,25.61,0.12
2023-03-31 04:00:00,3,4,53.3,59.27,28.04,30.1,9.78
2023-03-31 05:00:00,3,5,51.02,55.34,26.46,30.99,11.24
2023-03-31 06:00:00,3,6,53.47,65.14,25.46,23.93,8.75
2023-03-31 07:00:00,3,7,54.88,44.51,23.53,26.36,9.49
2023-03-31 08:00:00,3,8,45.54,50.83,26.99,32.77,6.93
2023-03-31 09:00:00,3,9,79.8,67.05,24.76,23.08,16.81
2023-03-31 10:00:00,3,10,17.98,58.35,28.15,30.67,2.32
2023-03-31 11:00:00,3,11,33.43,46.63,23.04,36.19,5.33
2023-03-31 12:00:00,3,12,47.93,55.43,23.5,31.93,15.19
2023-03-31 13:00:00,3,13,17.14,56.97,23.31,31.68,8.77
2023-03-31 14:00:00,3,14,46.48,50.75,22.04,19.9,6.48
2023-03-31 15:00:00,3,15,83.23,46.56,23.13,25.89,26.88
2023-03-31 16:00:00,3,16,50.42,64.36,25.21,40.27,28.01
2023-03-31 17:00:00,3,17,54.61,44.5,23.58,27.0,14.78
2023-03-31 18:00:00,3,18,24.8,58.0,17.29,36.32,5.17
2023-03-31 19:00:00,3,19,37.67,50.18,27.15,26.95,9.81
2023-03-31 20:00:00,3,20,42.5,50.35,21.63,28.61,4.02
2023-03-31 21:00:00,3,21,43.65,55.27,26.18,32.58,7.5
2023-03-31 22:00:00,3,22,75.63,60.24,25.06,30.5,10.82
2023-03-31 23:00:00,3,23,61.15,52.86,29.23,31.91,13.13
2023-04-01 00:00:00,4,0,47.87,27.05,30.99,28.59,5.25
2023-04-01 01:00:00,4,1,75.03,56.92,27.99,27.0,20.01
2023-04-01 02:00:00,4,2,80.06,26.38,27.6,28.25,15.11
2023-04-01 03:00:00,4,3,92.9,45.9,32.01,30.02,24.64
2023-04-01 04:00:00,4,4,101.71,42.95,26.05,31.53,30.48
2023-04-01 05:00:00,4,5,49.79,54.17,29.38,37.87,21.58
2023-04-01 06:00:00,4,6,53.88,51.01,28.74,33.12,13.11
2023-04-01 07:00:00,4,7,44.94,48.33,28.31,35.1,14.71
2023-04-01 08:00:00,4,8,65.42,53.76,29.71,33.39,19.92
2023-04-01 09:00:00,4,9,79.42,45.39,29.38,27.1,24.31
2023-04-01 10:00:00,4,10,89.84,47.37,29.91,32.77,28.46
2023-04-01 11:00:00,4,11,68.58,24.79,29.28,33.33,25.58
2023-04-01 12:00:00,4,12,63.7,54.96,29.84,36.48,11.05
2023-04-01 13:00:00,4,13,73.13,42.27,29.19,27.34,13.35
2023-04-01 14:00:00,4,14,53.39,40.82,27.68,22.48,15.17
2023-04-01 15:00:00,4,15,111.89,54.0,29.01,33.56,34.21
2023-04-01 16:00:00,4,16,37.94,36.43,27.57,34.45,10.27
2023-04-01 17:00:00,4,17,73.79,47.28,27.44,31.78,17.19
2023-04-01 18:00:00,4,18,110.57,68.23,28.33,32.82,34.2
2023-04-01 19:00:00,4,19,70.23,36.7,28.76,37.07,11.81
2023-04-01 20:00:00,4,20,66.3,54.47,29.07,30.39,20.76
2023-04-01 21:00:00,4,21,62.95,53.78,30.83,31.29,16.88
2023-04-01 22:00:00,4,22,66.49,36.42,28.0,33.07,15.89
2023-04-01 23:00:00,4,23,97.55,46.77,29.39,26.58,24.13
2023-04-02 00:00:00,4,0,25.86,34.12,29.24,31.92,4.95
2023-04-02 01:00:00,4,1,100.76,31.2,27.78,32.36,27.34
2023-04-02 02:00:00,4,2,41.62,49.75,29.15,40.86,13.95
2023-04-02 03:00:00,4,3,64.76,35.37,31.01,31.19,20.57
2023-04-02 04:00:00,4,4,61.51,50.86,29.37,33.68,18.07
2023-04-02 05:00:00,4,5,81.87,20.97,29.45,37.27,15.9
2023-04-02 06:00:00,4,6,38.13,50.23,27.59,28.49,2.1
2023-04-02 07:00:00,4,7,79.34,33.04,32.94,39.56,20.75
2023-04-02 08:00:00,4,8,110.58,34.86,27.7,41.5,40.55
2023-04-02 09:00:00,4,9,42.83,40.14,25.66,32.54,14.4
2023-04-02 10:00:00,4,10,73.89,50.01,30.72,29.98,26.82
2023-04-02 11:00:00,4,11,56.86,44.82,28.77,40.82,14.28
2023-04-02 12:00:00,4,12,78.61,64.84,28.39,36.66,30.58
2023-04-02 13:00:00,4,13,70.48,41.06,27.91,33.09,9.76
2023-04-02 14:00:00,4,14,57.27,39.81,32.74,39.81,19.1
2023-04-02 15:00:00,4,15,79.85,41.97,29.71,39.28,27.38
2023-04-02 16:00:00,4,16,106.18,73.03,30.1,31.0,28.65
2023-04-02 17:00:00,4,17,66.28,55.96,29.33,33.92,17.2
2023-04-02 18:00:00,4,18,84.49,50.78,29.54,35.56,25.65
2023-04-02 19:00:00,4,19,44.23,40.38,31.8,32.82,5.93
2023-04-02 20:00:00,4,20,50.97,40.41,28.5,25.73,15.26
2023-04-02 21:00:00,4,21,79.54,45.0,26.09,27.99,19.81
2023-04-02 22:00:00,4,22,99.78,36.95,30.74,25.89,23.35
2023-04-02 23:00:00,4,23,77.21,53.56,29.99,35.14,21.23
2023-04-03 00:00:00,4,0,63.84,37.2,29.22,26.76,12.6
2023-04-03 01:00:00,4,1,70.08,38.55,29.94,33.64,22.28
2023-04-03 02:00:00,4,2,45.09,39.53,28.26,41.84,23.68
2023-04-03 03:00:00,4,3,82.19,45.12,29.04,39.82,20.32
2023-04-03 04:00:00,4,4,87.74,24.99,28.74,23.49,9.97
2023-04-03 05:00:00,4,5,61.05,38.37,27.82,26.29,14.71
2023-04-03 06:00:00,4,6,60.7,52.98,31.38,28.8,12.91
2023-04-03 07:00:00,4,7,75.41,40.82,26.18,26.83,17.49
2023-04-03 08:00:00,4,8,61.36,35.78,33.72,24.41,12.37
2023-04-03 09:00:00,4,9,68.77,49.18,30.75,32.63,21.82
2023-04-03 10:00:00,4,10,112.09,32.41,25.44,36.2,32.41
2023-04-03 11:00:00,4,11,65.16,39.48,28.55,37.45,14.31
2023-04-03 12:00:00,4,12,62.93,66.73,28.66,30.31,11.95
2023-04-03 13:00:00,4,13,57.15,40.3,29.78,31.32,14.12
2023-04-03 14:00:00,4,14,84.98,47.36,27.02,34.46,18.14
2023-04-03 15:00:00,4,15,66.47,37.93,29.06,32.14,17.63
2023-04-03 16:00:00,4,16,57.11,33.86,28.76,36.73,17.8
2023-04-03 17:00:00,4,17,96.52,41.35,27.52,34.83,26.24
2023-04-03 18:00:00,4,18,98.49,26.65,27.25,30.8,26.34
2023-04-03 19:00:00,4,19,58.09,45.09,30.84,23.4,3.26
2023-04-03 20:00:00,4,20,32.77,37.05,25.61,40.17,6.21
2023-04-03 21:00:00,4,21,90.25,35.25,29.96,29.25,16.3
2023-04-03 22:00:00,4,22,56.4,44.27,30.6,34.47,20.61
2023-04-03 23:00:00,4,23,85.91,35.51,28.56,23.1,28.08
2023-04-04 00:00:00,4,0,30.69,49.25,29.1,32.62,3.95
2023-04-04 01:00:00,4,1,87.95,47.53,31.33,33.18,23.16
2023-04-04 02:00:00,4,2,45.87,56.43,27.59,33.42,9.32
2023-04-04 03:00:00,4,3,84.71,40.89,27.8,47.75,34.83
2023-04-04 04:00:00,4,4,70.38,40.05,28.01,29.52,14.28
2023-04-04 05:00:00,4,5,51.02,31.51,31.33,36.78,17.06
2023-04-04 06:00:00,4,6,61.96,35.39,31.58,35.3,21.56
2023-04-04 07:00:00,4,7,83.82,46.15,26.21,29.29,14.35
2023-04-04 08:00:00,4,8,72.21,55.08,31.01,36.71,23.46
2023-04-04 09:00:00,4,9,81.78,38.97,30.64,31.86,12.76
2023-04-04 10:00:00,4,10,109.63,32.19,32.11,37.06,32.59
2023-04-04 11:00:00,4,11,38.81,35.75,29.77,42.48,12.13
2023-04-04 12:00:00,4,12,102.44,32.46,28.91,33.43,27.41
2023-04-04 13:00:00,4,13,72.18,45.42,31.29,31.27,17.26
2023-04-04 14:00:00,4,14,52.12,47.97,30.4,37.94,14.01
2023-04-04 15:00:00,4,15,43.49,50.67,33.49,39.66,13.05
2023-04-04 16:00:00,4,16,66.31,43.86,30.92,28.26,16.82
2023-04-04 17:00:00,4,17,88.53,44.09,29.31,30.41,23.78
2023-04-04 18:00:00,4,18,67.55,41.23,26.65,36.06,20.88
2023-04-04 19:00:00,4,19,100.32,44.59,27.84,32.02,23.92
2023-04-04 20:00:00,4,20,41.07,44.64,26.13,27.91,14.96
2023-04-04 21:00:00,4,21,69.85,51.07,28.57,35.38,28.24
2023-04-04 22:00:00,4,22,45.05,33.89,30.85,36.04,7.09
2023-04-04 23:00:00,4,23,77.37,42.54,28.99,31.01,20.83
2023-04-05 00:00:00,4,0,87.83,45.05,31.04,32.99,21.82
2023-04-05 01:00:00,4,1,61.68,50.78,29.68,29.8,19.95
2023-04-05 02:00:00,4,2,18.01,56.62,28.19,27.2,4.02
2023-04-05 03:00:00,4,3,74.08,30.22,29.18,30.19,18.92
2023-04-05 04:00:00,4,4,78.83,37.75,29.94,33.05,24.2
2023-04-05 05:00:00,4,5,78.18,59.54,29.28,25.3,15.01
2023-04-05 06:00:00,4,6,94.81,35.67,29.3,30.56,32.55
2023-04-05 07:00:00,4,7,48.68,34.08,27.46,33.12,15.99
2023-04-05 08:00:00,4,8,83.7,42.06,28.13,38.65,31.64
2023-04-05 09:00:00,4,9,93.95,27.32,33.52,31.12,23.27
2023-04-05 10:00:00,4,10,34.52,41.13,31.46,26.45,7.0
2023-04-05 11:00:00,4,11,76.49,57.47,26.05,31.63,24.23
2023-04-05 12:00:00,4,12,60.01,39.65,24.27,29.85,18.49
2023-04-05 13:00:00,4,13,68.47,40.85,29.15,35.44,13.99
2023-04-05 14:00:00,4,14,77.05,49.33,30.79,30.99,20.55
2023-04-05 15:00:00,4,15,60.35,37.57,27.96,19.13,11.99
2023-04-05 16:00:00,4,16,56.58,59.98,31.04,51.14,23.48
2023-04-05 17:00:00,4,17,70.78,33.4,29.12,33.39,21.6
2023-04-05 18:00:00,4,18,48.35,52.08,28.67,33.13,12.92
2023-04-05 19:00:00,4,19,48.38,53.15,30.51,24.97,0.0
2023-04-05 20:00:00,4,20,83.68,44.44,27.94,25.36,11.14
2023-04-05 21:00:00,4,21,47.12,38.97,28.43,32.22,17.53
2023-04-05 22:00:00,4,22,83.42,41.66,30.34,34.36,22.68
2023-04-05 23:00:00,4,23,79.35,50.73,28.94,36.19,24.89
2023-04-06 00:00:00,4,0,35.58,48.36,32.82,33.87,10.03
2023-04-06 01:00:00,4,1,56.54,54.63,30.39,26.75,8.49
2023-04-06 02:00:00,4,2,93.98,45.55,30.26,20.16,13.46
2023-04-06 03:00:00,4,3,50.47,32.55,28.9,32.18,15.19
2023-04-06 04:00:00,4,4,60.81,43.34,30.75,30.01,17.37
2023-04-06 05:00:00,4,5,79.34,34.71,28.35,26.37,28.39
2023-04-06 06:00:00,4,6,85.76,28.75,29.56,36.82,23.94
2023-04-06 07:00:00,4,7,65.07,49.18,27.17,24.8,21.81
2023-04-06 08:00:00,4,8,58.15,45.17,31.08,35.76,13.04
2023-04-06 09:00:00,4,9,98.54,21.59,29.58,25.63,23.5
2023-04-06 10:00:00,4,10,104.87,28.86,32.97,33.35,30.05
2023-04-06 11:00:00,4,11,89.67,60.03,33.78,37.35,27.3
2023-04-06 12:00:00,4,12,71.8,39.43,30.53,30.99,18.53
2023-04-06 13:00:00,4,13,53.93,43.3,29.14,41.13,15.38
2023-04-06 14:00:00,4,14,53.49,35.04,27.11,42.27,23.37
2023-04-06 15:00:00,4,15,80.55,50.75,30.81,33.87,18.53
2023-04-06 16:00:00,4,16,78.46,51.7,29.42,35.39,24.74
2023-04-06 17:00:00,4,17,98.13,50.06,30.08,37.98,34.86
2023-04-06 18:00:00,4,18,83.11,49.02,32.46,35.4,31.45
2023-04-06 19:00:00,4,19,40.03,35.15,27.35,34.87,16.5
2023-04-06 20:00:00,4,20,91.14,55.11,27.15,30.06,25.71
2023-04-06 21:00:00,4,21,50.13,49.53,28.53,24.24,6.95
2023-04-06 22:00:00,4,22,62.42,61.19,30.64,25.73,9.46
2023-04-06 23:00:00,4,23,75.1,33.23,30.11,44.59,22.23
2023-04-07 00:00:00,4,0,110.01,30.59,27.21,34.29,25.29
2023-04-07 01:00:00,4,1,132.29,46.57,30.51,31.45,34.69
2023-04-07 02:00:00,4,2,82.23,46.28,26.6,39.0,23.1
2023-04-07 03:00:00,4,3,66.43,38.77,27.32,28.93,22.02
2023-04-07 04:00:00,4,4,80.79,28.56,28.77,35.6,21.08
2023-04-07 05:00:00,4,5,87.85,39.22,27.89,33.07,24.69
2023-04-07 06:00:00,4,6,63.68,50.28,30.78,34.98,17.25
2023-04-07 07:00:00,4,7,106.0,59.49,29.57,31.0,20.38
2023-04-07 08:00:00,4,8,74.7,54.45,32.53,27.86,22.8
2023-04-07 09:00:00,4,9,80.05,42.57,28.51,28.57,22.54
2023-04-07 10:00:00,4,10,83.41,49.85,28.76,28.76,24.06
2023-04-07 11:00:00,4,11,78.53,41.35,31.42,32.66,24.36
2023-04-07 12:00:00,4,12,86.87,48.83,28.82,24.9,14.24
2023-04-07 13:00:00,4,13,57.75,53.88,31.99,26.44,9.03
2023-04-07 14:00:00,4,14,58.93,55.07,30.08,33.36,18.65
2023-04-07 15:00:00,4,15,48.09,27.68,24.29,32.04,20.56
2023-04-07 16:00:00,4,16,78.89,34.41,31.36,33.63,24.05
2023-04-07 17:00:00,4,17,85.67,26.0,30.83,32.45,28.08
2023-04-07 18:00:00,4,18,79.25,37.9,30.9,45.27,27.29
2023-04-07 19:00:00,4,19,103.59,47.6,25.18,33.31,34.26
2023-04-07 20:00:00,4,20,69.98,30.07,27.67,30.78,15.87
2023-04-07 21:00:00,4,21,83.47,43.63,27.82,33.19,24.3
2023-04-07 22:00:00,4,22,48.26,41.09,27.32,37.78,13.37
2023-04-07 23:00:00,4,23,62.35,43.73,32.48,32.43,21.31
2023-04-08 00:00:00,4,0,84.01,72.77,28.98,36.1,29.8
2023-04-08 01:00:00,4,1,87.08,27.25,28.93,34.66,17.78
2023-04-08 02:00:00,4,2,64.22,38.39,30.1,31.23,23.35
2023-04-08 03:00:00,4,3,68.66,40.0,30.14,33.23,30.91
2023-04-08 04:00:00,4,4,39.74,43.92,22.33,40.67,11.7
2023-04-08 05:00:00,4,5,62.96,41.67,27.71,33.89,17.16
2023-04-08 06:00:00,4,6,87.9,49.27,26.17,27.75,26.54
2023-04-08 07:00:00,4,7,81.6,37.14,29.8,31.08,21.48
2023-04-08 08:00:00,4,8,80.11,56.37,28.42,22.11,14.75
2023-04-08 09:00:00,4,9,71.09,41.44,29.03,33.37,29.26
2023-04-08 10:00:00,4,10,70.24,37.69,24.84,39.24,16.21
2023-04-08 11:00:00,4,11,56.89,45.29,28.38,25.97,8.38
2023-04-08 12:00:00,4,12,84.07,39.59,31.23,33.43,25.52
2023-04-08 13:00:00,4,13,78.52,53.21,31.82,37.61,16.52
2023-04-08 14:00:00,4,14,79.94,52.96,30.44,38.14,23.55
2023-04-08 15:00:00,4,15,59.58,40.93,26.33,39.08,17.5
2023-04-08 16:00:00,4,16,27.03,36.52,31.52,23.34,10.07
2023-04-08 17:00:00,4,17,92.04,62.05,30.45,35.2,30.48
2023-04-08 18:00:00,4,18,60.52,38.08,28.77,25.15,4.28
2023-04-08 19:00:00,4,19,52.84,48.73,24.95,27.69,8.73
2023-04-08 20:00:00,4,20,83.97,45.23,30.91,36.79,22.3
2023-04-08 21:00:00,4,21,62.26,56.7,27.82,33.47,16.29
2023-04-08 22:00:00,4,22,91.29,51.82,29.69,36.31,22.15
2023-04-08 23:00:00,4,23,82.44,33.64,29.14,28.03,21.53
2023-04-09 00:00:00,4,0,83.77,42.97,32.08,40.05,24.5
2023-04-09 01:00:00,4,1,42.78,47.13,28.75,36.12,15.83
2023-04-09 02:00:00,4,2,94.34,44.47,28.97,37.13,29.19
2023-04-09 03:00:00,4,3,75.32,38.41,32.16,27.28,12.27
2023-04-09 04:00:00,4,4,62.71,38.9,27.68,38.54,27.09
2023-04-09 05:00:00,4,5,72.96,44.05,30.63,31.1,26.01
2023-04-09 06:00:00,4,6,34.57,32.37,28.6,29.62,9.99
2023-04-09 07:00:00,4,7,78.27,33.6,26.99,35.81,22.17
2023-04-09 08:00:00,4,8,49.51,39.17,29.0,35.6,9.41
2023-04-09 09:00:00,4,9,43.04,42.76,30.38,28.45,15.56
2023-04-09 10:00:00,4,10,39.65,36.73,31.71,42.96,18.32
2023-04-09 11:00:00,4,11,92.35,40.16,31.95,41.75,28.08
2023-04-09 12:00:00,4,12,57.51,32.69,28.41,35.7,13.69
2023-04-09 13:00:00,4,13,100.77,34.31,27.03,34.83,31.55
2023-04-09 14:00:00,4,14,59.38,53.48,28.36,34.33,11.12
2023-04-09 15:00:00,4,15,35.95,54.16,26.64,24.93,4.34
2023-04-09 16:00:00,4,16,47.77,50.31,28.57,33.24,8.04
2023-04-09 17:00:00,4,17,94.81,33.54,28.32,33.18,21.19
2023-04-09 18:00:00,4,18,66.98,59.06,30.45,29.8,13.04
2023-04-09 19:00:00,4,19,59.13,39.35,24.59,31.13,19.88
2023-04-09 20:00:00,4,20,73.3,39.68,27.53,20.77,3.92
2023-04-09 21:00:00,4,21,80.13,31.67,27.55,27.19,20.34
2023-04-09 22:00:00,4,22,92.44,41.5,31.37,37.29,30.03
2023-04-09 23:00:00,4,23,99.07,56.73,26.77,41.34,38.99
2023-04-10 00:00:00,4,0,62.9,52.89,29.45,27.96,15.95
2023-04-10 01:00:00,4,1,43.58,55.12,28.74,33.59,10.31
2023-04-10 02:00:00,4,2,61.83,48.68,31.09,38.17,15.6
2023-04-10 03:00:00,4,3,75.3,45.13,30.19,30.08,23.84
2023-04-10 04:00:00,4,4,50.82,54.96,29.24,36.06,17.77
2023-04-10 05:00:00,4,5,50.95,28.59,27.89,32.51,11.35
2023-04-10 06:00:00,4,6,76.97,56.55,25.3,38.63,29.34
2023-04-10 07:00:00,4,7,69.12,29.84,29.49,26.27,12.91
2023-04-10 08:00:00,4,8,70.75,31.45,30.06,27.16,16.02
2023-04-10 09:00:00,4,9,54.93,34.32,25.85,34.08,12.59
2023-04-10 10:00:00,4,10,65.49,50.24,26.53,33.16,20.78
2023-04-10 11:00:00,4,11,51.61,39.88,29.5,32.4,8.97
2023-04-10 12:00:00,4,12,87.9,56.07,29.68,35.56,24.57
2023-04-10 13:00:00,4,13,90.8,34.19,27.02,28.03,17.95
2023-04-10 14:00:00,4,14,33.17,44.04,27.85,25.83,8.46
2023-04-10 15:00:00,4,15,51.51,47.39,25.33,30.18,14.9
2023-04-10 16:00:00,4,16,40.17,55.54,31.75,30.74,4.77
2023-04-10 17:00:00,4,17,57.1,68.08,26.4,31.26,16.92
2023-04-10 18:00:00,4,18,68.43,53.69,30.08,39.02,14.88
2023-04-10 19:00:00,4,19,41.1,32.17,28.93,36.53,23.48
2023-04-10 20:00:00,4,20,51.66,47.33,31.58,35.35,12.67
2023-04-10 21:00:00,4,21,50.02,44.99,27.42,33.79,19.34
2023-04-10 22:00:00,4,22,74.24,36.75,29.12,30.51,19.89
2023-04-10 23:00:00,4,23,71.48,25.24,25.6,28.41,18.14
2023-04-11 00:00:00,4,0,55.66,30.05,25.12,26.69,6.56
2023-04-11 01:00:00,4,1,73.63,53.02,30.19,29.21,22.15
2023-04-11 02:00:00,4,2,59.16,62.73,25.43,32.46,16.26
2023-04-11 03:00:00,4,3,64.66,19.71,28.54,26.9,16.86
2023-04-11 04:00:00,4,4,103.57,20.61,31.02,33.53,28.5
2023-04-11 05:00:00,4,5,96.91,41.42,30.49,31.71,26.27
2023-04-11 06:00:00,4,6,44.1,56.01,27.67,30.69,6.85
2023-04-11 07:00:00,4,7,86.69,33.67,25.82,38.49,27.06
2023-04-11 08:00:00,4,8,86.32,44.38,30.02,20.38,12.57
2023-04-11 09:00:00,4,9,47.13,44.43,31.68,30.76,8.56
2023-04-11 10:00:00,4,10,86.47,34.36,27.68,20.92,15.75
2023-04-11 11:00:00,4,11,100.85,39.96,27.39,33.87,30.3
2023-04-11 12:00:00,4,12,47.65,55.16,27.95,36.49,15.75
2023-04-11 13:00:00,4,13,51.75,46.55,30.14,25.92,10.67
2023-04-11 14:00:00,4,14,90.45,36.69,31.46,26.56,22.09
2023-04-11 15:00:00,4,15,75.53,38.2,26.52,24.19,16.44
2023-04-11 16:00:00,4,16,81.13,40.68,26.0,33.0,22.81
2023-04-11 17:00:00,4,17,76.91,33.97,33.68,30.98,20.7
2023-04-11 18:00:00,4,18,77.91,46.92,28.65,31.29,26.24
2023-04-11 19:00:00,4,19,43.57,41.51,29.51,30.84,5.18
2023-04-11 20:00:00,4,20,91.04,77.06,27.62,27.81,19.52
2023-04-11 21:00:00,4,21,93.49,47.8,29.98,38.34,31.58
2023-04-11 22:00:00,4,22,65.51,35.66,30.92,34.04,10.68
2023-04-11 23:00:00,4,23,69.23,47.21,29.6,26.76,22.36
2023-04-12 00:00:00,4,0,39.47,47.96,32.48,29.18,10.88
2023-04-12 01:00:00,4,1,80.38,53.72,28.35,28.32,23.77
2023-04-12 02:00:00,4,2,81.54,33.27,28.47,39.71,32.6
2023-04-12 03:00:00,4,3,68.85,37.82,29.46,36.24,22.87
2023-04-12 04:00:00,4,4,92.58,35.05,29.93,32.05,13.58
2023-04-12 05:00:00,4,5,63.41,60.56,29.46,41.22,22.53
2023-04-12 06:00:00,4,6,81.39,44.91,26.43,39.94,28.16
2023-04-12 07:00:00,4,7,49.7,46.1,29.63,31.53,7.63
2023-04-12 08:00:00,4,8,69.63,46.11,28.25,30.63,8.83
2023-04-12 09:00:00,4,9,66.61,49.46,27.84,30.87,19.45
2023-04-12 10:00:00,4,10,74.6,46.76,29.06,27.92,11.12
2023-04-12 11:00:00,4,11,62.71,34.8,27.08,41.35,31.93
2023-04-12 12:00:00,4,12,67.47,62.43,26.73,27.65,16.87
2023-04-12 13:00:00,4,13,86.62,25.53,23.77,37.02,33.5
2023-04-12 14:00:00,4,14,61.36,38.46,32.49,36.13,18.64
2023-04-12 15:00:00,4,15,37.96,43.72,30.11,31.16,13.62
2023-04-12 16:00:00,4,16,105.09,34.23,28.77,41.73,36.83
2023-04-12 17:00:00,4,17,97.73,57.82,27.67,24.88,25.31
2023-04-12 18:00:00,4,18,44.25,49.95,23.25,32.28,1.72
2023-04-12 19:00:00,4,19,83.89,44.51,27.54,30.23,25.59
2023-04-12 20:00:00,4,20,60.04,29.65,30.43,37.48,22.11
2023-04-12 21:00:00,4,21,75.37,43.77,30.88,34.45,20.88
2023-04-12 22:00:00,4,22,75.98,38.8,30.28,24.04,13.19
2023-04-12 23:00:00,4,23,65.41,49.2,29.32,38.88,19.71
2023-04-13 00:00:00,4,0,54.42,38.43,31.61,35.11,17.34
2023-04-13 01:00:00,4,1,56.29,26.53,28.34,27.5,18.98
2023-04-13 02:00:00,4,2,51.77,33.35,31.17,30.93,10.68
2023-04-13 03:00:00,4,3,53.46,44.12,28.23,26.18,3.16
2023-04-13 04:00:00,4,4,68.75,36.55,27.24,31.83,30.67
2023-04-13 05:00:00,4,5,55.78,37.53,26.99,33.43,18.91
2023-04-13 06:00:00,4,6,83.74,38.24,26.87,31.01,19.69
2023-04-13 07:00:00,4,7,99.84,32.18,30.32,30.43,31.28
2023-04-13 08:00:00,4,8,58.5,32.26,27.51,24.62,16.68
2023-04-13 09:00:00,4,9,74.88,44.57,26.93,34.37,23.92
2023-04-13 10:00:00,4,10,80.09,36.88,30.43,23.06,13.01
2023-04-13 11:00:00,4,11,79.54,47.13,29.66,32.83,25.11
2023-04-13 12:00:00,4,12,71.62,52.53,30.93,23.68,19.59
2023-04-13 13:00:00,4,13,84.95,46.0,30.03,32.93,14.73
2023-04-13 14:00:00,4,14,79.74,44.06,27.49,32.65,22.83
2023-04-13 15:00:00,4,15,45.34,59.92,29.15,34.7,14.61
2023-04-13 16:00:00,4,16,87.48,34.7,29.25,36.99,28.31
2023-04-13 17:00:00,4,17,87.84,70.97,27.16,37.92,28.0
2023-04-13 18:00:00,4,18,54.83,16.15,26.79,24.63,17.19
2023-04-13 19:00:00,4,19,70.85,28.28,27.64,32.39,18.08
2023-04-13 20:00:00,4,20,83.76,45.91,33.07,42.73,29.83
2023-04-13 21:00:00,4,21,65.91,43.21,28.17,33.27,19.87
2023-04-13 22:00:00,4,22,91.56,40.27,31.47,28.52,20.88
2023-04-13 23:00:00,4,23,117.37,49.19,28.06,32.28,24.66
2023-04-14 00:00:00,4,0,54.38,41.38,30.78,30.76,15.02
2023-04-14 01:00:00,4,1,42.48,44.74,30.8,26.8,10.62
2023-04-14 02:00:00,4,2,76.17,44.24,30.91,37.03,21.69
2023-04-14 03:00:00,4,3,84.53,41.49,29.78,35.6,24.43
2023-04-14 04:00:00,4,4,65.48,56.44,31.75,26.01,0.0
2023-04-14 05:00:00,4,5,99.16,42.91,29.76,32.21,32.68
2023-04-14 06:00:00,4,6,43.32,41.67,32.43,29.85,15.29
2023-04-14 07:00:00,4,7,83.95,42.01,25.76,24.67,10.58
2023-04-14 08:00:00,4,8,57.98,45.46,29.7,25.61,9.0
2023-04-14 09:00:00,4,9,104.48,31.92,29.57,26.35,30.2
2023-04-14 10:00:00,4,10,109.95,46.84,27.13,32.39,23.92
2023-04-14 11:00:00,4,11,54.76,41.03,30.16,30.39,16.27
2023-04-14 12:00:00,4,12,59.11,30.33,26.02,27.88,11.28
2023-04-14 13:00:00,4,13,87.29,44.1,27.69,30.72,24.41
2023-04-14 14:00:00,4,14,62.35,41.16,25.0,36.42,19.19
2023-04-14 15:00:00,4,15,69.19,44.27,32.12,34.46,18.47
2023-04-14 16:00:00,4,16,70.6,30.93,28.54,37.69,24.13
2023-04-14 17:00:00,4,17,31.7,45.88,33.33,31.54,5.87
2023-04-14 18:00:00,4,18,69.82,30.47,30.61,40.69,14.77
2023-04-14 19:00:00,4,19,56.3,44.34,29.9,34.42,11.52
2023-04-14 20:00:00,4,20,60.23,51.9,27.83,30.23,9.95
2023-04-14 21:00:00,4,21,98.97,36.51,26.91,33.14,19.33
2023-04-14 22:00:00,4,22,44.97,46.35,30.05,26.44,11.76
2023-04-14 23:00:00,4,23,86.36,37.1,28.86,31.15,21.57
2023-04-15 00:00:00,4,0,64.52,70.6,26.32,34.83,20.51
2023-04-15 01:00:00,4,1,64.5,43.25,25.97,35.74,21.83
2023-04-15 02:00:00,4,2,85.9,47.9,27.08,30.63,25.72
2023-04-15 03:00:00,4,3,76.9,53.93,32.64,46.35,31.75
2023-04-15 04:00:00,4,4,81.51,48.83,33.43,31.82,16.73
2023-04-15 05:00:00,4,5,89.46,49.04,29.41,24.29,21.02
2023-04-15 06:00:00,4,6,63.47,43.78,29.3,38.75,21.62
2023-04-15 07:00:00,4,7,57.85,56.97,28.33,35.72,28.18
2023-04-15 08:00:00,4,8,48.39,40.14,27.13,33.84,13.69
2023-04-15 09:00:00,4,9,53.59,29.64,31.75,30.35,15.48
2023-04-15 10:00:00,4,10,129.08,40.49,32.75,34.65,36.82
2023-04-15 11:00:00,4,11,94.99,35.21,27.21,40.77,32.54
2023-04-15 12:00:00,4,12,43.07,32.36,28.83,33.69,12.01
2023-04-15 13:00:00,4,13,43.65,30.94,28.1,25.33,7.05
2023-04-15 14:00:00,4,14,79.73,24.6,28.16,15.41,11.13
2023-04-15 15:00:00,4,15,81.04,48.29,31.37,34.6,26.49
2023-04-15 16:00:00,4,16,81.07,50.49,26.38,27.75,16.66
2023-04-15 17:00:00,4,17,65.0,35.47,29.93,32.18,21.62
2023-04-15 18:00:00,4,18,67.59,36.22,30.46,28.63,19.71
2023-04-15 19:00:00,4,19,76.65,35.54,28.72,28.27,13.67
2023-04-15 20:00:00,4,20,71.81,24.41,30.79,28.85,12.46
2023-04-15 21:00:00,4,21,25.71,43.19,29.3,29.31,8.52
2023-04-15 22:00:00,4,22,65.5,39.04,31.43,36.56,17.03
2023-04-15 23:00:00,4,23,53.07,53.11,25.96,35.55,10.5
2023-04-16 00:00:00,4,0,73.6,21.95,28.3,26.64,24.93
2023-04-16 01:00:00,4,1,129.8,46.67,28.86,27.32,24.74
2023-04-16 02:00:00,4,2,77.45,46.38,23.66,34.58,14.71
2023-04-16 03:00:00,4,3,63.83,46.77,26.83,37.94,16.27
2023-04-16 04:00:00,4,4,88.53,49.75,27.37,37.87,29.11
2023-04-16 05:00:00,4,5,79.75,50.6,30.9,27.66,18.76
2023-04-16 06:00:00,4,6,78.5,48.54,27.59,37.63,34.06
2023-04-16 07:00:00,4,7,82.23,56.96,27.36,23.8,12.48
2023-04-16 08:00:00,4,8,111.23,51.15,30.63,31.67,30.55
2023-04-16 09:00:00,4,9,47.48,23.81,25.76,35.11,19.54
2023-04-16 10:00:00,4,10,79.57,35.94,24.86,22.29,11.49
2023-04-16 11:00:00,4,11,51.57,34.04,28.28,43.14,22.07
2023-04-16 12:00:00,4,12,81.21,31.53,26.1,39.31,17.46
2023-04-16 13:00:00,4,13,51.72,24.96,26.18,35.91,24.28
2023-04-16 14:00:00,4,14,61.75,61.02,30.15,27.85,19.32
2023-04-16 15:00:00,4,15,64.19,55.6,30.75,32.34,13.91
2023-04-16 16:00:00,4,16,89.61,51.34,30.58,36.63,31.52
2023-04-16 17:00:00,4,17,88.47,48.0,31.22,27.07,26.53
2023-04-16 18:00:00,4,18,45.18,46.31,31.48,31.78,5.53
2023-04-16 19:00:00,4,19,71.19,47.77,24.74,37.23,19.1
2023-04-16 20:00:00,4,20,55.9,41.11,29.9,25.21,18.48
2023-04-16 21:00:00,4,21,44.93,42.95,27.94,34.34,13.2
2023-04-16 22:00:00,4,22,65.76,50.53,27.51,23.91,15.29
2023-04-16 23:00:00,4,23,63.93,65.06,30.12,27.96,15.26
2023-04-17 00:00:00,4,0,118.63,53.23,25.54,30.16,34.29
2023-04-17 01:00:00,4,1,78.76,48.79,25.5,35.25,25.71
2023-04-17 02:00:00,4,2,42.54,45.77,30.27,29.18,10.88
2023-04-17 03:00:00,4,3,58.8,54.6,29.98,33.31,5.82
2023-04-17 04:00:00,4,4,90.52,48.21,29.27,29.24,25.27
2023-04-17 05:00:00,4,5,111.87,54.61,27.24,30.03,31.65
2023-04-17 06:00:00,4,6,38.38,44.56,30.49,38.93,6.26
2023-04-17 07:00:00,4,7,32.5,54.03,30.36,26.93,1.44
2023-04-17 08:00:00,4,8,107.52,51.79,29.17,36.48,35.29
2023-04-17 09:00:00,4,9,77.89,56.39,26.65,32.67,22.19
2023-04-17 10:00:00,4,10,52.73,44.84,28.15,29.8,3.23
2023-04-17 11:00:00,4,11,80.79,51.97,30.68,26.59,13.8
2023-04-17 12:00:00,4,12,17.38,34.23,31.65,26.95,5.47
2023-04-17 13:00:00,4,13,70.16,39.24,28.35,28.99,20.34
2023-04-17 14:00:00,4,14,76.65,44.0,28.5,31.93,17.49
2023-04-17 15:00:00,4,15,88.58,51.28,28.68,35.7,25.63
2023-04-17 16:00:00,4,16,49.82,39.5,29.55,31.18,8.56
2023-04-17 17:00:00,4,17,71.81,36.39,27.84,31.51,25.49
2023-04-17 18:00:00,4,18,51.59,41.87,23.21,32.26,14.75
2023-04-17 19:00:00,4,19,75.2,27.26,31.39,35.06,18.65
2023-04-17 20:00:00,4,20,52.19,38.7,32.59,35.9,9.84
2023-04-17 21:00:00,4,21,61.93,34.17,27.78,25.74,6.96
2023-04-17 22:00:00,4,22,50.18,41.97,26.87,31.27,22.14
2023-04-17 23:00:00,4,23,83.12,36.54,28.73,38.82,26.04
2023-04-18 00:00:00,4,0,87.27,51.27,28.62,26.1,16.99
2023-04-18 01:00:00,4,1,65.4,47.89,30.99,33.05,16.96
2023-04-18 02:00:00,4,2,70.86,39.81,29.11,31.83,15.65
2023-04-18 03:00:00,4,3,41.12,39.88,27.41,29.85,9.7
2023-04-18 04:00:00,4,4,64.1,38.23,26.36,40.63,21.89
2023-04-18 05:00:00,4,5,69.09,32.3,30.73,32.86,19.01
2023-04-18 06:00:00,4,6,122.51,57.55,30.2,40.24,34.79
2023-04-18 07:00:00,4,7,47.86,53.05,31.12,32.71,17.51
2023-04-18 08:00:00,4,8,99.38,41.01,27.06,34.98,26.22
2023-04-18 09:00:00,4,9,90.03,50.54,32.68,29.79,19.07
2023-04-18 10:00:00,4,10,75.71,9.52,25.51,29.85,15.32
2023-04-18 11:00:00,4,11,105.27,38.14,30.42,34.73,25.22
2023-04-18 12:00:00,4,12,77.54,44.08,25.18,34.82,23.85
2023-04-18 13:00:00,4,13,77.88,48.46,27.42,35.67,27.64
2023-04-18 14:00:00,4,14,69.03,48.1,32.12,34.56,16.28
2023-04-18 15:00:00,4,15,94.57,43.0,30.66,26.0,11.28
2023-04-18 16:00:00,4,16,92.03,42.18,27.91,28.65,16.85
2023-04-18 17:00:00,4,17,57.58,47.87,27.96,36.93,15.49
2023-04-18 18:00:00,4,18,43.71,46.03,29.2,22.89,2.18
2023-04-18 19:00:00,4,19,66.04,29.86,30.03,34.14,15.81
2023-04-18 20:00:00,4,20,54.1,29.46,31.5,32.12,11.73
2023-04-18 21:00:00,4,21,68.83,40.78,28.09,36.93,21.12
2023-04-18 22:00:00,4,22,94.84,56.71,25.78,34.76,20.22
2023-04-18 23:00:00,4,23,60.95,37.92,29.31,29.36,17.82
2023-04-19 00:00:00,4,0,69.24,27.76,28.09,29.13,25.12
2023-04-19 01:00:00,4,1,71.26,29.6,26.4,30.07,25.01
2023-04-19 02:00:00,4,2,87.06,35.96,29.6,35.58,22.91
2023-04-19 03:00:00,4,3,25.16,29.08,28.57,21.17,7.78
2023-04-19 04:00:00,4,4,57.96,42.77,29.61,33.47,18.93
2023-04-19 05:00:00,4,5,74.32,37.02,27.21,28.26,17.3
2023-04-19 06:00:00,4,6,94.1,50.11,29.97,33.63,27.28
2023-04-19 07:00:00,4,7,60.26,40.38,26.37,34.4,20.7
2023-04-19 08:00:00,4,8,32.57,30.01,27.34,24.37,11.03
2023-04-19 09:00:00,4,9,82.49,49.2,28.51,31.55,17.64
2023-04-19 10:00:00,4,10,57.39,51.92,32.48,33.46,19.75
2023-04-19 11:00:00,4,11,46.3,42.33,30.57,33.12,21.12
2023-04-19 12:00:00,4,12,57.61,45.57,31.15,32.07,19.82
2023-04-19 13:00:00,4,13,66.41,36.81,31.83,26.58,22.4
2023-04-19 14:00:00,4,14,58.0,47.83,36.21,27.34,0.3
2023-04-19 15:00:00,4,15,25.98,26.12,29.08,25.79,8.57
2023-04-19 16:00:00,4,16,88.04,56.2,31.84,35.45,27.34
2023-04-19 17:00:00,4,17,95.59,30.76,31.03,32.1,30.72
2023-04-19 18:00:00,4,18,83.13,50.95,30.99,32.42,16.84
2023-04-19 19:00:00,4,19,47.34,61.26,32.55,24.15,7.0
2023-04-19 20:00:00,4,20,66.07,40.92,28.16,32.51,22.41
2023-04-19 21:00:00,4,21,69.97,45.85,28.0,35.85,15.62
2023-04-19 22:00:00,4,22,82.07,54.4,29.64,23.47,17.27
2023-04-19 23:00:00,4,23,83.46,60.12,28.63,30.0,20.8
2023-04-20 00:00:00,4,0,55.41,43.38,29.64,24.83,10.49
2023-04-20 01:00:00,4,1,71.74,33.54,32.13,30.58,21.15
2023-04-20 02:00:00,4,2,79.24,37.45,28.04,28.17,13.04
2023-04-20 03:00:00,4,3,99.21,42.73,28.39,34.58,24.71
2023-04-20 04:00:00,4,4,84.19,38.51,29.35,33.53,22.84
2023-04-20 05:00:00,4,5,85.88,43.57,28.54,39.14,22.02
2023-04-20 06:00:00,4,6,71.77,57.6,25.17,32.41,25.55
2023-04-20 07:00:00,4,7,98.31,57.51,27.84,34.37,24.18
2023-04-20 08:00:00,4,8,78.29,45.33,30.37,29.89,23.45
2023-04-20 09:00:00,4,9,52.87,44.91,31.88,27.16,7.6
2023-04-20 10:00:00,4,10,98.16,34.79,26.69,36.85,33.69
2023-04-20 11:00:00,4,11,84.05,35.73,26.68,38.9,19.22
2023-04-20 12:00:00,4,12,61.24,37.25,29.06,36.21,25.53
2023-04-20 13:00:00,4,13,60.51,46.1,24.85,33.34,22.49
2023-04-20 14:00:00,4,14,76.03,57.11,28.11,27.81,14.87
2023-04-20 15:00:00,4,15,79.36,39.18,25.53,38.39,21.27
2023-04-20 16:00:00,4,16,74.04,38.05,31.74,35.58,24.25
2023-04-20 17:00:00,4,17,76.32,67.19,27.46,42.8,19.61
2023-04-20 18:00:00,4,18,104.1,51.64,32.31,26.91,23.53
2023-04-20 19:00:00,4,19,91.53,50.21,31.23,36.99,24.19
2023-04-20 20:00:00,4,20,73.91,42.12,27.71,35.43,20.56
2023-04-20 21:00:00,4,21,88.92,51.33,26.86,30.97,19.74
2023-04-20 22:00:00,4,22,49.45,43.68,28.61,39.5,12.29
2023-04-20 23:00:00,4,23,78.05,45.41,28.79,34.69,31.1
2023-04-21 00:00:00,4,0,106.28,44.89,29.69,28.0,28.71
2023-04-21 01:00:00,4,1,65.74,50.47,27.45,32.09,10.19
2023-04-21 02:00:00,4,2,53.14,49.69,30.49,27.94,8.0
2023-04-21 03:00:00,4,3,57.05,54.1,29.53,30.34,18.72
2023-04-21 04:00:00,4,4,48.3,39.5,28.32,36.2,19.42
2023-04-21 05:00:00,4,5,54.4,37.59,27.58,37.63,10.14
2023-04-21 06:00:00,4,6,62.69,51.01,28.63,33.79,21.15
2023-04-21 07:00:00,4,7,41.98,28.09,27.37,28.93,11.45
2023-04-21 08:00:00,4,8,70.41,46.45,29.12,34.59,10.6
2023-04-21 09:00:00,4,9,88.14,28.0,29.17,36.3,24.66
2023-04-21 10:00:00,4,10,51.94,49.72,29.52,22.82,9.2
2023-04-21 11:00:00,4,11,100.48,63.57,32.53,33.26,28.11
2023-04-21 12:00:00,4,12,80.31,39.28,28.74,31.73,14.65
2023-04-21 13:00:00,4,13,90.71,40.82,31.01,37.45,24.51
2023-04-21 14:00:00,4,14,56.94,42.96,29.46,34.61,13.32
2023-04-21 15:00:00,4,15,87.19,49.72,28.52,35.1,22.84
2023-04-21 16:00:00,4,16,48.26,43.65,28.76,30.27,9.59
2023-04-21 17:00:00,4,17,87.9,48.41,28.88,32.69,23.3
2023-04-21 18:00:00,4,18,73.53,46.32,29.56,37.4,24.48
2023-04-21 19:00:00,4,19,81.16,34.88,27.08,32.36,30.77
2023-04-21 20:00:00,4,20,46.58,41.46,26.07,33.55,17.39
2023-04-21 21:00:00,4,21,52.19,37.2,30.31,25.0,17.46
2023-04-21 22:00:00,4,22,82.04,45.62,30.8,32.34,19.72
2023-04-21 23:00:00,4,23,51.13,46.72,30.49,22.62,4.62
2023-04-22 00:00:00,4,0,79.36,54.84,29.31,30.1,23.92
2023-04-22 01:00:00,4,1,42.75,47.0,30.53,33.0,11.68
2023-04-22 02:00:00,4,2,87.06,76.51,30.43,36.51,30.16
2023-04-22 03:00:00,4,3,45.45,49.2,30.58,27.68,6.08
2023-04-22 04:00:00,4,4,81.14,44.12,27.28,34.55,26.62
2023-04-22 05:00:00,4,5,82.61,37.66,26.81,40.02,26.69
2023-04-22 06:00:00,4,6,56.16,45.99,28.22,29.48,11.5
2023-04-22 07:00:00,4,7,81.74,39.82,28.97,24.94,15.17
2023-04-22 08:00:00,4,8,75.31,65.1,28.52,34.13,23.88
2023-04-22 09:00:00,4,9,59.32,43.87,25.25,26.72,17.09
2023-04-22 10:00:00,4,10,49.93,60.1,32.44,28.58,10.07
2023-04-22 11:00:00,4,11,30.84,55.38,28.45,37.3,11.31
2023-04-22 12:00:00,4,12,77.09,45.17,29.35,42.06,28.74
2023-04-22 13:00:00,4,13,38.8,30.54,31.49,27.68,12.65
2023-04-22 14:00:00,4,14,72.0,39.59,24.31,28.99,22.34
2023-04-22 15:00:00,4,15,64.83,43.12,27.98,30.48,25.53
2023-04-22 16:00:00,4,16,83.68,43.5,28.23,29.94,18.57
2023-04-22 17:00:00,4,17,64.06,50.44,28.33,42.35,29.92
2023-04-22 18:00:00,4,18,63.51,48.74,28.65,30.03,16.49
2023-04-22 19:00:00,4,19,84.73,39.03,31.89,30.74,16.25
2023-04-22 20:00:00,4,20,76.8,57.15,30.35,40.76,22.85
2023-04-22 21:00:00,4,21,76.42,37.37,30.92,35.56,24.99
2023-04-22 22:00:00,4,22,79.48,47.19,29.09,37.61,28.54
2023-04-22 23:00:00,4,23,39.38,35.05,26.2,28.15,4.16
2023-04-23 00:00:00,4,0,85.23,33.69,24.84,30.03,17.52
2023-04-23 01:00:00,4,1,82.35,60.03,25.94,27.48,16.2
2023-04-23 02:00:00,4,2,49.76,49.12,29.72,36.69,10.91
2023-04-23 03:00:00,4,3,65.21,51.86,29.06,38.81,11.7
2023-04-23 04:00:00,4,4,69.31,61.43,28.58,29.68,6.06
2023-04-23 05:00:00,4,5,67.41,53.63,28.26,30.86,15.44
2023-04-23 06:00:00,4,6,76.77,18.89,33.02,31.08,21.16
2023-04-23 07:00:00,4,7,98.72,37.21,27.35,24.94,23.81
2023-04-23 08:00:00,4,8,91.73,24.13,30.86,29.31,15.61
2023-04-23 09:00:00,4,9,43.85,35.01,29.0,36.55,6.64
2023-04-23 10:00:00,4,10,82.54,50.72,28.88,28.3,16.84
2023-04-23 11:00:00,4,11,96.67,47.12,31.35,33.14,26.74
2023-04-23 12:00:00,4,12,77.83,37.42,31.93,26.14,22.01
2023-04-23 13:00:00,4,13,91.92,38.93,28.52,31.96,28.08
2023-04-23 14:00:00,4,14,110.34,49.07,30.6,29.86,25.64
2023-04-23 15:00:00,4,15,90.57,58.4,29.73,26.57,21.87
2023-04-23 16:00:00,4,16,75.08,10.42,29.01,36.63,18.72
2023-04-23 17:00:00,4,17,91.0,44.71,29.41,36.91,28.38
2023-04-23 18:00:00,4,18,72.99,46.56,27.62,27.83,16.63
2023-04-23 19:00:00,4,19,70.57,42.17,28.39,31.6,25.62
2023-04-23 20:00:00,4,20,63.07,45.73,27.84,32.9,19.77
2023-04-23 21:00:00,4,21,101.36,42.07,30.8,23.61,16.1
2023-04-23 22:00:00,4,22,53.73,30.43,28.81,25.69,7.71
2023-04-23 23:00:00,4,23,100.74,44.55,26.4,39.11,31.19
2023-04-24 00:00:00,4,0,80.09,54.93,27.55,27.35,10.45
2023-04-24 01:00:00,4,1,42.11,44.92,22.6,38.97,12.53
2023-04-24 02:00:00,4,2,77.45,47.95,28.01,25.95,16.04
2023-04-24 03:00:00,4,3,28.1,29.06,29.08,35.97,10.76
2023-04-24 04:00:00,4,4,82.61,31.59,28.73,31.12,24.5
2023-04-24 05:00:00,4,5,87.8,42.23,32.96,31.83,23.8
2023-04-24 06:00:00,4,6,58.25,56.09,30.15,41.96,12.23
2023-04-24 07:00:00,4,7,72.57,55.56,30.06,26.41,9.87
2023-04-24 08:00:00,4,8,109.18,43.15,25.71,35.65,29.43
2023-04-24 09:00:00,4,9,59.98,39.94,28.27,35.45,20.99
2023-04-24 10:00:00,4,10,48.92,47.05,28.03,49.45,23.26
2023-04-24 11:00:00,4,11,99.73,48.1,27.43,27.29,21.45
2023-04-24 12:00:00,4,12,109.35,49.23,27.4,29.55,38.74
2023-04-24 13:00:00,4,13,70.17,43.54,25.38,36.76,29.32
2023-04-24 14:00:00,4,14,90.33,67.13,26.45,31.68,30.06
2023-04-24 15:00:00,4,15,96.93,54.31,30.75,30.36,28.04
2023-04-24 16:00:00,4,16,55.25,49.57,28.71,37.47,19.55
2023-04-24 17:00:00,4,17,60.39,31.23,27.99,31.35,17.71
2023-04-24 18:00:00,4,18,94.71,51.44,28.99,28.22,13.26
2023-04-24 19:00:00,4,19,103.8,41.5,31.33,36.31,26.17
2023-04-24 20:00:00,4,20,81.35,41.04,29.01,34.56,22.33
2023-04-24 21:00:00,4,21,52.5,30.32,30.08,31.12,14.26
2023-04-24 22:00:00,4,22,109.84,30.68,27.31,30.88,27.66
2023-04-24 23:00:00,4,23,59.48,43.88,27.76,28.1,15.3
2023-04-25 00:00:00,4,0,63.39,48.06,29.71,36.3,8.67
2023-04-25 01:00:00,4,1,76.94,49.94,32.79,30.88,22.34
2023-04-25 02:00:00,4,2,101.18,45.71,31.86,28.83,24.63
2023-04-25 03:00:00,4,3,87.18,47.64,30.17,26.25,18.15
2023-04-25 04:00:00,4,4,78.39,37.76,29.3,34.64,27.28
2023-04-25 05:00:00,4,5,79.36,39.1,31.8,30.14,14.72
2023-04-25 06:00:00,4,6,70.97,37.38,30.59,22.62,12.2
2023-04-25 07:00:00,4,7,81.26,30.71,24.41,26.66,19.49
2023-04-25 08:00:00,4,8,19.5,24.67,26.89,31.51,0.86
2023-04-25 09:00:00,4,9,64.16,42.05,29.68,31.65,6.92
2023-04-25 10:00:00,4,10,74.92,32.31,25.43,31.46,13.89
2023-04-25 11:00:00,4,11,47.08,46.82,27.2,30.77,11.75
2023-04-25 12:00:00,4,12,77.82,31.45,27.6,25.3,15.17
2023-04-25 13:00:00,4,13,66.01,32.69,28.49,28.31,15.49
2023-04-25 14:00:00,4,14,105.21,33.22,28.43,38.6,30.56
2023-04-25 15:00:00,4,15,101.56,42.36,28.42,37.86,25.5
2023-04-25 16:00:00,4,16,60.78,49.98,30.65,35.57,18.71
2023-04-25 17:00:00,4,17,67.08,57.25,28.47,35.13,18.82
2023-04-25 18:00:00,4,18,68.62,43.7,28.23,37.2,24.48
2023-04-25 19:00:00,4,19,61.06,27.97,26.3,27.08,10.05
2023-04-25 20:00:00,4,20,74.0,46.4,31.05,32.84,10.16
2023-04-25 21:00:00,4,21,54.93,35.45,27.66,27.08,0.0
2023-04-25 22:00:00,4,22,47.48,34.86,26.83,27.16,8.75
2023-04-25 23:00:00,4,23,82.55,46.14,29.43,34.52,24.4
2023-04-26 00:00:00,4,0,82.69,30.14,27.47,37.41,24.63
2023-04-26 01:00:00,4,1,54.01,72.39,27.95,31.71,11.46
2023-04-26 02:00:00,4,2,88.0,55.53,29.52,40.92,22.07
2023-04-26 03:00:00,4,3,57.46,52.46,28.35,33.74,6.72
2023-04-26 04:00:00,4,4,75.16,51.5,33.62,28.8,19.88
2023-04-26 05:00:00,4,5,86.5,39.94,28.85,27.25,18.51
2023-04-26 06:00:00,4,6,69.42,40.4,30.24,37.77,20.05
2023-04-26 07:00:00,4,7,79.19,39.36,25.12,33.32,14.29
2023-04-26 08:00:00,4,8,59.77,37.34,27.28,36.06,13.14
2023-04-26 09:00:00,4,9,66.17,52.8,26.83,19.39,10.92
2023-04-26 10:00:00,4,10,65.98,55.48,27.09,33.9,20.08
2023-04-26 11:00:00,4,11,55.16,39.34,29.83,30.12,13.03
2023-04-26 12:00:00,4,12,66.56,49.6,31.07,25.71,21.17
2023-04-26 13:00:00,4,13,39.12,59.01,29.69,32.37,7.68
2023-04-26 14:00:00,4,14,60.27,33.59,28.55,38.14,25.6
2023-04-26 15:00:00,4,15,64.4,29.35,27.74,44.01,24.72
2023-04-26 16:00:00,4,16,64.97,27.73,31.23,33.89,18.9
2023-04-26 17:00:00,4,17,65.27,41.43,33.14,29.13,20.52
2023-04-26 18:00:00,4,18,68.86,37.04,29.27,28.83,13.43
2023-04-26 19:00:00,4,19,79.69,29.6,30.88,37.5,23.27
2023-04-26 20:00:00,4,20,87.59,49.72,29.69,27.7,14.11
2023-04-26 21:00:00,4,21,57.1,32.19,30.51,35.79,21.72
2023-04-26 22:00:00,4,22,46.03,40.55,26.67,34.15,14.78
2023-04-26 23:00:00,4,23,49.26,34.16,28.02,33.59,19.29
2023-04-27 00:00:00,4,0,60.35,41.44,29.79,24.84,13.52
2023-04-27 01:00:00,4,1,63.06,30.34,31.42,30.89,21.76
2023-04-27 02:00:00,4,2,54.7,41.07,27.36,25.39,7.84
2023-04-27 03:00:00,4,3,44.17,58.14,24.93,29.74,15.89
2023-04-27 04:00:00,4,4,60.97,28.78,28.0,37.27,16.96
2023-04-27 05:00:00,4,5,73.72,52.78,31.02,38.83,23.89
2023-04-27 06:00:00,4,6,82.0,30.77,25.83,33.75,26.72
2023-04-27 07:00:00,4,7,58.95,44.2,26.65,29.83,26.3
2023-04-27 08:00:00,4,8,61.84,31.54,29.31,40.62,25.04
2023-04-27 09:00:00,4,9,51.56,31.95,28.77,29.76,17.37
2023-04-27 10:00:00,4,10,69.47,39.0,30.19,27.0,12.91
2023-04-27 11:00:00,4,11,53.13,38.22,26.54,36.16,16.8
2023-04-27 12:00:00,4,12,81.56,39.07,28.35,34.97,23.3
2023-04-27 13:00:00,4,13,34.38,63.44,31.39,29.97,15.63
2023-04-27 14:00:00,4,14,62.9,42.12,26.61,33.18,16.67
2023-04-27 15:00:00,4,15,76.12,54.46,31.95,34.89,28.79
2023-04-27 16:00:00,4,16,73.77,41.59,26.87,33.7,14.22
2023-04-27 17:00:00,4,17,123.96,54.73,30.7,34.97,43.14
2023-04-27 18:00:00,4,18,77.09,55.15,28.25,30.15,15.08
2023-04-27 19:00:00,4,19,50.02,27.25,26.71,35.31,19.0
2023-04-27 20:00:00,4,20,68.19,32.61,28.01,32.77,14.31
2023-04-27 21:00:00,4,21,34.57,43.34,30.09,30.32,11.83
2023-04-27 22:00:00,4,22,68.48,41.45,28.99,31.45,13.15
2023-04-27 23:00:00,4,23,53.44,45.78,31.24,32.19,19.53
2023-04-28 00:00:00,4,0,88.4,37.6,31.87,25.45,22.99
2023-04-28 01:00:00,4,1,59.11,50.06,26.63,29.5,11.53
2023-04-28 02:00:00,4,2,67.76,33.36,26.49,33.0,21.54
2023-04-28 03:00:00,4,3,57.39,45.83,26.39,25.92,17.14
2023-04-28 04:00:00,4,4,104.87,47.5,27.2,29.58,21.25
2023-04-28 05:00:00,4,5,63.67,43.08,31.21,44.6,18.51
2023-04-28 06:00:00,4,6,106.75,49.21,30.12,27.03,18.71
2023-04-28 07:00:00,4,7,86.38,40.01,27.91,30.76,16.09
2023-04-28 08:00:00,4,8,79.74,48.67,28.98,28.51,13.58
2023-04-28 09:00:00,4,9,77.47,38.62,31.81,32.1,25.36
2023-04-28 10:00:00,4,10,77.97,31.14,32.82,28.6,21.39
2023-04-28 11:00:00,4,11,31.54,50.49,29.52,31.46,0.0
2023-04-28 12:00:00,4,12,64.52,44.61,23.68,29.09,13.1
2023-04-28 13:00:00,4,13,87.0,38.69,29.59,37.96,21.75
2023-04-28 14:00:00,4,14,69.12,47.66,30.87,33.09,23.38
2023-04-28 15:00:00,4,15,41.99,38.66,29.45,27.66,7.44
2023-04-28 16:00:00,4,16,69.05,37.75,30.45,36.88,13.51
2023-04-28 17:00:00,4,17,104.18,32.47,29.71,27.89,25.08
2023-04-28 18:00:00,4,18,95.03,49.36,26.53,24.86,22.73
2023-04-28 19:00:00,4,19,68.86,52.73,27.23,32.66,13.99
2023-04-28 20:00:00,4,20,89.13,46.38,28.36,42.22,30.05
2023-04-28 21:00:00,4,21,62.77,52.98,31.13,23.54,7.81
2023-04-28 22:00:00,4,22,36.02,37.66,27.47,26.02,14.04
2023-04-28 23:00:00,4,23,51.61,54.92,29.91,36.44,13.53
2023-04-29 00:00:00,4,0,101.35,19.97,29.61,29.47,21.3
2023-04-29 01:00:00,4,1,64.62,30.34,32.17,35.74,19.0
2023-04-29 02:00:00,4,2,65.23,43.18,28.92,28.49,14.46
2023-04-29 03:00:00,4,3,64.1,34.63,25.49,33.39,21.29
2023-04-29 04:00:00,4,4,108.18,59.67,30.29,41.4,43.43
2023-04-29 05:00:00,4,5,102.62,18.07,33.28,26.71,28.97
2023-04-29 06:00:00,4,6,114.47,49.2,30.42,37.8,34.17
2023-04-29 07:00:00,4,7,66.92,44.51,27.42,36.08,21.66
2023-04-29 08:00:00,4,8,76.01,61.86,26.84,25.23,23.44
2023-04-29 09:00:00,4,9,39.76,38.44,27.09,35.47,19.4
2023-04-29 10:00:00,4,10,99.63,54.36,33.01,33.04,23.07
2023-04-29 11:00:00,4,11,46.74,42.28,28.35,33.13,15.88
2023-04-29 12:00:00,4,12,74.43,48.74,27.67,34.36,23.44
2023-04-29 13:00:00,4,13,48.15,54.08,28.68,30.93,17.05
2023-04-29 14:00:00,4,14,58.32,51.34,28.37,33.03,22.28
2023-04-29 15:00:00,4,15,53.35,41.04,32.14,33.89,9.87
2023-04-29 16:00:00,4,16,57.94,56.12,26.97,36.41,14.14
2023-04-29 17:00:00,4,17,59.31,50.79,31.36,25.04,16.92
2023-04-29 18:00:00,4,18,59.13,36.67,29.24,39.13,20.04
2023-04-29 19:00:00,4,19,86.76,17.28,31.41,26.9,8.33
2023-04-29 20:00:00,4,20,48.0,38.53,32.17,36.49,6.27
2023-04-29 21:00:00,4,21,74.51,52.47,29.17,33.08,23.86
2023-04-29 22:00:00,4,22,94.46,46.97,28.37,26.27,24.89
2023-04-29 23:00:00,4,23,59.83,42.99,29.13,35.32,10.87
2023-04-30 00:00:00,4,0,55.74,46.8,28.81,27.95,18.49
2023-04-30 01:00:00,4,1,65.49,34.27,25.69,38.02,19.78
2023-04-30 02:00:00,4,2,93.69,41.13,32.1,29.13,17.64
2023-04-30 03:00:00,4,3,73.98,34.22,29.49,25.2,12.75
2023-04-30 04:00:00,4,4,59.47,46.45,26.67,40.35,13.9
2023-04-30 05:00:00,4,5,79.77,30.05,24.86,33.59,19.26
2023-04-30 06:00:00,4,6,48.05,44.97,24.34,37.02,5.49
2023-04-30 07:00:00,4,7,83.72,53.01,30.54,28.42,19.47
2023-04-30 08:00:00,4,8,78.27,21.53,27.76,23.22,18.09
2023-04-30 09:00:00,4,9,63.94,61.55,28.09,41.06,15.15
2023-04-30 10:00:00,4,10,53.32,50.69,29.98,32.65,14.6
2023-04-30 11:00:00,4,11,52.36,49.57,27.97,35.14,11.32
2023-04-30 12:00:00,4,12,80.79,18.22,30.09,35.96,27.57
2023-04-30 13:00:00,4,13,94.68,25.23,29.19,31.0,12.9
2023-04-30 14:00:00,4,14,57.35,28.36,28.83,33.81,19.73
2023-04-30 15:00:00,4,15,79.26,46.61,25.85,40.65,17.78
2023-04-30 16:00:00,4,16,28.36,19.04,27.36,32.52,6.64
2023-04-30 17:00:00,4,17,58.4,39.62,30.21,37.39,14.66
2023-04-30 18:00:00,4,18,69.48,33.53,27.64,22.72,11.36
2023-04-30 19:00:00,4,19,51.9,41.5,31.41,38.3,8.93
2023-04-30 20:00:00,4,20,51.37,43.8,33.69,25.07,19.04
2023-04-30 21:00:00,4,21,56.74,45.82,30.31,37.73,11.42
2023-04-30 22:00:00,4,22,75.94,45.4,31.99,34.63,15.89
2023-04-30 23:00:00,4,23,66.35,37.22,30.44,32.2,26.79
2023-05-01 00:00:00,5,0,80.24,21.33,30.86,39.5,28.04
2023-05-01 01:00:00,5,1,82.59,25.31,32.33,38.74,20.4
2023-05-01 02:00:00,5,2,112.86,9.9,35.95,35.9,33.14
2023-05-01 03:00:00,5,3,134.15,54.67,30.88,38.97,42.41
2023-05-01 04:00:00,5,4,70.05,19.9,29.85,51.04,21.37
2023-05-01 05:00:00,5,5,115.01,17.82,29.66,46.51,40.81
2023-05-01 06:00:00,5,6,114.48,13.53,31.49,35.64,33.89
2023-05-01 07:00:00,5,7,152.77,25.65,29.92,41.34,58.99
2023-05-01 08:00:00,5,8,117.3,22.92,35.28,40.48,38.65
2023-05-01 09:00:00,5,9,132.66,15.14,32.36,39.29,42.89
2023-05-01 10:00:00,5,10,127.83,10.09,33.87,34.99,33.21
2023-05-01 11:00:00,5,11,82.39,28.01,31.33,42.23,34.49
2023-05-01 12:00:00,5,12,140.36,22.33,29.65,44.23,56.28
2023-05-01 13:00:00,5,13,129.31,8.21,29.31,35.83,42.58
2023-05-01 14:00:00,5,14,135.17,46.24,30.11,49.78,56.66
2023-05-01 15:00:00,5,15,203.52,31.9,32.62,47.61,72.81
2023-05-01 16:00:00,5,16,83.32,10.34,32.97,42.74,35.13
2023-05-01 17:00:00,5,17,159.49,14.07,33.13,33.84,45.29
2023-05-01 18:00:00,5,18,119.25,19.78,28.95,42.01,40.23
2023-05-01 19:00:00,5,19,130.75,29.49,31.93,41.41,47.39
2023-05-01 20:00:00,5,20,124.09,33.82,29.88,42.57,45.16
2023-05-01 21:00:00,5,21,116.52,30.91,32.73,47.95,41.24
2023-05-01 22:00:00,5,22,113.6,9.52,32.89,39.12,35.45
2023-05-01 23:00:00,5,23,131.59,31.28,29.58,50.24,45.61
2023-05-02 00:00:00,5,0,94.66,23.99,33.86,42.03,33.61
2023-05-02 01:00:00,5,1,140.01,32.54,36.61,38.55,51.65
2023-05-02 02:00:00,5,2,116.68,16.57,33.6,52.0,41.61
2023-05-02 03:00:00,5,3,102.4,30.39,31.6,44.15,38.34
2023-05-02 04:00:00,5,4,116.0,25.98,31.3,37.73,39.83
2023-05-02 05:00:00,5,5,150.14,41.83,31.51,40.42,54.69
2023-05-02 06:00:00,5,6,114.29,41.13,30.41,43.18,37.42
2023-05-02 07:00:00,5,7,132.17,24.92,32.43,39.25,37.74
2023-05-02 08:00:00,5,8,110.38,38.25,29.65,40.67,34.5
2023-05-02 09:00:00,5,9,140.16,3.95,28.15,35.91,47.93
2023-05-02 10:00:00,5,10,138.71,45.62,32.37,31.57,27.97
2023-05-02 11:00:00,5,11,161.97,33.0,31.97,40.53,48.66
2023-05-02 12:00:00,5,12,121.49,24.83,30.79,40.7,38.94
2023-05-02 13:00:00,5,13,138.37,28.65,29.36,42.64,44.32
2023-05-02 14:00:00,5,14,126.96,36.04,32.51,37.12,39.09
2023-05-02 15:00:00,5,15,150.92,34.58,29.95,33.3,48.97
2023-05-02 16:00:00,5,16,110.62,34.91,31.65,35.17,26.43
2023-05-02 17:00:00,5,17,139.9,27.87,35.46,45.28,52.09
2023-05-02 18:00:00,5,18,121.11,5.48,33.23,36.67,36.99
2023-05-02 19:00:00,5,19,123.72,24.22,29.19,37.79,37.31
2023-05-02 20:00:00,5,20,126.84,13.17,29.38,38.44,32.76
2023-05-02 21:00:00,5,21,130.04,19.93,32.23,36.9,36.83
2023-05-02 22:00:00,5,22,122.68,13.86,29.18,36.53,34.2
2023-05-02 23:00:00,5,23,129.29,53.0,27.92,35.64,41.6
2023-05-03 00:00:00,5,0,156.56,28.04,32.99,47.0,63.46
2023-05-03 01:00:00,5,1,144.71,11.93,32.57,43.4,44.61
2023-05-03 02:00:00,5,2,142.38,30.72,32.83,46.24,52.96
2023-05-03 03:00:00,5,3,115.89,7.38,32.45,47.25,43.16
2023-05-03 04:00:00,5,4,107.22,10.16,31.8,28.25,35.03
2023-05-03 05:00:00,5,5,144.11,29.69,30.6,41.72,51.59
2023-05-03 06:00:00,5,6,142.52,30.03,32.96,37.07,38.67
2023-05-03 07:00:00,5,7,154.45,35.14,34.99,45.58,54.82
2023-05-03 08:00:00,5,8,112.92,31.3,30.93,36.29,32.28
2023-05-03 09:00:00,5,9,120.41,37.33,29.89,34.73,36.68
2023-05-03 10:00:00,5,10,92.21,20.71,29.66,32.83,27.67
2023-05-03 11:00:00,5,11,117.15,39.56,30.19,38.49,38.6
2023-05-03 12:00:00,5,12,144.93,18.96,32.33,44.57,52.82
2023-05-03 13:00:00,5,13,115.67,18.72,27.65,41.28,39.14
2023-05-03 14:00:00,5,14,137.81,41.61,32.81,33.99,38.41
2023-05-03 15:00:00,5,15,121.19,9.5,33.22,50.76,42.38
2023-05-03 16:00:00,5,16,131.48,19.86,28.33,43.25,47.11
2023-05-03 17:00:00,5,17,102.05,17.5,29.97,43.89,34.46
2023-05-03 18:00:00,5,18,126.7,32.59,32.09,46.43,40.79
2023-05-03 19:00:00,5,19,65.18,18.78,31.64,31.8,29.37
2023-05-03 20:00:00,5,20,121.26,13.74,32.97,35.44,37.39
2023-05-03 21:00:00,5,21,92.39,25.99,31.65,44.12,34.05
2023-05-03 22:00:00,5,22,149.12,4.98,34.46,35.95,42.84
2023-05-03 23:00:00,5,23,140.55,24.56,31.29,38.62,48.92
2023-05-04 00:00:00,5,0,134.33,13.59,29.96,39.61,38.56
2023-05-04 01:00:00,5,1,155.42,22.07,29.8,33.61,42.0
2023-05-04 02:00:00,5,2,106.02,19.14,33.4,38.2,29.01
2023-05-04 03:00:00,5,3,159.95,41.71,31.99,44.57,63.06
2023-05-04 04:00:00,5,4,143.64,21.29,33.2,43.65,48.15
2023-05-04 05:00:00,5,5,120.27,32.35,33.15,45.57,51.2
2023-05-04 06:00:00,5,6,147.71,33.46,27.89,45.05,54.99
2023-05-04 07:00:00,5,7,102.87,7.56,29.65,42.03,39.93
2023-05-04 08:00:00,5,8,108.51,27.14,29.89,41.63,39.67
2023-05-04 09:00:00,5,9,112.83,35.03,30.3,41.27,44.12
2023-05-04 10:00:00,5,10,114.42,28.59,31.09,36.86,30.5
2023-05-04 11:00:00,5,11,103.87,38.0,33.93,34.85,34.71
2023-05-04 12:00:00,5,12,149.46,10.66,34.33,36.55,36.24
2023-05-04 13:00:00,5,13,119.82,31.96,31.34,38.37,38.55
2023-05-04 14:00:00,5,14,132.05,19.71,31.43,36.72,37.7
2023-05-04 15:00:00,5,15,113.59,11.44,30.52,42.07,32.82
2023-05-04 16:00:00,5,16,88.59,30.0,32.11,41.01,25.83
2023-05-04 17:00:00,5,17,130.4,19.68,32.33,41.55,41.97
2023-05-04 18:00:00,5,18,86.75,35.3,33.54,41.76,29.22
2023-05-04 19:00:00,5,19,123.63,0.54,33.53,45.98,44.77
2023-05-04 20:00:00,5,20,97.63,15.64,27.32,39.96,32.93
2023-05-04 21:00:00,5,21,164.75,26.93,31.62,45.04,57.72
2023-05-04 22:00:00,5,22,143.23,32.73,34.7,42.58,48.47
2023-05-04 23:00:00,5,23,127.12,26.14,31.05,45.65,46.94
2023-05-05 00:00:00,5,0,150.27,28.4,34.21,48.07,61.15
2023-05-05 01:00:00,5,1,108.07,5.47,31.32,42.88,42.89
2023-05-05 02:00:00,5,2,135.87,37.26,32.28,40.52,50.17
2023-05-05 03:00:00,5,3,129.0,23.65,29.65,40.49,44.74
2023-05-05 04:00:00,5,4,130.28,25.18,29.73,37.65,43.05
2023-05-05 05:00:00,5,5,150.45,26.17,33.38,37.48,48.58
2023-05-05 06:00:00,5,6,139.65,26.09,33.69,44.51,50.26
2023-05-05 07:00:00,5,7,130.77,26.16,31.98,35.18,42.87
2023-05-05 08:00:00,5,8,91.9,16.27,29.47,48.07,32.27
2023-05-05 09:00:00,5,9,105.8,18.91,32.02,39.24,24.38
2023-05-05 10:00:00,5,10,122.55,20.81,34.44,54.31,50.29
2023-05-05 11:00:00,5,11,126.87,55.34,35.41,36.53,45.66
2023-05-05 12:00:00,5,12,102.4,22.0,31.29,41.25,33.74
2023-05-05 13:00:00,5,13,173.23,41.56,28.61,38.24,56.61
2023-05-05 14:00:00,5,14,155.33,18.54,33.61,36.03,45.3
2023-05-05 15:00:00,5,15,137.04,10.26,31.38,45.32,54.6
2023-05-05 16:00:00,5,16,126.44,34.26,33.81,34.47,36.7
2023-05-05 17:00:00,5,17,120.76,27.62,32.49,36.62,36.53
2023-05-05 18:00:00,5,18,105.96,30.99,30.16,42.93,41.0
2023-05-05 19:00:00,5,19,126.55,12.65,32.04,43.72,43.81
2023-05-05 20:00:00,5,20,130.16,24.05,34.54,33.04,37.72
2023-05-05 21:00:00,5,21,100.16,7.72,31.63,42.91,34.96
2023-05-05 22:00:00,5,22,131.68,20.86,29.86,40.64,44.09
2023-05-05 23:00:00,5,23,121.89,22.58,28.75,35.41,31.9
2023-05-06 00:00:00,5,0,86.84,24.32,30.38,36.06,25.03
2023-05-06 01:00:00,5,1,107.79,16.82,31.11,29.83,24.11
2023-05-06 02:00:00,5,2,116.73,42.38,33.57,48.59,52.94
2023-05-06 03:00:00,5,3,162.75,24.15,29.69,45.08,52.75
2023-05-06 04:00:00,5,4,136.13,25.7,35.04,33.55,42.53
2023-05-06 05:00:00,5,5,98.29,17.75,29.25,43.99,27.34
2023-05-06 06:00:00,5,6,134.72,26.88,36.59,37.13,44.4
2023-05-06 07:00:00,5,7,94.05,35.39,35.38,44.57,30.77
2023-05-06 08:00:00,5,8,146.65,24.93,32.21,37.52,48.71
2023-05-06 09:00:00,5,9,115.58,35.83,28.63,38.18,36.19
2023-05-06 10:00:00,5,10,123.13,44.25,31.82,38.56,32.43
2023-05-06 11:00:00,5,11,151.52,17.73,31.15,36.71,53.18
2023-05-06 12:00:00,5,12,99.26,19.21,29.38,47.0,42.78
2023-05-06 13:00:00,5,13,97.06,20.33,32.51,44.49,38.52
2023-05-06 14:00:00,5,14,113.33,11.97,30.28,40.55,35.12
2023-05-06 15:00:00,5,15,145.77,31.65,30.5,45.12,58.9
2023-05-06 16:00:00,5,16,94.61,39.31,31.52,31.86,18.72
2023-05-06 17:00:00,5,17,68.36,25.7,30.78,33.86,8.16
2023-05-06 18:00:00,5,18,115.98,28.48,36.08,42.37,33.17
2023-05-06 19:00:00,5,19,136.03,33.42,30.86,43.68,44.93
2023-05-06 20:00:00,5,20,149.01,25.8,32.81,41.4,47.66
2023-05-06 21:00:00,5,21,115.74,31.12,32.22,30.59,27.34
2023-05-06 22:00:00,5,22,116.77,43.36,32.63,34.69,31.82
2023-05-06 23:00:00,5,23,148.08,29.41,32.79,42.08,48.71
2023-05-07 00:00:00,5,0,87.61,36.36,33.69,52.13,27.5
2023-05-07 01:00:00,5,1,117.23,22.68,32.46,46.09,46.01
2023-05-07 02:00:00,5,2,128.81,31.56,32.38,47.89,50.11
2023-05-07 03:00:00,5,3,133.98,13.88,32.05,41.7,43.11
2023-05-07 04:00:00,5,4,114.8,8.96,31.65,41.66,46.87
2023-05-07 05:00:00,5,5,125.69,18.21,30.1,34.83,35.3
2023-05-07 06:00:00,5,6,75.23,40.51,31.81,44.76,28.37
2023-05-07 07:00:00,5,7,111.84,9.95,32.41,39.63,40.94
2023-05-07 08:00:00,5,8,134.07,9.24,32.73,43.46,41.14
2023-05-07 09:00:00,5,9,105.35,24.81,32.29,40.15,35.16
2023-05-07 10:00:00,5,10,126.18,11.77,31.46,41.4,47.52
2023-05-07 11:00:00,5,11,133.94,30.52,31.81,39.56,43.73
2023-05-07 12:00:00,5,12,118.15,43.66,30.82,41.12,34.0
2023-05-07 13:00:00,5,13,128.41,32.6,32.55,45.0,45.77
2023-05-07 14:00:00,5,14,105.75,7.71,31.49,33.67,30.63
2023-05-07 15:00:00,5,15,120.87,39.91,32.29,32.54,22.26
2023-05-07 16:00:00,5,16,137.2,25.0,33.93,42.13,41.44
2023-05-07 17:00:00,5,17,128.14,24.66,30.51,47.2,60.3
2023-05-07 18:00:00,5,18,113.27,30.13,33.12,48.46,48.2
2023-05-07 19:00:00,5,19,129.48,29.44,31.99,33.88,44.0
2023-05-07 20:00:00,5,20,139.29,24.28,35.97,37.99,48.45
2023-05-07 21:00:00,5,21,84.0,30.62,31.5,32.6,24.81
2023-05-07 22:00:00,5,22,148.18,39.22,33.32,37.25,44.48
2023-05-07 23:00:00,5,23,118.27,22.85,31.96,45.61,46.89
2023-05-08 00:00:00,5,0,133.51,14.27,29.15,39.94,51.71
2023-05-08 01:00:00,5,1,148.94,16.3,30.89,38.13,51.49
2023-05-08 02:00:00,5,2,97.57,33.1,33.69,42.73,35.59
2023-05-08 03:00:00,5,3,110.81,37.51,31.06,36.02,32.43
2023-05-08 04:00:00,5,4,119.23,27.84,27.49,47.96,50.18
2023-05-08 05:00:00,5,5,109.32,9.32,31.87,40.04,33.84
2023-05-08 06:00:00,5,6,159.7,18.54,29.74,37.99,53.08
2023-05-08 07:00:00,5,7,107.86,17.96,32.19,42.93,35.13
2023-05-08 08:00:00,5,8,113.89,16.1,35.03,44.7,40.68
2023-05-08 09:00:00,5,9,129.09,20.79,33.47,47.98,46.51
2023-05-08 10:00:00,5,10,100.96,23.79,35.0,38.95,30.59
2023-05-08 11:00:00,5,11,117.09,18.38,30.81,45.43,40.94
2023-05-08 12:00:00,5,12,131.35,30.46,31.64,40.51,52.82
2023-05-08 13:00:00,5,13,118.34,39.14,29.84,36.94,31.98
2023-05-08 14:00:00,5,14,123.13,17.77,30.56,36.12,39.01
2023-05-08 15:00:00,5,15,114.41,12.62,30.07,34.52,28.19
2023-05-08 16:00:00,5,16,94.71,36.18,29.31,36.29,28.9
2023-05-08 17:00:00,5,17,131.43,16.78,34.66,45.58,51.4
2023-05-08 18:00:00,5,18,160.1,8.19,27.74,43.53,48.86
2023-05-08 19:00:00,5,19,125.37,25.02,34.67,33.79,28.34
2023-05-08 20:00:00,5,20,129.51,33.18,34.42,31.27,28.99
2023-05-08 21:00:00,5,21,138.85,23.77,32.93,34.44,33.36
2023-05-08 22:00:00,5,22,99.61,30.51,29.7,36.12,30.42
2023-05-08 23:00:00,5,23,159.05,31.17,28.76,38.48,52.25
2023-05-09 00:00:00,5,0,129.05,20.67,30.83,45.86,44.04
2023-05-09 01:00:00,5,1,157.64,41.04,33.18,37.26,49.6
2023-05-09 02:00:00,5,2,110.34,39.44,31.93,48.4,42.41
2023-05-09 03:00:00,5,3,161.36,24.81,29.84,31.6,42.02
2023-05-09 04:00:00,5,4,140.5,25.22,34.22,38.26,41.68
2023-05-09 05:00:00,5,5,136.06,21.56,35.3,43.93,52.28
2023-05-09 06:00:00,5,6,129.68,6.25,31.48,44.24,56.01
2023-05-09 07:00:00,5,7,120.03,23.95,32.15,38.32,42.23
2023-05-09 08:00:00,5,8,149.01,19.02,28.91,45.01,62.89
2023-05-09 09:00:00,5,9,127.81,34.76,31.1,44.06,39.94
2023-05-09 10:00:00,5,10,85.66,17.32,32.95,36.59,22.76
2023-05-09 11:00:00,5,11,102.66,30.26,32.64,41.57,38.41
2023-05-09 12:00:00,5,12,121.28,24.29,30.91,43.52,51.55
2023-05-09 13:00:00,5,13,131.2,26.09,31.38,36.95,43.67
2023-05-09 14:00:00,5,14,123.87,14.67,31.03,48.47,44.93
2023-05-09 15:00:00,5,15,149.38,38.1,31.37,35.82,42.45
2023-05-09 16:00:00,5,16,85.98,47.83,32.77,40.72,30.86
2023-05-09 17:00:00,5,17,127.87,27.13,27.99,33.75,35.16
2023-05-09 18:00:00,5,18,88.64,20.31,31.78,40.52,25.95
2023-05-09 19:00:00,5,19,140.19,23.48,32.63,34.66,39.07
2023-05-09 20:00:00,5,20,123.11,12.68,30.79,38.53,39.48
2023-05-09 21:00:00,5,21,133.39,20.63,30.97,32.07,30.24
2023-05-09 22:00:00,5,22,107.72,30.64,31.03,44.0,44.44
2023-05-09 23:00:00,5,23,150.59,48.25,30.97,41.78,50.27
2023-05-10 00:00:00,5,0,145.83,27.37,31.94,45.44,54.89
2023-05-10 01:00:00,5,1,136.67,14.72,32.19,38.26,48.78
2023-05-10 02:00:00,5,2,122.41,28.92,27.73,45.67,45.99
2023-05-10 03:00:00,5,3,136.6,24.72,33.23,40.2,50.69
2023-05-10 04:00:00,5,4,110.86,20.79,31.35,40.57,32.35
2023-05-10 05:00:00,5,5,142.11,35.15,35.79,50.57,62.09
2023-05-10 06:00:00,5,6,157.99,18.77,29.54,37.58,53.7
2023-05-10 07:00:00,5,7,146.41,8.63,30.19,46.14,52.18
2023-05-10 08:00:00,5,8,110.41,26.73,31.52,42.4,38.14
2023-05-10 09:00:00,5,9,132.23,36.29,32.75,37.14,40.16
2023-05-10 10:00:00,5,10,99.14,25.67,28.03,33.42,28.68
2023-05-10 11:00:00,5,11,136.45,47.24,30.27,34.83,42.01
2023-05-10 12:00:00,5,12,134.01,21.63,33.11,45.65,46.46
2023-05-10 13:00:00,5,13,87.6,20.48,30.03,48.67,35.25
2023-05-10 14:00:00,5,14,101.76,8.24,34.67,40.46,42.29
2023-05-10 15:00:00,5,15,119.34,26.94,31.02,40.72,45.79
2023-05-10 16:00:00,5,16,118.98,20.92,30.13,43.88,47.51
2023-05-10 17:00:00,5,17,100.81,33.61,33.15,40.37,32.97
2023-05-10 18:00:00,5,18,132.78,28.56,35.14,45.5,61.02
2023-05-10 19:00:00,5,19,130.03,40.25,32.76,41.46,50.1
2023-05-10 20:00:00,5,20,121.11,26.95,34.45,40.68,41.27
2023-05-10 21:00:00,5,21,109.88,28.05,35.28,36.5,34.55
2023-05-10 22:00:00,5,22,145.97,22.01,30.08,35.27,40.64
2023-05-10 23:00:00,5,23,158.11,31.24,33.8,24.2,33.88
2023-05-11 00:00:00,5,0,115.33,24.17,28.88,46.17,47.37
2023-05-11 01:00:00,5,1,112.76,28.33,32.78,39.27,40.43
2023-05-11 02:00:00,5,2,134.82,28.31,31.79,38.0,41.82
2023-05-11 03:00:00,5,3,117.84,24.2,34.41,30.24,22.35
2023-05-11 04:00:00,5,4,122.21,24.59,34.27,36.8,38.71
2023-05-11 05:00:00,5,5,139.79,17.39,33.07,36.14,45.66
2023-05-11 06:00:00,5,6,86.81,26.21,32.53,36.03,21.19
2023-05-11 07:00:00,5,7,151.37,28.5,32.94,41.66,52.13
2023-05-11 08:00:00,5,8,126.45,26.81,32.05,40.61,49.53
2023-05-11 09:00:00,5,9,116.77,32.15,31.81,33.19,26.3
2023-05-11 10:00:00,5,10,123.22,28.6,34.81,33.51,33.01
2023-05-11 11:00:00,5,11,124.25,4.69,35.05,33.5,42.14
2023-05-11 12:00:00,5,12,90.38,34.13,31.64,49.05,37.75
2023-05-11 13:00:00,5,13,154.9,27.79,32.4,47.46,58.68
2023-05-11 14:00:00,5,14,125.83,28.87,32.09,35.74,37.46
2023-05-11 15:00:00,5,15,133.86,27.47,28.7,30.12,37.75
2023-05-11 16:00:00,5,16,144.03,28.31,31.26,40.64,47.79
2023-05-11 17:00:00,5,17,104.58,22.21,35.13,40.23,38.07
2023-05-11 18:00:00,5,18,134.47,42.1,30.43,41.58,47.8
2023-05-11 19:00:00,5,19,119.65,14.63,36.16,43.71,45.19
2023-05-11 20:00:00,5,20,141.94,18.67,34.27,42.26,53.32
2023-05-11 21:00:00,5,21,82.46,37.43,32.73,34.42,22.19
2023-05-11 22:00:00,5,22,123.02,47.69,33.05,41.47,37.82
2023-05-11 23:00:00,5,23,112.94,34.77,30.09,44.27,44.06
2023-05-12 00:00:00,5,0,133.65,27.43,31.4,36.38,39.88
2023-05-12 01:00:00,5,1,134.4,0.8,34.81,41.5,44.27
2023-05-12 02:00:00,5,2,110.85,19.57,30.7,37.24,37.05
2023-05-12 03:00:00,5,3,110.76,43.08,34.05,49.98,52.55
2023-05-12 04:00:00,5,4,122.79,31.9,29.17,33.37,33.39
2023-05-12 05:00:00,5,5,107.07,25.53,29.53,45.78,40.91
2023-05-12 06:00:00,5,6,141.84,22.46,35.73,31.65,31.52
2023-05-12 07:00:00,5,7,117.62,38.15,31.9,48.97,46.91
2023-05-12 08:00:00,5,8,66.86,26.35,30.85,34.29,20.22
2023-05-12 09:00:00,5,9,117.5,32.18,34.65,40.95,40.02
2023-05-12 10:00:00,5,10,104.23,36.04,34.42,31.85,25.87
2023-05-12 11:00:00,5,11,92.37,22.4,33.77,33.25,29.24
2023-05-12 12:00:00,5,12,100.25,17.26,30.79,44.49,37.48
2023-05-12 13:00:00,5,13,127.19,16.59,31.35,45.14,60.82
2023-05-12 14:00:00,5,14,151.57,19.26,32.55,41.2,53.11
2023-05-12 15:00:00,5,15,131.26,29.97,33.32,43.71,34.1
2023-05-12 16:00:00,5,16,112.87,17.85,30.91,45.22,37.0
2023-05-12 17:00:00,5,17,134.12,21.91,32.27,36.58,43.57
2023-05-12 18:00:00,5,18,115.82,23.66,32.46,33.01,28.66
2023-05-12 19:00:00,5,19,111.11,31.12,34.5,39.93,34.09
2023-05-12 20:00:00,5,20,101.91,29.97,33.44,37.11,25.34
2023-05-12 21:00:00,5,21,89.96,24.26,28.91,41.94,29.08
2023-05-12 22:00:00,5,22,117.2,0.6,31.5,42.74,42.74
2023-05-12 23:00:00,5,23,128.16,21.99,30.07,36.59,41.03
2023-05-13 00:00:00,5,0,123.07,31.11,33.06,43.52,39.56
2023-05-13 01:00:00,5,1,116.68,33.32,33.77,43.27,46.13
2023-05-13 02:00:00,5,2,106.09,29.92,32.13,43.62,32.63
2023-05-13 03:00:00,5,3,137.16,3.23,31.39,37.96,45.61
2023-05-13 04:00:00,5,4,98.66,28.99,32.07,43.9,37.8
2023-05-13 05:00:00,5,5,140.52,15.93,32.35,42.6,45.24
2023-05-13 06:00:00,5,6,104.96,28.76,30.65,43.2,32.54
2023-05-13 07:00:00,5,7,109.95,22.39,29.49,48.39,46.28
2023-05-13 08:00:00,5,8,95.66,17.08,27.83,41.64,30.42
2023-05-13 09:00:00,5,9,114.97,30.72,34.46,36.97,34.49
2023-05-13 10:00:00,5,10,144.51,31.41,32.92,34.45,44.94
2023-05-13 11:00:00,5,11,135.31,8.41,32.65,45.64,53.89
2023-05-13 12:00:00,5,12,144.57,15.15,34.46,41.79,45.79
2023-05-13 13:00:00,5,13,135.44,17.09,29.42,48.35,54.34
2023-05-13 14:00:00,5,14,102.93,17.13,28.46,29.85,20.95
2023-05-13 15:00:00,5,15,118.38,20.4,32.7,44.55,48.33
2023-05-13 16:00:00,5,16,109.4,4.82,32.51,38.69,42.98
2023-05-13 17:00:00,5,17,151.61,24.56,28.47,38.23,44.11
2023-05-13 18:00:00,5,18,101.06,19.23,32.65,36.18,30.33
2023-05-13 19:00:00,5,19,142.87,39.51,31.13,44.5,57.6
2023-05-13 20:00:00,5,20,142.86,33.25,30.31,43.07,51.42
2023-05-13 21:00:00,5,21,161.59,37.01,31.26,34.29,49.01
2023-05-13 22:00:00,5,22,116.81,12.26,27.05,40.82,40.02
2023-05-13 23:00:00,5,23,139.25,50.53,30.75,43.53,45.26
2023-05-14 00:00:00,5,0,170.63,29.02,30.52,40.89,58.77
2023-05-14 01:00:00,5,1,112.65,54.94,33.04,45.54,48.41
2023-05-14 02:00:00,5,2,94.3,33.31,31.61,38.55,31.88
2023-05-14 03:00:00,5,3,87.4,29.91,33.21,28.73,29.06
2023-05-14 04:00:00,5,4,139.25,11.15,26.83,40.93,38.67
2023-05-14 05:00:00,5,5,87.34,21.03,30.25,40.9,31.68
2023-05-14 06:00:00,5,6,117.55,33.33,33.04,41.56,37.49
2023-05-14 07:00:00,5,7,133.75,14.34,31.31,45.53,46.4
2023-05-14 08:00:00,5,8,128.7,24.82,33.62,30.24,39.12
2023-05-14 09:00:00,5,9,133.51,24.62,28.32,38.81,41.93
2023-05-14 10:00:00,5,10,129.45,37.03,33.39,35.39,36.44
2023-05-14 11:00:00,5,11,150.58,34.9,30.65,33.96,44.36
2023-05-14 12:00:00,5,12,105.95,33.25,30.46,39.64,24.26
2023-05-14 13:00:00,5,13,111.46,24.54,33.91,43.51,47.21
2023-05-14 14:00:00,5,14,109.55,24.22,34.25,41.5,47.43
2023-05-14 15:00:00,5,15,141.6,9.56,34.0,36.56,47.75
2023-05-14 16:00:00,5,16,143.01,21.15,36.01,39.27,48.89
2023-05-14 17:00:00,5,17,134.02,52.08,34.46,44.65,48.82
2023-05-14 18:00:00,5,18,148.67,22.37,30.34,43.42,48.45
2023-05-14 19:00:00,5,19,101.44,39.5,32.21,37.24,37.47
2023-05-14 20:00:00,5,20,158.34,34.66,31.21,36.91,53.32
2023-05-14 21:00:00,5,21,155.46,33.12,35.99,31.42,42.98
2023-05-14 22:00:00,5,22,139.71,31.63,34.14,37.85,45.77
2023-05-14 23:00:00,5,23,160.64,38.75,31.55,31.32,43.46
2023-05-15 00:00:00,5,0,91.87,22.97,33.68,50.34,35.93
2023-05-15 01:00:00,5,1,114.51,39.11,29.46,35.72,46.62
2023-05-15 02:00:00,5,2,110.29,21.43,32.43,45.54,40.46
2023-05-15 03:00:00,5,3,139.43,2.63,30.05,49.09,54.94
2023-05-15 04:00:00,5,4,104.0,38.29,28.55,41.08,41.23
2023-05-15 05:00:00,5,5,140.15,27.85,33.5,39.5,46.02
2023-05-15 06:00:00,5,6,152.41,50.23,33.75,33.39,42.34
2023-05-15 07:00:00,5,7,138.9,28.01,32.84,37.48,50.48
2023-05-15 08:00:00,5,8,130.68,18.57,31.56,48.02,55.72
2023-05-15 09:00:00,5,9,105.24,17.79,29.4,41.76,40.29
2023-05-15 10:00:00,5,10,108.06,24.23,29.61,40.14,29.08
2023-05-15 11:00:00,5,11,149.99,16.11,29.99,46.56,60.24
2023-05-15 12:00:00,5,12,140.59,0.46,31.46,43.48,45.94
2023-05-15 13:00:00,5,13,124.22,7.88,34.08,39.26,38.39
2023-05-15 14:00:00,5,14,116.64,30.23,34.05,41.08,40.83
2023-05-15 15:00:00,5,15,84.48,39.51,28.63,36.16,25.29
2023-05-15 16:00:00,5,16,103.58,29.06,30.54,37.19,35.4
2023-05-15 17:00:00,5,17,163.23,34.47,30.49,38.97,56.89
2023-05-15 18:00:00,5,18,99.39,20.49,26.87,42.79,39.69
2023-05-15 19:00:00,5,19,128.79,36.81,33.06,33.76,29.54
2023-05-15 20:00:00,5,20,145.15,25.73,31.44,40.38,60.69
2023-05-15 21:00:00,5,21,99.9,16.62,31.7,38.05,31.57
2023-05-15 22:00:00,5,22,128.69,26.01,34.62,35.5,44.16
2023-05-15 23:00:00,5,23,143.76,34.46,32.1,38.08,33.07
2023-05-16 00:00:00,5,0,125.25,13.25,31.07,28.39,28.33
2023-05-16 01:00:00,5,1,182.37,43.79,33.07,36.21,47.76
2023-05-16 02:00:00,5,2,91.63,28.28,34.05,34.5,22.05
2023-05-16 03:00:00,5,3,146.17,25.42,32.52,38.6,47.3
2023-05-16 04:00:00,5,4,121.54,24.84,33.31,28.6,27.31
2023-05-16 05:00:00,5,5,140.44,23.2,31.64,40.95,54.53
2023-05-16 06:00:00,5,6,133.83,18.9,31.76,44.55,58.56
2023-05-16 07:00:00,5,7,110.34,25.35,32.15,39.41,31.43
2023-05-16 08:00:00,5,8,129.58,28.68,30.42,42.49,43.48
2023-05-16 09:00:00,5,9,87.84,29.08,30.79,37.44,22.27
2023-05-16 10:00:00,5,10,137.06,31.12,34.68,32.23,42.61
2023-05-16 11:00:00,5,11,130.96,17.12,35.94,40.01,44.49
2023-05-16 12:00:00,5,12,137.77,31.47,35.11,43.4,50.02
2023-05-16 13:00:00,5,13,146.16,16.53,29.28,33.38,42.24
2023-05-16 14:00:00,5,14,132.35,24.81,29.09,37.67,40.02
2023-05-16 15:00:00,5,15,127.96,30.21,29.55,38.76,37.08
2023-05-16 16:00:00,5,16,107.38,18.82,32.2,54.26,48.84
2023-05-16 17:00:00,5,17,110.76,32.27,26.31,41.12,36.64
2023-05-16 18:00:00,5,18,148.73,18.62,30.75,30.47,39.53
2023-05-16 19:00:00,5,19,153.73,22.87,34.74,29.24,29.32
2023-05-16 20:00:00,5,20,120.24,30.96,33.89,43.65,44.7
2023-05-16 21:00:00,5,21,125.92,19.71,30.91,52.43,51.6
2023-05-16 22:00:00,5,22,106.91,19.53,31.06,38.6,35.16
2023-05-16 23:00:00,5,23,148.46,13.42,33.06,38.3,51.93
2023-05-17 00:00:00,5,0,138.31,15.34,33.8,42.15,45.83
2023-05-17 01:00:00,5,1,163.82,20.09,30.86,36.01,55.17
2023-05-17 02:00:00,5,2,107.43,36.28,31.46,27.28,15.73
2023-05-17 03:00:00,5,3,117.44,0.51,30.8,45.19,51.97
2023-05-17 04:00:00,5,4,129.63,39.04,29.27,36.93,46.11
2023-05-17 05:00:00,5,5,137.93,15.51,31.49,45.25,47.61
2023-05-17 06:00:00,5,6,120.69,20.69,31.34,36.2,32.03
2023-05-17 07:00:00,5,7,107.54,36.74,29.41,40.61,28.94
2023-05-17 08:00:00,5,8,142.63,26.24,33.22,44.27,57.26
2023-05-17 09:00:00,5,9,139.42,25.79,32.89,45.35,51.07
2023-05-17 10:00:00,5,10,106.67,11.94,33.32,41.16,34.6
2023-05-17 11:00:00,5,11,152.11,32.13,30.39,40.92,46.28
2023-05-17 12:00:00,5,12,148.4,27.62,27.96,43.1,62.39
2023-05-17 13:00:00,5,13,127.69,48.36,32.86,42.32,40.2
2023-05-17 14:00:00,5,14,126.59,7.65,30.6,33.54,35.53
2023-05-17 15:00:00,5,15,136.08,35.7,30.15,33.64,39.25
2023-05-17 16:00:00,5,16,107.77,21.73,29.41,29.45,24.47
2023-05-17 17:00:00,5,17,125.6,26.01,31.38,43.83,42.9
2023-05-17 18:00:00,5,18,81.95,25.98,35.08,38.02,24.14
2023-05-17 19:00:00,5,19,142.53,16.9,30.92,44.1,55.24
2023-05-17 20:00:00,5,20,93.77,8.29,29.75,42.02,31.12
2023-05-17 21:00:00,5,21,155.07,22.49,33.23,34.99,53.37
2023-05-17 22:00:00,5,22,118.4,18.45,32.27,39.4,35.01
2023-05-17 23:00:00,5,23,120.77,21.71,27.69,37.73,41.76
2023-05-18 00:00:00,5,0,112.45,14.82,33.25,36.95,25.87
2023-05-18 01:00:00,5,1,119.24,29.63,36.19,44.58,40.44
2023-05-18 02:00:00,5,2,153.37,14.25,26.73,52.55,63.13
2023-05-18 03:00:00,5,3,75.24,13.9,29.46,45.58,23.08
2023-05-18 04:00:00,5,4,150.54,14.17,26.23,39.87,51.46
2023-05-18 05:00:00,5,5,131.76,31.6,31.78,46.3,50.32
2023-05-18 06:00:00,5,6,100.86,26.68,33.91,48.56,29.45
2023-05-18 07:00:00,5,7,103.49,22.61,32.14,33.04,38.49
2023-05-18 08:00:00,5,8,158.53,38.71,34.71,46.12,61.85
2023-05-18 09:00:00,5,9,106.09,9.05,33.59,43.85,38.8
2023-05-18 10:00:00,5,10,101.93,25.12,35.33,45.94,45.6
2023-05-18 11:00:00,5,11,147.75,22.16,34.25,44.07,59.23
2023-05-18 12:00:00,5,12,131.77,30.77,31.12,38.86,41.21
2023-05-18 13:00:00,5,13,106.24,38.27,32.06,50.16,34.68
2023-05-18 14:00:00,5,14,129.33,31.04,30.19,41.7,47.79
2023-05-18 15:00:00,5,15,104.48,22.81,31.47,37.83,28.14
2023-05-18 16:00:00,5,16,147.02,18.27,32.05,42.53,58.33
2023-05-18 17:00:00,5,17,146.23,23.38,31.76,44.86,50.82
2023-05-18 18:00:00,5,18,135.64,21.53,34.61,40.47,43.52
2023-05-18 19:00:00,5,19,132.23,28.37,31.27,41.97,39.56
2023-05-18 20:00:00,5,20,160.22,20.04,30.06,40.44,47.72
2023-05-18 21:00:00,5,21,124.99,10.17,30.19,36.7,37.71
2023-05-18 22:00:00,5,22,101.36,17.95,33.24,35.89,29.32
2023-05-18 23:00:00,5,23,133.99,16.9,29.12,32.99,34.47
2023-05-19 00:00:00,5,0,166.72,22.06,31.53,47.59,76.42
2023-05-19 01:00:00,5,1,104.7,40.03,34.58,38.88,36.97
2023-05-19 02:00:00,5,2,117.77,35.45,32.51,22.86,22.5
2023-05-19 03:00:00,5,3,133.33,20.45,31.78,41.98,32.89
2023-05-19 04:00:00,5,4,123.92,25.11,31.86,41.88,47.4
2023-05-19 05:00:00,5,5,105.35,20.6,29.87,30.67,41.91
2023-05-19 06:00:00,5,6,147.44,8.24,30.21,35.84,43.12
2023-05-19 07:00:00,5,7,171.4,17.74,31.54,35.62,46.85
2023-05-19 08:00:00,5,8,128.92,12.41,32.47,36.29,39.83
2023-05-19 09:00:00,5,9,106.92,24.05,33.82,46.06,33.91
2023-05-19 10:00:00,5,10,94.02,33.07,32.11,39.26,33.09
2023-05-19 11:00:00,5,11,130.16,25.58,34.63,37.86,48.6
2023-05-19 12:00:00,5,12,147.08,33.05,35.14,45.61,52.58
2023-05-19 13:00:00,5,13,134.5,9.42,33.52,42.48,44.45
2023-05-19 14:00:00,5,14,124.95,17.1,34.38,31.3,32.21
2023-05-19 15:00:00,5,15,113.21,19.79,29.95,36.92,32.34
2023-05-19 16:00:00,5,16,103.16,12.64,29.63,41.61,28.23
2023-05-19 17:00:00,5,17,141.7,45.2,32.96,35.33,39.82
2023-05-19 18:00:00,5,18,143.28,19.12,29.25,50.15,56.98
2023-05-19 19:00:00,5,19,94.09,38.11,31.35,40.56,38.66
2023-05-19 20:00:00,5,20,156.8,25.07,33.47,36.23,53.15
2023-05-19 21:00:00,5,21,136.48,28.12,34.75,34.39,46.12
2023-05-19 22:00:00,5,22,152.99,18.38,31.42,44.64,60.95
2023-05-19 23:00:00,5,23,98.16,22.72,30.63,36.76,31.12
2023-05-20 00:00:00,5,0,97.68,11.55,32.57,41.9,29.76
2023-05-20 01:00:00,5,1,122.02,31.02,29.78,34.24,41.47
2023-05-20 02:00:00,5,2,135.06,17.91,31.58,40.35,47.18
2023-05-20 03:00:00,5,3,160.93,23.38,31.91,36.82,43.17
2023-05-20 04:00:00,5,4,139.12,41.35,31.87,38.42,40.0
2023-05-20 05:00:00,5,5,120.15,34.19,32.11,36.02,29.77
2023-05-20 06:00:00,5,6,104.47,26.5,30.26,45.13,29.05
2023-05-20 07:00:00,5,7,149.6,13.88,30.47,37.54,48.78
2023-05-20 08:00:00,5,8,105.71,20.36,30.43,39.28,28.44
2023-05-20 09:00:00,5,9,157.57,36.68,28.69,39.52,48.15
2023-05-20 10:00:00,5,10,119.31,26.4,32.61,48.06,48.01
2023-05-20 11:00:00,5,11,156.81,4.82,33.72,44.45,57.18
2023-05-20 12:00:00,5,12,138.58,23.89,33.52,43.95,47.22
2023-05-20 13:00:00,5,13,122.26,28.27,31.4,32.11,40.33
2023-05-20 14:00:00,5,14,114.61,20.08,30.31,36.72,27.46
2023-05-20 15:00:00,5,15,118.18,17.37,33.42,45.94,37.86
2023-05-20 16:00:00,5,16,133.57,29.56,33.21,34.15,40.32
2023-05-20 17:00:00,5,17,126.54,19.97,32.36,40.42,39.52
2023-05-20 18:00:00,5,18,113.12,28.29,35.42,34.67,29.38
2023-05-20 19:00:00,5,19,121.69,17.81,31.88,35.18,30.3
2023-05-20 20:00:00,5,20,126.57,23.3,31.41,48.4,52.78
2023-05-20 21:00:00,5,21,82.43,20.18,31.13,43.6,31.09
2023-05-20 22:00:00,5,22,134.16,32.59,28.81,44.92,50.84
2023-05-20 23:00:00,5,23,105.41,33.21,33.25,43.92,35.69
2023-05-21 00:00:00,5,0,101.93,15.55,31.72,39.3,29.65
2023-05-21 01:00:00,5,1,91.25,25.79,32.95,36.54,26.99
2023-05-21 02:00:00,5,2,89.12,22.15,35.61,37.99,33.06
2023-05-21 03:00:00,5,3,97.89,28.06,31.15,39.04,39.71
2023-05-21 04:00:00,5,4,110.82,16.01,27.25,48.88,50.73
2023-05-21 05:00:00,5,5,164.07,31.08,32.89,33.32,48.11
2023-05-21 06:00:00,5,6,114.48,26.36,32.26,37.23,40.45
2023-05-21 07:00:00,5,7,128.56,17.14,30.46,35.44,32.08
2023-05-21 08:00:00,5,8,133.01,13.27,32.72,45.28,46.65
2023-05-21 09:00:00,5,9,127.62,30.24,33.5,49.27,55.05
2023-05-21 10:00:00,5,10,123.45,5.4,30.03,41.54,42.17
2023-05-21 11:00:00,5,11,101.09,21.87,31.33,41.96,37.05
2023-05-21 12:00:00,5,12,154.02,35.43,34.88,40.46,56.86
2023-05-21 13:00:00,5,13,161.14,21.31,30.48,42.19,60.81
2023-05-21 14:00:00,5,14,91.35,28.83,32.06,43.87,27.96
2023-05-21 15:00:00,5,15,104.52,20.66,26.68,42.13,36.78
2023-05-21 16:00:00,5,16,119.4,25.43,28.96,42.49,37.71
2023-05-21 17:00:00,5,17,105.71,24.26,32.24,43.88,34.79
2023-05-21 18:00:00,5,18,135.12,34.12,34.38,31.11,26.5
2023-05-21 19:00:00,5,19,110.43,15.1,29.2,40.01,37.51
2023-05-21 20:00:00,5,20,168.3,36.56,32.08,41.53,49.35
2023-05-21 21:00:00,5,21,148.81,36.09,31.18,42.08,54.19
2023-05-21 22:00:00,5,22,129.25,21.33,33.83,39.15,48.98
2023-05-21 23:00:00,5,23,145.54,8.97,29.49,40.8,52.17
2023-05-22 00:00:00,5,0,147.12,28.53,32.79,36.4,44.91
2023-05-22 01:00:00,5,1,113.72,17.99,30.62,31.13,37.19
2023-05-22 02:00:00,5,2,108.68,14.27,32.37,44.92,42.34
2023-05-22 03:00:00,5,3,126.56,16.85,32.07,34.33,31.91
2023-05-22 04:00:00,5,4,142.23,28.11,31.42,39.2,47.11
2023-05-22 05:00:00,5,5,127.78,35.91,32.88,36.25,48.43
2023-05-22 06:00:00,5,6,93.46,47.08,32.02,47.94,31.89
2023-05-22 07:00:00,5,7,108.94,27.63,31.66,39.6,29.07
2023-05-22 08:00:00,5,8,123.52,13.22,31.22,38.45,42.67
2023-05-22 09:00:00,5,9,123.49,36.24,32.08,43.74,43.92
2023-05-22 10:00:00,5,10,164.45,18.0,32.37,50.78,66.98
2023-05-22 11:00:00,5,11,97.28,34.5,29.95,42.03,27.8
2023-05-22 12:00:00,5,12,135.11,23.94,31.23,38.11,33.19
2023-05-22 13:00:00,5,13,154.78,17.92,29.82,43.48,48.84
2023-05-22 14:00:00,5,14,170.43,31.59,31.85,32.14,53.74
2023-05-22 15:00:00,5,15,116.91,23.3,30.74,40.23,39.18
2023-05-22 16:00:00,5,16,134.83,29.15,33.47,49.97,46.37
2023-05-22 17:00:00,5,17,136.4,17.95,33.27,40.79,52.31
2023-05-22 18:00:00,5,18,128.91,22.65,30.08,40.54,49.75
2023-05-22 19:00:00,5,19,123.02,24.43,31.92,40.1,47.29
2023-05-22 20:00:00,5,20,133.72,9.42,33.21,38.02,40.28
2023-05-22 21:00:00,5,21,74.36,18.38,31.58,41.57,24.43
2023-05-22 22:00:00,5,22,138.64,31.9,30.47,43.88,51.41
2023-05-22 23:00:00,5,23,127.52,25.86,29.74,38.34,47.78
2023-05-23 00:00:00,5,0,120.55,25.76,33.64,27.55,24.92
2023-05-23 01:00:00,5,1,165.94,24.2,33.73,42.33,54.8
2023-05-23 02:00:00,5,2,111.5,0.25,31.51,50.67,50.58
2023-05-23 03:00:00,5,3,116.94,21.29,33.46,38.12,43.22
2023-05-23 04:00:00,5,4,164.83,45.36,26.0,32.64,44.6
2023-05-23 05:00:00,5,5,108.36,30.43,34.58,43.39,42.55
2023-05-23 06:00:00,5,6,114.0,44.32,31.61,48.72,46.87
2023-05-23 07:00:00,5,7,122.06,28.3,32.21,42.65,42.15
2023-05-23 08:00:00,5,8,141.81,44.87,31.29,48.62,53.35
2023-05-23 09:00:00,5,9,129.16,33.72,34.72,43.97,41.58
2023-05-23 10:00:00,5,10,99.15,40.21,29.81,43.53,32.92
2023-05-23 11:00:00,5,11,114.36,21.16,34.88,37.41,30.79
2023-05-23 12:00:00,5,12,112.85,24.99,32.72,41.43,40.4
2023-05-23 13:00:00,5,13,123.46,21.97,33.17,39.85,47.11
2023-05-23 14:00:00,5,14,133.52,26.05,31.27,39.68,45.2
2023-05-23 15:00:00,5,15,133.36,38.94,29.31,38.73,38.47
2023-05-23 16:00:00,5,16,89.48,19.86,33.79,41.13,34.96
2023-05-23 17:00:00,5,17,146.28,5.78,32.55,33.52,42.37
2023-05-23 18:00:00,5,18,130.05,20.91,34.65,44.06,50.25
2023-05-23 19:00:00,5,19,152.69,29.26,31.54,35.61,42.74
2023-05-23 20:00:00,5,20,133.88,39.28,31.09,38.75,48.93
2023-05-23 21:00:00,5,21,147.03,34.08,34.7,41.65,56.71
2023-05-23 22:00:00,5,22,134.33,20.47,35.75,35.36,38.69
2023-05-23 23:00:00,5,23,151.92,14.27,31.95,30.17,41.81
2023-05-24 00:00:00,5,0,135.45,22.39,30.42,38.08,48.52
2023-05-24 01:00:00,5,1,123.04,17.0,33.55,32.84,31.37
2023-05-24 02:00:00,5,2,170.45,17.92,31.42,43.56,61.51
2023-05-24 03:00:00,5,3,142.78,19.93,33.13,34.23,41.16
2023-05-24 04:00:00,5,4,136.47,31.58,31.41,47.43,48.48
2023-05-24 05:00:00,5,5,99.47,23.26,35.06,39.97,35.36
2023-05-24 06:00:00,5,6,99.23,33.48,30.53,40.3,38.46
2023-05-24 07:00:00,5,7,130.85,24.83,32.89,30.1,32.12
2023-05-24 08:00:00,5,8,127.91,21.69,30.95,40.72,45.14
2023-05-24 09:00:00,5,9,112.72,8.21,31.37,39.6,44.21
2023-05-24 10:00:00,5,10,127.82,38.1,31.1,33.5,33.68
2023-05-24 11:00:00,5,11,156.77,20.18,33.41,40.44,54.66
2023-05-24 12:00:00,5,12,138.91,10.19,33.76,38.01,41.18
2023-05-24 13:00:00,5,13,102.18,17.41,33.04,38.92,30.17
2023-05-24 14:00:00,5,14,122.77,16.67,31.71,40.13,42.79
2023-05-24 15:00:00,5,15,108.9,19.12,32.21,37.64,35.39
2023-05-24 16:00:00,5,16,117.25,12.02,33.72,41.23,43.09
2023-05-24 17:00:00,5,17,116.73,35.87,33.79,39.57,38.89
2023-05-24 18:00:00,5,18,115.45,38.86,26.55,42.36,43.11
2023-05-24 19:00:00,5,19,99.9,25.06,31.38,37.36,39.45
2023-05-24 20:00:00,5,20,122.45,46.61,31.48,34.68,40.7
2023-05-24 21:00:00,5,21,113.79,12.69,33.27,36.46,36.28
2023-05-24 22:00:00,5,22,66.41,12.79,31.79,47.21,28.67
2023-05-24 23:00:00,5,23,166.06,29.33,33.37,44.78,60.51
2023-05-25 00:00:00,5,0,146.78,28.71,29.77,46.07,55.58
2023-05-25 01:00:00,5,1,117.47,25.72,32.45,46.41,47.93
2023-05-25 02:00:00,5,2,125.38,24.48,33.73,37.67,39.82
2023-05-25 03:00:00,5,3,101.57,23.73,28.98,41.48,39.09
2023-05-25 04:00:00,5,4,158.91,19.42,36.96,40.38,59.84
2023-05-25 05:00:00,5,5,162.95,26.73,34.31,43.3,58.32
2023-05-25 06:00:00,5,6,128.13,15.57,31.93,38.55,31.15
2023-05-25 07:00:00,5,7,145.47,20.54,30.27,40.46,59.26
2023-05-25 08:00:00,5,8,128.51,31.07,31.58,40.36,39.99
2023-05-25 09:00:00,5,9,98.27,11.65,32.1,42.66,35.93
2023-05-25 10:00:00,5,10,116.76,38.58,32.81,43.28,45.77
2023-05-25 11:00:00,5,11,127.64,25.92,34.93,40.47,50.12
2023-05-25 12:00:00,5,12,115.91,15.33,30.98,40.62,48.29
2023-05-25 13:00:00,5,13,120.63,32.23,33.05,41.13,39.55
2023-05-25 14:00:00,5,14,123.17,21.9,29.34,48.23,55.49
2023-05-25 15:00:00,5,15,123.38,19.57,31.1,31.35,33.24
2023-05-25 16:00:00,5,16,126.05,33.61,32.68,35.15,50.66
2023-05-25 17:00:00,5,17,103.79,25.72,33.31,43.37,43.03
2023-05-25 18:00:00,5,18,110.66,26.57,30.42,41.35,37.27
2023-05-25 19:00:00,5,19,99.31,30.52,31.05,41.31,30.25
2023-05-25 20:00:00,5,20,144.56,1.98,34.85,43.34,39.11
2023-05-25 21:00:00,5,21,82.89,32.63,34.25,41.07,31.76
2023-05-25 22:00:00,5,22,148.07,14.95,32.35,37.2,50.98
2023-05-25 23:00:00,5,23,152.73,28.93,27.45,43.14,58.67
2023-05-26 00:00:00,5,0,118.96,35.87,36.95,40.1,28.01
2023-05-26 01:00:00,5,1,72.94,23.97,31.89,37.76,16.68
2023-05-26 02:00:00,5,2,117.77,18.51,31.3,43.45,45.08
2023-05-26 03:00:00,5,3,123.72,15.79,30.88,43.26,53.55
2023-05-26 04:00:00,5,4,104.79,9.38,32.68,41.07,35.61
2023-05-26 05:00:00,5,5,114.7,4.45,32.7,48.59,51.92
2023-05-26 06:00:00,5,6,155.6,22.49,33.83,46.63,55.34
2023-05-26 07:00:00,5,7,138.3,31.63,30.08,45.01,52.94
2023-05-26 08:00:00,5,8,106.51,20.47,31.3,52.83,45.55
2023-05-26 09:00:00,5,9,93.05,27.66,35.99,39.27,36.4
2023-05-26 10:00:00,5,10,118.46,15.74,32.38,37.68,34.52
2023-05-26 11:00:00,5,11,120.73,37.97,31.58,44.3,52.98
2023-05-26 12:00:00,5,12,134.92,1.32,30.04,38.74,42.04
2023-05-26 13:00:00,5,13,114.29,16.44,32.94,40.06,32.83
2023-05-26 14:00:00,5,14,135.23,41.84,33.99,35.07,34.36
2023-05-26 15:00:00,5,15,163.7,32.09,33.68,43.03,55.63
2023-05-26 16:00:00,5,16,141.31,16.84,31.41,32.64,40.32
2023-05-26 17:00:00,5,17,124.04,13.24,32.65,39.52,37.82
2023-05-26 18:00:00,5,18,121.34,37.72,35.27,39.92,36.29
2023-05-26 19:00:00,5,19,117.87,17.87,34.07,37.82,41.62
2023-05-26 20:00:00,5,20,148.61,44.47,30.36,31.21,22.62
2023-05-26 21:00:00,5,21,112.45,25.89,26.84,31.18,27.08
2023-05-26 22:00:00,5,22,125.9,13.88,32.52,36.27,31.41
2023-05-26 23:00:00,5,23,126.02,30.52,33.53,42.7,40.52
2023-05-27 00:00:00,5,0,114.96,40.07,29.75,41.44,40.95
2023-05-27 01:00:00,5,1,97.55,23.54,31.91,39.92,31.44
2023-05-27 02:00:00,5,2,131.46,31.05,31.4,35.58,37.52
2023-05-27 03:00:00,5,3,123.78,18.7,32.14,41.71,48.99
2023-05-27 04:00:00,5,4,135.0,33.85,30.84,31.0,34.84
2023-05-27 05:00:00,5,5,114.33,32.73,34.51,28.02,35.74
2023-05-27 06:00:00,5,6,149.42,45.21,32.22,38.78,51.88
2023-05-27 07:00:00,5,7,107.46,23.3,30.17,37.27,28.56
2023-05-27 08:00:00,5,8,159.24,26.61,33.76,45.07,69.51
2023-05-27 09:00:00,5,9,90.05,36.88,29.4,40.79,32.02
2023-05-27 10:00:00,5,10,133.7,23.06,34.5,48.25,63.15
2023-05-27 11:00:00,5,11,134.51,14.73,33.91,37.26,40.46
2023-05-27 12:00:00,5,12,109.09,27.16,34.71,42.43,39.96
2023-05-27 13:00:00,5,13,133.49,22.32,31.61,38.74,45.28
2023-05-27 14:00:00,5,14,150.59,22.27,30.94,46.91,58.06
2023-05-27 15:00:00,5,15,80.66,37.04,32.1,38.98,32.58
2023-05-27 16:00:00,5,16,135.05,4.43,31.76,44.27,59.52
2023-05-27 17:00:00,5,17,75.13,29.71,30.62,34.61,10.22
2023-05-27 18:00:00,5,18,105.69,18.44,30.82,37.92,37.5
2023-05-27 19:00:00,5,19,157.58,17.31,31.2,39.58,47.54
2023-05-27 20:00:00,5,20,113.36,26.4,29.59,46.32,30.82
2023-05-27 21:00:00,5,21,101.52,18.93,33.28,29.01,27.15
2023-05-27 22:00:00,5,22,121.04,22.54,31.82,38.34,41.29
2023-05-27 23:00:00,5,23,166.36,39.18,31.31,38.17,56.35
2023-05-28 00:00:00,5,0,88.37,28.32,29.71,29.62,23.68
2023-05-28 01:00:00,5,1,103.97,31.13,29.61,37.68,37.04
2023-05-28 02:00:00,5,2,154.95,29.62,35.8,32.3,38.71
2023-05-28 03:00:00,5,3,162.15,38.04,30.67,28.35,39.64
2023-05-28 04:00:00,5,4,122.93,13.74,33.15,38.69,43.15
2023-05-28 05:00:00,5,5,100.22,8.98,32.25,38.52,38.95
2023-05-28 06:00:00,5,6,166.92,15.22,26.38,38.78,54.19
2023-05-28 07:00:00,5,7,156.89,12.29,35.51,41.26,52.91
2023-05-28 08:00:00,5,8,138.58,28.45,33.3,35.6,40.86
2023-05-28 09:00:00,5,9,108.75,31.36,30.39,48.95,38.43
2023-05-28 10:00:00,5,10,124.02,32.79,31.87,39.83,45.04
2023-05-28 11:00:00,5,11,121.79,18.56,29.63,46.43,39.87
2023-05-28 12:00:00,5,12,131.62,22.73,35.58,31.6,36.64
2023-05-28 13:00:00,5,13,154.02,25.77,30.11,35.83,46.44
2023-05-28 14:00:00,5,14,142.59,12.05,30.88,43.43,43.88
2023-05-28 15:00:00,5,15,103.45,20.95,30.47,38.87,26.06
2023-05-28 16:00:00,5,16,152.53,33.39,32.09,34.63,39.78
2023-05-28 17:00:00,5,17,131.26,31.81,34.67,30.81,32.0
2023-05-28 18:00:00,5,18,138.74,18.18,35.51,43.67,57.92
2023-05-28 19:00:00,5,19,154.33,14.58,31.13,43.26,55.11
2023-05-28 20:00:00,5,20,102.77,19.48,32.68,41.22,38.05
2023-05-28 21:00:00,5,21,124.28,6.03,32.09,37.52,45.22
2023-05-28 22:00:00,5,22,114.37,8.65,29.96,34.43,38.21
2023-05-28 23:00:00,5,23,93.64,20.59,36.77,39.74,30.99
2023-05-29 00:00:00,5,0,131.93,33.39,34.65,33.42,33.24
2023-05-29 01:00:00,5,1,175.23,38.1,32.31,36.24,55.45
2023-05-29 02:00:00,5,2,88.2,28.87,35.09,46.31,30.63
2023-05-29 03:00:00,5,3,124.35,17.47,34.35,30.75,40.96
2023-05-29 04:00:00,5,4,137.81,6.73,32.09,43.39,54.2
2023-05-29 05:00:00,5,5,127.46,20.83,32.58,47.47,51.5
2023-05-29 06:00:00,5,6,122.74,13.31,34.95,44.08,47.68
2023-05-29 07:00:00,5,7,99.02,27.45,30.04,41.99,35.56
2023-05-29 08:00:00,5,8,129.66,18.77,35.28,37.68,38.9
2023-05-29 09:00:00,5,9,109.86,16.77,31.48,36.77,36.18
2023-05-29 10:00:00,5,10,81.2,44.8,34.98,28.76,18.26
2023-05-29 11:00:00,5,11,148.89,29.13,31.92,40.19,59.57
2023-05-29 12:00:00,5,12,144.17,15.5,32.6,37.99,42.2
2023-05-29 13:00:00,5,13,126.03,22.26,31.86,36.51,40.91
2023-05-29 14:00:00,5,14,129.58,36.97,30.86,39.9,39.2
2023-05-29 15:00:00,5,15,146.49,49.3,31.39,40.31,45.27
2023-05-29 16:00:00,5,16,129.49,28.66,34.69,36.82,30.83
2023-05-29 17:00:00,5,17,143.08,25.72,27.3,48.07,59.4
2023-05-29 18:00:00,5,18,119.05,33.84,29.45,43.65,40.67
2023-05-29 19:00:00,5,19,151.24,23.57,30.48,44.48,61.51
2023-05-29 20:00:00,5,20,131.42,19.94,29.77,39.48,45.33
2023-05-29 21:00:00,5,21,128.88,18.29,34.95,42.56,46.48
2023-05-29 22:00:00,5,22,99.6,48.56,34.44,35.52,22.45
2023-05-29 23:00:00,5,23,130.74,38.14,33.11,43.33,50.16
2023-05-30 00:00:00,5,0,108.36,28.05,30.65,38.98,31.91
2023-05-30 01:00:00,5,1,112.23,19.28,34.6,34.89,25.49
2023-05-30 02:00:00,5,2,108.69,20.11,28.75,39.89,38.3
2023-05-30 03:00:00,5,3,103.68,20.28,36.21,38.54,27.03
2023-05-30 04:00:00,5,4,167.5,28.83,30.56,51.62,61.63
2023-05-30 05:00:00,5,5,151.63,28.28,31.4,42.18,59.81
2023-05-30 06:00:00,5,6,163.41,32.28,31.07,47.9,62.46
2023-05-30 07:00:00,5,7,100.54,17.32,29.78,45.66,29.55
2023-05-30 08:00:00,5,8,126.43,34.2,35.78,40.19,37.55
2023-05-30 09:00:00,5,9,99.13,16.5,33.51,37.78,27.62
2023-05-30 10:00:00,5,10,111.09,22.92,34.36,31.3,34.71
2023-05-30 11:00:00,5,11,106.64,25.45,29.48,35.65,23.38
2023-05-30 12:00:00,5,12,149.79,31.57,32.29,43.31,47.41
2023-05-30 13:00:00,5,13,117.08,38.56,32.97,38.49,42.48
2023-05-30 14:00:00,5,14,146.37,31.48,32.47,41.88,48.86
2023-05-30 15:00:00,5,15,137.08,28.3,29.61,29.85,35.26
2023-05-30 16:00:00,5,16,171.07,48.69,34.08,42.27,57.84
2023-05-30 17:00:00,5,17,95.41,26.97,32.17,45.48,46.29
2023-05-30 18:00:00,5,18,150.18,15.76,30.02,31.12,32.53
2023-05-30 19:00:00,5,19,147.93,19.33,28.22,41.86,53.04
2023-05-30 20:00:00,5,20,105.53,29.96,33.14,46.72,48.63
2023-05-30 21:00:00,5,21,145.14,24.53,36.83,48.4,56.7
2023-05-30 22:00:00,5,22,131.72,30.56,29.9,37.48,37.4
2023-05-30 23:00:00,5,23,120.45,23.51,32.27,43.9,47.93
2023-05-31 00:00:00,5,0,108.52,9.6,34.15,47.15,47.69
2023-05-31 01:00:00,5,1,110.62,15.32,29.39,42.01,34.75
2023-05-31 02:00:00,5,2,166.0,19.79,30.97,46.43,71.57
2023-05-31 03:00:00,5,3,125.01,29.93,30.21,39.82,41.77
2023-05-31 04:00:00,5,4,140.64,17.5,33.9,41.97,51.77
2023-05-31 05:00:00,5,5,109.18,41.87,34.58,36.89,41.03
2023-05-31 06:00:00,5,6,109.4,27.52,32.25,39.18,39.58
2023-05-31 07:00:00,5,7,146.64,19.16,30.24,42.17,51.56
2023-05-31 08:00:00,5,8,98.01,17.6,31.04,36.52,26.49
2023-05-31 09:00:00,5,9,116.7,18.3,30.67,38.88,51.38
2023-05-31 10:00:00,5,10,125.68,22.05,29.97,43.8,41.96
2023-05-31 11:00:00,5,11,127.23,26.96,31.72,50.26,54.91
2023-05-31 12:00:00,5,12,121.42,19.62,33.08,29.75,32.67
2023-05-31 13:00:00,5,13,132.92,34.53,32.91,49.88,58.07
2023-05-31 14:00:00,5,14,138.86,33.45,31.91,38.7,55.45
2023-05-31 15:00:00,5,15,139.69,24.38,32.04,44.82,52.45
2023-05-31 16:00:00,5,16,105.28,23.27,31.77,45.81,39.74
2023-05-31 17:00:00,5,17,119.32,43.26,29.33,47.82,55.34
2023-05-31 18:00:00,5,18,148.9,20.45,32.25,36.36,44.46
2023-05-31 19:00:00,5,19,142.89,17.27,30.76,38.87,50.7
2023-05-31 20:00:00,5,20,97.54,25.77,29.23,39.73,33.29
2023-05-31 21:00:00,5,21,132.03,1.26,32.67,38.21,46.67
2023-05-31 22:00:00,5,22,85.44,31.83,30.7,46.59,36.82
2023-05-31 23:00:00,5,23,125.94,28.61,32.38,39.62,39.59
2023-06-01 00:00:00,6,0,237.96,3.95,34.7,41.91,73.93
2023-06-01 01:00:00,6,1,181.04,0.76,31.1,46.83,62.33
2023-06-01 02:00:00,6,2,183.31,3.29,33.18,42.11,55.16
2023-06-01 03:00:00,6,3,215.28,14.07,29.38,48.86,87.25
2023-06-01 04:00:00,6,4,169.14,5.47,36.07,53.36,63.5
2023-06-01 05:00:00,6,5,187.34,0.98,30.28,46.73,72.2
2023-06-01 06:00:00,6,6,211.93,12.29,31.97,47.98,85.47
2023-06-01 07:00:00,6,7,187.31,22.02,35.68,48.63,80.23
2023-06-01 08:00:00,6,8,195.28,13.35,32.53,50.7,85.09
2023-06-01 09:00:00,6,9,214.88,7.75,30.61,52.58,98.72
2023-06-01 10:00:00,6,10,208.43,6.96,34.43,54.04,95.98
2023-06-01 11:00:00,6,11,205.34,1.59,34.38,61.28,103.3
2023-06-01 12:00:00,6,12,193.22,17.85,31.73,50.62,81.02
2023-06-01 13:00:00,6,13,207.4,1.65,31.95,53.68,88.57
2023-06-01 14:00:00,6,14,197.53,13.28,32.13,42.06,70.42
2023-06-01 15:00:00,6,15,209.16,5.01,32.59,48.1,75.97
2023-06-01 16:00:00,6,16,190.06,7.57,29.21,48.65,82.43
2023-06-01 17:00:00,6,17,196.35,6.9,32.64,44.91,68.75
2023-06-01 18:00:00,6,18,180.2,2.0,36.57,47.32,71.87
2023-06-01 19:00:00,6,19,199.3,6.83,31.21,49.46,83.81
2023-06-01 20:00:00,6,20,183.78,22.73,31.83,47.48,78.57
2023-06-01 21:00:00,6,21,177.72,1.04,30.63,63.01,84.97
2023-06-01 22:00:00,6,22,205.17,8.61,34.22,52.56,88.3
2023-06-01 23:00:00,6,23,204.25,8.33,35.41,60.01,104.95
2023-06-02 00:00:00,6,0,215.66,8.36,35.36,57.46,112.09
2023-06-02 01:00:00,6,1,191.38,18.66,30.5,46.8,74.5
2023-06-02 02:00:00,6,2,208.16,15.9,34.0,50.19,84.14
2023-06-02 03:00:00,6,3,211.02,7.2,35.87,47.83,94.29
2023-06-02 04:00:00,6,4,208.9,2.41,34.02,49.19,89.7
2023-06-02 05:00:00,6,5,183.49,6.04,33.96,45.12,75.9
2023-06-02 06:00:00,6,6,202.99,15.12,32.06,47.79,74.85
2023-06-02 07:00:00,6,7,207.28,1.54,33.44,51.8,92.13
2023-06-02 08:00:00,6,8,200.14,5.39,35.47,51.67,80.81
2023-06-02 09:00:00,6,9,158.27,1.73,33.66,51.27,61.13
2023-06-02 10:00:00,6,10,203.21,12.84,30.5,49.7,87.13
2023-06-02 11:00:00,6,11,244.25,1.7,32.09,54.3,113.86
2023-06-02 12:00:00,6,12,192.8,9.55,35.42,48.71,75.91
2023-06-02 13:00:00,6,13,185.44,15.41,33.65,56.96,95.23
2023-06-02 14:00:00,6,14,207.47,12.21,33.24,40.76,68.67
2023-06-02 15:00:00,6,15,206.25,8.64,31.89,53.28,90.29
2023-06-02 16:00:00,6,16,223.85,3.21,35.38,52.44,97.71
2023-06-02 17:00:00,6,17,174.84,6.08,36.32,46.63,66.76
2023-06-02 18:00:00,6,18,214.63,7.16,35.53,48.22,92.69
2023-06-02 19:00:00,6,19,211.81,0.85,35.89,52.32,87.2
2023-06-02 20:00:00,6,20,197.16,2.39,32.28,54.58,85.96
2023-06-02 21:00:00,6,21,206.77,2.73,32.0,41.25,65.17
2023-06-02 22:00:00,6,22,220.59,13.49,32.69,53.14,107.16
2023-06-02 23:00:00,6,23,217.45,15.38,33.08,47.71,84.89
2023-06-03 00:00:00,6,0,177.14,16.1,35.86,55.63,78.32
2023-06-03 01:00:00,6,1,216.4,3.28,35.33,40.8,72.19
2023-06-03 02:00:00,6,2,198.71,7.77,34.08,62.23,107.35
2023-06-03 03:00:00,6,3,201.46,2.48,30.14,45.57,79.87
2023-06-03 04:00:00,6,4,201.46,3.09,29.62,57.15,93.13
2023-06-03 05:00:00,6,5,197.0,2.13,33.48,49.65,79.57
2023-06-03 06:00:00,6,6,223.83,2.3,34.76,45.91,78.4
2023-06-03 07:00:00,6,7,198.33,6.73,32.84,51.33,85.57
2023-06-03 08:00:00,6,8,177.61,2.95,36.83,55.15,88.08
2023-06-03 09:00:00,6,9,192.13,6.47,30.84,42.24,64.76
2023-06-03 10:00:00,6,10,203.57,6.29,30.58,53.51,94.01
2023-06-03 11:00:00,6,11,224.58,14.4,31.67,49.94,90.61
2023-06-03 12:00:00,6,12,212.06,8.54,31.6,52.89,88.04
2023-06-03 13:00:00,6,13,182.99,19.62,34.05,50.05,79.78
2023-06-03 14:00:00,6,14,249.7,7.92,32.16,47.14,109.89
2023-06-03 15:00:00,6,15,205.3,11.93,29.9,44.43,78.78
2023-06-03 16:00:00,6,16,225.51,3.2,34.78,53.36,98.27
2023-06-03 17:00:00,6,17,196.97,1.1,29.48,53.34,85.85
2023-06-03 18:00:00,6,18,210.67,1.96,30.86,53.31,103.2
2023-06-03 19:00:00,6,19,216.79,14.09,29.75,52.14,95.78
2023-06-03 20:00:00,6,20,224.36,5.49,33.41,54.72,98.55
2023-06-03 21:00:00,6,21,221.15,5.3,33.37,57.03,104.85
2023-06-03 22:00:00,6,22,217.44,4.24,36.83,40.62,74.72
2023-06-03 23:00:00,6,23,193.7,5.03,34.83,38.29,64.19
2023-06-04 00:00:00,6,0,188.57,8.75,35.88,58.59,99.68
2023-06-04 01:00:00,6,1,206.65,3.08,33.58,43.29,80.98
2023-06-04 02:00:00,6,2,218.66,17.93,31.05,44.57,82.25
2023-06-04 03:00:00,6,3,195.55,0.48,33.26,48.56,78.98
2023-06-04 04:00:00,6,4,221.3,15.37,34.18,41.73,78.99
2023-06-04 05:00:00,6,5,229.05,21.84,34.41,48.09,88.81
2023-06-04 06:00:00,6,6,181.67,9.66,32.06,45.26,73.46
2023-06-04 07:00:00,6,7,183.26,1.62,33.98,48.83,73.61
2023-06-04 08:00:00,6,8,197.19,2.58,31.13,51.4,86.97
2023-06-04 09:00:00,6,9,206.15,2.89,30.91,48.28,91.56
2023-06-04 10:00:00,6,10,189.51,2.9,30.77,48.03,78.66
2023-06-04 11:00:00,6,11,227.04,4.22,33.05,51.29,98.26
2023-06-04 12:00:00,6,12,208.48,15.26,30.64,55.22,93.41
2023-06-04 13:00:00,6,13,200.79,7.68,32.15,58.01,96.74
2023-06-04 14:00:00,6,14,171.28,14.79,34.81,48.91,64.17
2023-06-04 15:00:00,6,15,173.68,10.47,30.94,59.12,88.29
2023-06-04 16:00:00,6,16,205.62,3.17,31.99,54.38,82.57
2023-06-04 17:00:00,6,17,157.35,1.55,33.14,43.84,62.36
2023-06-04 18:00:00,6,18,220.25,3.51,33.49,43.69,83.91
2023-06-04 19:00:00,6,19,196.84,13.76,32.0,47.11,77.82
2023-06-04 20:00:00,6,20,264.86,2.21,34.57,57.22,123.71
2023-06-04 21:00:00,6,21,246.16,4.06,34.18,47.49,97.4
2023-06-04 22:00:00,6,22,196.37,5.34,35.28,40.54,57.51
2023-06-04 23:00:00,6,23,197.87,17.78,32.84,48.86,84.73
2023-06-05 00:00:00,6,0,219.91,2.37,31.97,40.1,72.71
2023-06-05 01:00:00,6,1,234.06,1.34,31.63,44.73,94.87
2023-06-05 02:00:00,6,2,167.24,9.2,33.61,47.06,67.59
2023-06-05 03:00:00,6,3,164.27,10.57,32.25,50.75,70.67
2023-06-05 04:00:00,6,4,187.56,10.62,31.86,55.12,88.21
2023-06-05 05:00:00,6,5,211.65,1.36,32.1,53.47,89.49
2023-06-05 06:00:00,6,6,209.94,2.93,31.63,44.1,74.95
2023-06-05 07:00:00,6,7,221.4,13.53,33.4,48.14,89.54
2023-06-05 08:00:00,6,8,176.01,0.11,30.17,50.38,72.43
2023-06-05 09:00:00,6,9,153.68,9.36,33.61,48.69,59.51
2023-06-05 10:00:00,6,10,217.16,7.01,34.35,48.65,86.69
2023-06-05 11:00:00,6,11,183.44,1.23,31.84,41.39,63.52
2023-06-05 12:00:00,6,12,159.63,10.9,36.84,44.24,70.48
2023-06-05 13:00:00,6,13,202.9,14.35,33.04,47.99,79.56
2023-06-05 14:00:00,6,14,215.86,1.07,29.88,34.53,58.77
2023-06-05 15:00:00,6,15,197.56,5.43,32.44,53.2,86.88
2023-06-05 16:00:00,6,16,190.84,9.19,33.13,43.14,76.15
2023-06-05 17:00:00,6,17,196.81,7.46,33.9,53.43,95.56
2023-06-05 18:00:00,6,18,192.59,1.85,32.49,52.99,94.85
2023-06-05 19:00:00,6,19,173.04,11.58,30.98,47.28,68.53
2023-06-05 20:00:00,6,20,185.71,5.11,30.81,55.0,88.38
2023-06-05 21:00:00,6,21,210.43,10.18,31.69,53.72,89.0
2023-06-05 22:00:00,6,22,206.43,7.58,31.88,48.46,81.64
2023-06-05 23:00:00,6,23,203.36,9.79,30.73,47.89,75.63
2023-06-06 00:00:00,6,0,180.1,1.39,31.53,55.49,85.69
2023-06-06 01:00:00,6,1,196.37,11.7,34.32,51.16,83.96
2023-06-06 02:00:00,6,2,156.46,0.05,36.3,55.22,73.18
2023-06-06 03:00:00,6,3,203.57,4.43,34.51,38.06,60.37
2023-06-06 04:00:00,6,4,228.58,15.26,35.61,50.49,100.49
2023-06-06 05:00:00,6,5,170.52,5.52,34.95,42.11,47.84
2023-06-06 06:00:00,6,6,188.28,7.8,34.67,49.87,77.04
2023-06-06 07:00:00,6,7,206.58,1.18,32.32,53.57,91.74
2023-06-06 08:00:00,6,8,225.06,3.54,33.28,58.7,100.04
2023-06-06 09:00:00,6,9,191.04,8.38,32.16,45.31,74.1
2023-06-06 10:00:00,6,10,186.15,1.57,32.56,47.37,72.67
2023-06-06 11:00:00,6,11,160.62,0.59,33.14,49.52,69.13
2023-06-06 12:00:00,6,12,202.07,4.86,34.43,45.13,86.04
2023-06-06 13:00:00,6,13,240.84,21.07,33.85,54.89,111.86
2023-06-06 14:00:00,6,14,205.55,8.88,32.68,49.65,89.96
2023-06-06 15:00:00,6,15,199.55,0.89,33.11,50.61,91.12
2023-06-06 16:00:00,6,16,206.44,0.03,33.87,53.1,93.87
2023-06-06 17:00:00,6,17,199.78,5.25,34.33,49.64,78.37
2023-06-06 18:00:00,6,18,183.74,9.5,29.96,45.91,62.14
2023-06-06 19:00:00,6,19,216.47,5.53,30.85,49.68,91.55
2023-06-06 20:00:00,6,20,204.52,7.72,35.21,45.72,75.97
2023-06-06 21:00:00,6,21,200.35,6.53,32.88,50.54,90.85
2023-06-06 22:00:00,6,22,180.49,10.71,32.15,54.98,80.38
2023-06-06 23:00:00,6,23,226.07,13.33,32.47,44.13,83.11
2023-06-07 00:00:00,6,0,213.29,7.52,32.47,42.34,69.51
2023-06-07 01:00:00,6,1,188.94,0.21,34.12,50.25,77.44
2023-06-07 02:00:00,6,2,220.04,0.0,30.78,46.16,79.98
2023-06-07 03:00:00,6,3,190.05,5.57,33.05,50.16,75.23
2023-06-07 04:00:00,6,4,184.36,2.7,33.49,51.6,79.06
2023-06-07 05:00:00,6,5,184.81,10.88,33.79,39.28,57.5
2023-06-07 06:00:00,6,6,164.58,7.03,33.45,53.45,86.5
2023-06-07 07:00:00,6,7,209.43,15.33,34.03,44.15,81.28
2023-06-07 08:00:00,6,8,163.38,7.03,31.85,49.89,73.39
2023-06-07 09:00:00,6,9,175.43,3.24,31.12,46.7,67.76
2023-06-07 10:00:00,6,10,158.49,11.2,37.91,47.24,62.96
2023-06-07 11:00:00,6,11,198.28,7.33,32.4,58.47,94.52
2023-06-07 12:00:00,6,12,196.99,8.59,32.63,51.6,97.88
2023-06-07 13:00:00,6,13,193.47,7.25,34.36,54.52,87.41
2023-06-07 14:00:00,6,14,179.15,3.24,36.19,50.75,72.8
2023-06-07 15:00:00,6,15,176.56,2.67,31.91,53.1,74.4
2023-06-07 16:00:00,6,16,209.29,6.51,31.0,52.09,92.58
2023-06-07 17:00:00,6,17,188.99,7.58,30.52,51.27,87.9
2023-06-07 18:00:00,6,18,206.33,2.29,36.19,55.54,100.98
2023-06-07 19:00:00,6,19,182.3,1.68,30.92,50.78,73.41
2023-06-07 20:00:00,6,20,203.62,3.16,32.94,61.43,100.39
2023-06-07 21:00:00,6,21,226.07,11.59,31.05,54.8,109.54
2023-06-07 22:00:00,6,22,211.72,5.08,30.1,44.3,88.72
2023-06-07 23:00:00,6,23,191.75,15.91,32.42,49.12,77.81
2023-06-08 00:00:00,6,0,205.14,5.24,31.12,51.99,94.96
2023-06-08 01:00:00,6,1,195.19,6.06,31.62,50.22,74.41
2023-06-08 02:00:00,6,2,200.16,4.35,37.01,53.43,84.97
2023-06-08 03:00:00,6,3,193.49,14.95,33.85,53.99,82.05
2023-06-08 04:00:00,6,4,196.71,0.08,34.86,43.2,72.93
2023-06-08 05:00:00,6,5,204.24,0.08,34.65,56.41,95.17
2023-06-08 06:00:00,6,6,180.13,11.22,32.8,47.52,72.56
2023-06-08 07:00:00,6,7,179.68,14.51,32.12,47.02,76.55
2023-06-08 08:00:00,6,8,172.23,0.88,33.5,47.0,64.24
2023-06-08 09:00:00,6,9,167.99,2.33,33.34,54.04,76.17
2023-06-08 10:00:00,6,10,175.65,4.17,31.86,48.66,64.59
2023-06-08 11:00:00,6,11,203.19,0.83,33.26,46.68,84.91
2023-06-08 12:00:00,6,12,182.14,11.03,31.59,47.88,78.2
2023-06-08 13:00:00,6,13,210.27,4.35,32.66,41.03,73.74
2023-06-08 14:00:00,6,14,200.69,5.33,32.33,45.79,77.23
2023-06-08 15:00:00,6,15,160.63,3.5,30.46,43.8,56.12
2023-06-08 16:00:00,6,16,213.1,16.72,28.3,48.65,79.48
2023-06-08 17:00:00,6,17,216.22,4.73,31.12,53.32,97.66
2023-06-08 18:00:00,6,18,180.12,10.7,36.61,52.77,83.04
2023-06-08 19:00:00,6,19,208.4,2.67,32.38,56.28,107.91
2023-06-08 20:00:00,6,20,182.87,3.19,34.55,55.17,82.16
2023-06-08 21:00:00,6,21,201.95,16.59,28.75,47.36,81.1
2023-06-08 22:00:00,6,22,174.71,7.59,30.98,50.1,78.55
2023-06-08 23:00:00,6,23,164.14,11.12,30.29,49.84,73.93
2023-06-09 00:00:00,6,0,192.34,15.59,32.6,39.24,59.83
2023-06-09 01:00:00,6,1,197.53,0.49,37.84,43.91,70.93
2023-06-09 02:00:00,6,2,192.05,12.46,33.92,49.16,76.1
2023-06-09 03:00:00,6,3,176.32,11.42,36.39,49.14,67.73
2023-06-09 04:00:00,6,4,192.0,3.48,32.49,52.56,91.51
2023-06-09 05:00:00,6,5,205.39,3.91,35.73,52.32,89.91
2023-06-09 06:00:00,6,6,199.1,0.97,37.15,41.15,67.94
2023-06-09 07:00:00,6,7,203.65,16.13,32.78,52.59,90.55
2023-06-09 08:00:00,6,8,186.6,6.99,31.92,50.89,79.46
2023-06-09 09:00:00,6,9,223.43,0.6,30.36,53.12,97.86
2023-06-09 10:00:00,6,10,176.48,14.2,32.38,55.33,77.62
2023-06-09 11:00:00,6,11,209.75,2.71,33.16,49.29,94.03
2023-06-09 12:00:00,6,12,223.64,16.07,37.06,56.23,102.0
2023-06-09 13:00:00,6,13,209.62,5.05,30.41,45.55,74.97
2023-06-09 14:00:00,6,14,195.95,11.63,33.12,45.27,73.57
2023-06-09 15:00:00,6,15,189.43,14.07,29.37,52.14,93.15
2023-06-09 16:00:00,6,16,220.72,8.23,32.15,48.16,84.52
2023-06-09 17:00:00,6,17,171.54,29.7,33.62,51.31,76.94
2023-06-09 18:00:00,6,18,180.6,14.67,34.03,59.96,89.07
2023-06-09 19:00:00,6,19,192.05,7.97,34.18,51.97,84.44
2023-06-09 20:00:00,6,20,224.75,0.2,33.79,51.06,100.3
2023-06-09 21:00:00,6,21,207.6,7.54,34.16,45.65,70.43
2023-06-09 22:00:00,6,22,180.64,7.84,33.09,41.5,58.03
2023-06-09 23:00:00,6,23,193.79,4.42,30.9,49.64,84.75
2023-06-10 00:00:00,6,0,187.71,12.52,29.3,55.33,87.1
2023-06-10 01:00:00,6,1,185.8,1.23,31.91,48.39,76.02
2023-06-10 02:00:00,6,2,219.58,3.67,32.73,52.01,98.78
2023-06-10 03:00:00,6,3,172.57,3.47,35.51,57.13,77.76
2023-06-10 04:00:00,6,4,232.18,8.58,32.8,57.01,115.64
2023-06-10 05:00:00,6,5,216.56,3.65,32.61,52.14,98.26
2023-06-10 06:00:00,6,6,221.82,2.91,33.77,50.85,95.25
2023-06-10 07:00:00,6,7,190.74,7.95,32.46,42.41,69.79
2023-06-10 08:00:00,6,8,197.0,20.51,34.62,46.85,82.78
2023-06-10 09:00:00,6,9,171.34,3.1,36.96,48.6,66.46
2023-06-10 10:00:00,6,10,189.51,2.19,37.38,45.74,75.58
2023-06-10 11:00:00,6,11,209.87,16.69,33.19,51.24,98.4
2023-06-10 12:00:00,6,12,225.92,15.29,33.67,59.56,115.4
2023-06-10 13:00:00,6,13,177.86,15.57,36.16,57.59,84.3
2023-06-10 14:00:00,6,14,192.69,0.75,32.7,51.22,93.89
2023-06-10 15:00:00,6,15,196.97,4.89,34.36,53.9,89.68
2023-06-10 16:00:00,6,16,172.08,16.76,30.73,46.36,73.51
2023-06-10 17:00:00,6,17,211.83,5.61,32.38,57.32,99.14
2023-06-10 18:00:00,6,18,185.52,4.0,35.31,42.19,70.61
2023-06-10 19:00:00,6,19,196.09,2.42,31.56,54.56,86.49
2023-06-10 20:00:00,6,20,190.96,4.83,32.74,52.48,85.18
2023-06-10 21:00:00,6,21,184.21,0.28,29.85,46.22,67.96
2023-06-10 22:00:00,6,22,199.86,7.16,37.01,48.96,91.09
2023-06-10 23:00:00,6,23,195.69,0.45,35.53,44.33,71.23
2023-06-11 00:00:00,6,0,192.56,23.36,33.38,44.54,65.98
2023-06-11 01:00:00,6,1,185.43,4.29,34.02,42.04,65.49
2023-06-11 02:00:00,6,2,206.39,1.22,33.79,53.84,95.34
2023-06-11 03:00:00,6,3,233.07,3.36,35.77,56.03,108.75
2023-06-11 04:00:00,6,4,202.8,2.2,31.96,39.19,62.21
2023-06-11 05:00:00,6,5,219.92,14.34,34.46,59.19,113.73
2023-06-11 06:00:00,6,6,172.2,19.29,35.15,49.94,78.0
2023-06-11 07:00:00,6,7,203.16,1.03,35.43,51.45,78.92
2023-06-11 08:00:00,6,8,178.05,1.46,28.48,42.64,58.92
2023-06-11 09:00:00,6,9,170.46,9.65,31.8,56.6,79.66
2023-06-11 10:00:00,6,10,185.21,0.24,30.96,51.0,76.11
2023-06-11 11:00:00,6,11,223.84,13.87,33.3,55.69,106.58
2023-06-11 12:00:00,6,12,219.0,10.36,28.97,56.1,111.65
2023-06-11 13:00:00,6,13,204.86,8.54,28.91,56.67,94.91
2023-06-11 14:00:00,6,14,169.35,5.46,37.34,46.76,73.91
2023-06-11 15:00:00,6,15,196.07,3.59,34.24,48.96,72.71
2023-06-11 16:00:00,6,16,206.03,14.5,33.24,46.94,82.93
2023-06-11 17:00:00,6,17,203.51,2.01,33.73,54.48,89.47
2023-06-11 18:00:00,6,18,163.12,2.36,33.29,51.66,72.66
2023-06-11 19:00:00,6,19,182.19,10.49,34.99,55.35,75.3
2023-06-11 20:00:00,6,20,198.72,3.09,31.74,55.56,85.64
2023-06-11 21:00:00,6,21,210.73,16.12,33.37,41.36,75.06
2023-06-11 22:00:00,6,22,156.08,11.97,33.45,56.75,70.71
2023-06-11 23:00:00,6,23,196.76,4.56,30.91,54.75,88.22
2023-06-12 00:00:00,6,0,202.86,17.95,35.55,48.15,90.64
2023-06-12 01:00:00,6,1,216.99,13.86,32.11,51.75,94.32
2023-06-12 02:00:00,6,2,213.86,13.59,35.03,49.38,92.57
2023-06-12 03:00:00,6,3,211.65,13.66,33.23,53.08,89.88
2023-06-12 04:00:00,6,4,184.0,15.09,36.27,48.14,67.16
2023-06-12 05:00:00,6,5,161.84,3.82,30.92,52.39,70.3
2023-06-12 06:00:00,6,6,192.14,1.61,30.83,50.34,73.19
2023-06-12 07:00:00,6,7,220.03,16.15,31.19,47.84,84.28
2023-06-12 08:00:00,6,8,227.87,13.45,33.27,50.95,98.0
2023-06-12 09:00:00,6,9,214.21,6.51,36.08,63.53,112.93
2023-06-12 10:00:00,6,10,208.59,4.73,36.19,46.57,82.68
2023-06-12 11:00:00,6,11,207.59,6.16,28.38,48.75,87.39
2023-06-12 12:00:00,6,12,188.88,4.0,33.5,46.66,67.51
2023-06-12 13:00:00,6,13,197.4,0.55,26.57,47.18,72.96
2023-06-12 14:00:00,6,14,233.38,9.02,34.59,54.08,94.35
2023-06-12 15:00:00,6,15,181.15,3.33,35.24,53.58,79.08
2023-06-12 16:00:00,6,16,232.3,3.67,32.92,49.97,100.48
2023-06-12 17:00:00,6,17,193.56,6.35,33.17,55.13,96.44
2023-06-12 18:00:00,6,18,226.51,1.37,33.15,53.97,102.88
2023-06-12 19:00:00,6,19,171.86,3.24,31.43,49.19,77.36
2023-06-12 20:00:00,6,20,211.72,5.02,33.86,42.33,76.65
2023-06-12 21:00:00,6,21,185.26,16.22,32.54,54.15,84.19
2023-06-12 22:00:00,6,22,171.69,1.13,34.86,50.85,69.74
2023-06-12 23:00:00,6,23,204.37,1.32,32.77,50.11,73.47
2023-06-13 00:00:00,6,0,220.19,3.11,31.28,47.67,93.64
2023-06-13 01:00:00,6,1,183.1,1.72,29.93,53.72,81.76
2023-06-13 02:00:00,6,2,170.02,15.85,29.27,51.74,80.3
2023-06-13 03:00:00,6,3,198.16,3.56,35.63,48.82,75.91
2023-06-13 04:00:00,6,4,198.25,6.48,32.08,43.87,84.67
2023-06-13 05:00:00,6,5,210.97,4.94,33.68,55.34,96.11
2023-06-13 06:00:00,6,6,218.99,10.39,36.57,53.02,93.37
2023-06-13 07:00:00,6,7,198.81,2.02,31.87,51.28,83.93
2023-06-13 08:00:00,6,8,237.11,4.79,31.75,36.72,73.45
2023-06-13 09:00:00,6,9,204.48,1.56,32.74,49.81,84.58
2023-06-13 10:00:00,6,10,193.07,6.88,33.06,48.79,75.98
2023-06-13 11:00:00,6,11,167.77,15.77,36.78,46.91,56.6
2023-06-13 12:00:00,6,12,194.75,8.94,36.13,53.77,83.3
2023-06-13 13:00:00,6,13,193.27,15.87,34.24,53.57,91.71
2023-06-13 14:00:00,6,14,219.21,24.6,35.9,52.18,90.99
2023-06-13 15:00:00,6,15,209.25,1.4,32.64,55.19,87.71
2023-06-13 16:00:00,6,16,176.41,11.72,33.6,44.89,60.75
2023-06-13 17:00:00,6,17,203.45,0.93,32.4,47.73,80.53
2023-06-13 18:00:00,6,18,213.43,4.05,30.42,50.37,85.85
2023-06-13 19:00:00,6,19,230.56,1.29,35.41,46.89,88.75
2023-06-13 20:00:00,6,20,217.75,3.53,34.06,53.64,93.39
2023-06-13 21:00:00,6,21,215.22,0.31,33.04,47.39,90.09
2023-06-13 22:00:00,6,22,201.2,6.83,33.0,56.49,97.23
2023-06-13 23:00:00,6,23,207.77,11.09,29.99,45.34,89.65
2023-06-14 00:00:00,6,0,224.99,14.23,31.05,60.66,111.89
2023-06-14 01:00:00,6,1,173.34,1.33,33.67,60.15,85.51
2023-06-14 02:00:00,6,2,193.01,13.86,31.94,49.53,85.63
2023-06-14 03:00:00,6,3,184.55,5.24,32.56,55.73,87.72
2023-06-14 04:00:00,6,4,207.58,1.84,32.79,48.0,78.37
2023-06-14 05:00:00,6,5,224.6,5.06,31.64,55.07,105.91
2023-06-14 06:00:00,6,6,188.06,10.08,31.06,49.12,79.01
2023-06-14 07:00:00,6,7,152.19,7.69,29.78,43.57,46.33
2023-06-14 08:00:00,6,8,191.76,5.11,32.71,32.34,48.45
2023-06-14 09:00:00,6,9,218.27,9.39,34.24,48.66,89.51
2023-06-14 10:00:00,6,10,210.75,6.22,29.71,51.4,97.55
2023-06-14 11:00:00,6,11,208.56,13.33,32.95,56.65,102.01
2023-06-14 12:00:00,6,12,194.4,32.84,33.56,50.18,78.53
2023-06-14 13:00:00,6,13,174.42,7.83,31.02,55.01,76.47
2023-06-14 14:00:00,6,14,210.31,2.67,35.84,47.73,87.69
2023-06-14 15:00:00,6,15,183.31,8.69,32.23,48.31,61.72
2023-06-14 16:00:00,6,16,243.68,1.24,32.8,55.27,108.27
2023-06-14 17:00:00,6,17,211.41,8.67,32.68,37.68,73.46
2023-06-14 18:00:00,6,18,188.39,1.59,29.46,50.06,80.13
2023-06-14 19:00:00,6,19,187.77,0.91,35.02,48.0,71.36
2023-06-14 20:00:00,6,20,198.14,1.14,31.09,56.8,87.84
2023-06-14 21:00:00,6,21,195.21,14.47,32.53,47.36,81.29
2023-06-14 22:00:00,6,22,222.34,19.38,34.2,52.58,97.88
2023-06-14 23:00:00,6,23,203.73,9.42,35.92,54.61,91.67
2023-06-15 00:00:00,6,0,185.37,13.6,30.84,42.54,67.62
2023-06-15 01:00:00,6,1,237.81,2.13,32.11,49.3,98.59
2023-06-15 02:00:00,6,2,200.99,9.61,35.76,47.84,80.62
2023-06-15 03:00:00,6,3,215.38,0.52,33.93,54.73,91.67
2023-06-15 04:00:00,6,4,187.84,6.88,34.34,53.38,78.47
2023-06-15 05:00:00,6,5,207.26,9.95,30.9,48.83,88.14
2023-06-15 06:00:00,6,6,206.22,8.15,32.24,44.76,79.77
2023-06-15 07:00:00,6,7,162.21,3.06,32.66,55.19,76.56
2023-06-15 08:00:00,6,8,240.31,0.5,31.28,49.66,96.58
2023-06-15 09:00:00,6,9,225.81,4.08,29.65,41.91,82.74
2023-06-15 10:00:00,6,10,192.06,17.58,31.98,42.34,65.95
2023-06-15 11:00:00,6,11,177.95,5.71,35.71,52.19,83.95
2023-06-15 12:00:00,6,12,206.95,14.57,33.12,43.62,71.54
2023-06-15 13:00:00,6,13,201.73,20.4,35.75,59.3,97.12
2023-06-15 14:00:00,6,14,207.11,4.05,33.36,45.31,77.5
2023-06-15 15:00:00,6,15,203.83,1.85,31.47,50.0,89.22
2023-06-15 16:00:00,6,16,210.12,7.7,35.56,50.8,88.82
2023-06-15 17:00:00,6,17,228.95,6.3,33.42,46.35,88.68
2023-06-15 18:00:00,6,18,211.36,22.74,34.92,38.8,66.43
2023-06-15 19:00:00,6,19,179.01,9.4,30.86,50.95,77.4
2023-06-15 20:00:00,6,20,227.25,15.49,35.08,46.23,87.26
2023-06-15 21:00:00,6,21,232.81,15.04,35.14,50.58,94.27
2023-06-15 22:00:00,6,22,263.04,11.93,33.58,49.39,108.96
2023-06-15 23:00:00,6,23,177.53,2.81,31.39,51.32,76.72
2023-06-16 00:00:00,6,0,204.86,3.07,32.91,57.81,110.5
2023-06-16 01:00:00,6,1,158.36,0.15,34.22,47.27,59.36
2023-06-16 02:00:00,6,2,211.06,19.73,33.47,47.66,79.67
2023-06-16 03:00:00,6,3,189.04,7.96,34.2,41.67,67.08
2023-06-16 04:00:00,6,4,238.47,1.46,35.02,49.02,92.52
2023-06-16 05:00:00,6,5,184.51,4.28,31.7,52.05,74.71
2023-06-16 06:00:00,6,6,166.22,14.33,30.69,47.58,58.76
2023-06-16 07:00:00,6,7,190.57,21.92,32.92,52.08,78.89
2023-06-16 08:00:00,6,8,160.49,11.82,32.34,49.11,61.98
2023-06-16 09:00:00,6,9,215.02,2.2,34.57,43.49,71.56
2023-06-16 10:00:00,6,10,158.7,17.41,30.85,51.56,66.98
2023-06-16 11:00:00,6,11,200.57,3.99,35.04,48.97,70.07
2023-06-16 12:00:00,6,12,158.44,4.22,35.71,50.61,69.33
2023-06-16 13:00:00,6,13,193.59,8.25,33.0,47.17,73.35
2023-06-16 14:00:00,6,14,232.87,5.87,33.12,46.72,88.68
2023-06-16 15:00:00,6,15,207.21,2.69,31.46,50.79,90.69
2023-06-16 16:00:00,6,16,182.73,11.6,31.91,48.85,76.29
2023-06-16 17:00:00,6,17,199.38,13.62,32.18,58.62,94.31
2023-06-16 18:00:00,6,18,200.36,5.87,35.89,53.99,92.47
2023-06-16 19:00:00,6,19,209.45,0.77,32.86,52.73,99.83
2023-06-16 20:00:00,6,20,172.66,1.83,30.36,49.11,65.65
2023-06-16 21:00:00,6,21,211.85,6.19,33.51,39.87,74.2
2023-06-16 22:00:00,6,22,145.91,0.14,34.65,45.96,50.36
2023-06-16 23:00:00,6,23,187.4,1.9,32.95,46.76,78.95
2023-06-17 00:00:00,6,0,190.23,2.43,35.94,48.63,73.57
2023-06-17 01:00:00,6,1,212.67,1.15,34.56,49.83,84.62
2023-06-17 02:00:00,6,2,200.45,12.98,30.9,53.28,94.8
2023-06-17 03:00:00,6,3,171.89,6.46,31.9,51.37,77.23
2023-06-17 04:00:00,6,4,180.3,7.01,33.45,55.8,80.49
2023-06-17 05:00:00,6,5,203.97,7.23,29.67,48.44,83.03
2023-06-17 06:00:00,6,6,198.42,1.54,33.67,51.29,81.3
2023-06-17 07:00:00,6,7,188.42,3.19,29.48,51.72,73.29
2023-06-17 08:00:00,6,8,190.38,10.85,35.05,51.23,82.27
2023-06-17 09:00:00,6,9,213.92,12.69,34.81,56.41,98.84
2023-06-17 10:00:00,6,10,189.65,27.83,34.01,54.02,80.69
2023-06-17 11:00:00,6,11,198.24,0.87,31.65,43.4,78.27
2023-06-17 12:00:00,6,12,243.4,11.41,33.34,49.43,95.76
2023-06-17 13:00:00,6,13,171.53,13.64,31.97,49.93,72.13
2023-06-17 14:00:00,6,14,162.96,4.0,30.94,60.76,87.96
2023-06-17 15:00:00,6,15,215.67,6.81,32.32,48.35,85.67
2023-06-17 16:00:00,6,16,186.43,3.69,34.4,45.09,66.42
2023-06-17 17:00:00,6,17,193.64,9.46,33.09,52.19,85.76
2023-06-17 18:00:00,6,18,184.38,1.98,35.9,52.48,82.97
2023-06-17 19:00:00,6,19,194.8,20.34,34.53,49.63,85.0
2023-06-17 20:00:00,6,20,231.97,9.76,34.32,48.9,103.94
2023-06-17 21:00:00,6,21,216.04,9.75,29.78,54.74,96.33
2023-06-17 22:00:00,6,22,217.24,4.49,32.43,45.73,83.82
2023-06-17 23:00:00,6,23,171.68,17.48,30.87,48.3,62.79
2023-06-18 00:00:00,6,0,176.98,16.83,32.63,47.39,73.27
2023-06-18 01:00:00,6,1,143.22,3.42,31.61,55.47,67.16
2023-06-18 02:00:00,6,2,183.81,25.03,32.24,51.43,77.93
2023-06-18 03:00:00,6,3,219.13,0.24,35.12,44.68,78.54
2023-06-18 04:00:00,6,4,210.34,9.63,33.95,45.18,77.5
2023-06-18 05:00:00,6,5,195.57,6.34,35.01,59.37,98.0
2023-06-18 06:00:00,6,6,199.55,22.57,29.8,55.42,87.38
2023-06-18 07:00:00,6,7,186.22,16.07,33.12,54.21,82.64
2023-06-18 08:00:00,6,8,204.1,15.95,34.93,50.06,85.28
2023-06-18 09:00:00,6,9,215.32,10.16,36.01,57.54,95.61
2023-06-18 10:00:00,6,10,167.68,2.28,29.9,44.48,56.94
2023-06-18 11:00:00,6,11,205.99,0.96,32.3,53.76,89.05
2023-06-18 12:00:00,6,12,218.65,9.6,35.07,47.78,94.96
2023-06-18 13:00:00,6,13,191.7,17.55,32.62,48.76,73.78
2023-06-18 14:00:00,6,14,214.01,2.1,31.18,53.63,95.42
2023-06-18 15:00:00,6,15,256.29,3.21,29.9,49.28,100.12
2023-06-18 16:00:00,6,16,197.91,3.88,31.1,47.83,75.05
2023-06-18 17:00:00,6,17,207.87,2.23,29.62,47.52,75.17
2023-06-18 18:00:00,6,18,185.24,14.3,33.12,40.07,65.24
2023-06-18 19:00:00,6,19,203.63,3.03,34.79,53.82,84.75
2023-06-18 20:00:00,6,20,209.21,1.7,30.48,44.97,82.98
2023-06-18 21:00:00,6,21,203.9,7.27,33.52,59.29,103.15
2023-06-18 22:00:00,6,22,179.61,5.54,34.69,48.56,72.35
2023-06-18 23:00:00,6,23,204.13,6.14,32.99,56.55,100.95
2023-06-19 00:00:00,6,0,229.24,0.96,29.78,40.95,93.8
2023-06-19 01:00:00,6,1,208.97,5.48,33.77,53.66,95.89
2023-06-19 02:00:00,6,2,219.24,11.28,32.89,54.94,94.84
2023-06-19 03:00:00,6,3,195.26,12.64,32.69,56.52,99.47
2023-06-19 04:00:00,6,4,215.0,14.32,31.91,42.36,76.87
2023-06-19 05:00:00,6,5,205.59,7.23,33.17,46.49,90.25
2023-06-19 06:00:00,6,6,180.98,1.94,34.02,52.88,77.28
2023-06-19 07:00:00,6,7,206.37,6.42,37.78,50.74,93.73
2023-06-19 08:00:00,6,8,180.17,5.46,33.22,51.47,77.32
2023-06-19 09:00:00,6,9,187.34,4.82,36.02,48.2,88.58
2023-06-19 10:00:00,6,10,203.79,1.63,33.72,57.75,96.73
2023-06-19 11:00:00,6,11,205.94,14.68,32.8,63.04,123.27
2023-06-19 12:00:00,6,12,176.22,4.59,33.3,50.52,76.43
2023-06-19 13:00:00,6,13,221.08,11.0,30.56,52.27,100.59
2023-06-19 14:00:00,6,14,211.44,9.39,33.61,50.28,97.15
2023-06-19 15:00:00,6,15,185.91,6.71,29.02,56.42,83.52
2023-06-19 16:00:00,6,16,169.25,1.61,31.27,54.15,81.26
2023-06-19 17:00:00,6,17,197.1,13.72,33.22,44.67,71.95
2023-06-19 18:00:00,6,18,191.08,4.96,35.39,46.94,75.54
2023-06-19 19:00:00,6,19,202.26,10.79,35.86,44.95,76.23
2023-06-19 20:00:00,6,20,192.74,10.15,32.53,63.47,104.87
2023-06-19 21:00:00,6,21,159.85,5.99,33.31,53.18,73.53
2023-06-19 22:00:00,6,22,192.23,3.95,34.97,47.02,72.5
2023-06-19 23:00:00,6,23,193.89,3.58,30.34,46.62,76.0
2023-06-20 00:00:00,6,0,212.67,8.43,33.81,54.03,84.14
2023-06-20 01:00:00,6,1,186.04,11.67,31.34,54.52,89.53
2023-06-20 02:00:00,6,2,233.57,2.82,32.66,53.99,113.62
2023-06-20 03:00:00,6,3,161.77,1.82,32.08,47.87,65.53
2023-06-20 04:00:00,6,4,226.22,21.57,33.87,51.53,89.17
2023-06-20 05:00:00,6,5,195.51,0.37,34.1,50.55,86.13
2023-06-20 06:00:00,6,6,217.19,18.14,34.78,45.32,78.26
2023-06-20 07:00:00,6,7,201.6,11.7,33.7,45.37,77.17
2023-06-20 08:00:00,6,8,222.79,15.73,33.34,52.06,100.14
2023-06-20 09:00:00,6,9,192.25,11.2,36.71,50.98,84.46
2023-06-20 10:00:00,6,10,178.03,11.89,29.95,52.77,83.74
2023-06-20 11:00:00,6,11,228.41,17.56,36.39,53.96,103.49
2023-06-20 12:00:00,6,12,197.73,7.82,32.42,57.5,95.67
2023-06-20 13:00:00,6,13,204.43,4.61,34.14,46.12,82.3
2023-06-20 14:00:00,6,14,224.7,11.69,32.35,53.15,99.23
2023-06-20 15:00:00,6,15,179.36,18.12,31.59,53.75,76.94
2023-06-20 16:00:00,6,16,211.91,7.18,33.97,48.44,87.85
2023-06-20 17:00:00,6,17,188.2,2.23,35.08,50.61,73.78
2023-06-20 18:00:00,6,18,197.36,0.1,33.95,48.57,79.52
2023-06-20 19:00:00,6,19,201.45,14.0,31.92,60.54,94.81
2023-06-20 20:00:00,6,20,170.0,16.4,40.22,50.52,68.84
2023-06-20 21:00:00,6,21,184.42,5.03,35.4,52.26,77.8
2023-06-20 22:00:00,6,22,227.02,5.34,34.87,48.68,87.23
2023-06-20 23:00:00,6,23,217.72,14.55,32.29,47.6,91.92
2023-06-21 00:00:00,6,0,198.75,1.91,31.75,43.49,77.16
2023-06-21 01:00:00,6,1,204.86,2.91,32.44,55.5,101.38
2023-06-21 02:00:00,6,2,194.12,3.27,35.16,53.84,86.21
2023-06-21 03:00:00,6,3,227.13,1.55,31.02,48.49,89.68
2023-06-21 04:00:00,6,4,195.99,4.95,30.86,45.5,78.37
2023-06-21 05:00:00,6,5,204.64,11.31,34.08,50.9,87.5
2023-06-21 06:00:00,6,6,222.92,1.97,33.64,47.51,88.93
2023-06-21 07:00:00,6,7,184.45,1.14,31.46,48.89,62.48
2023-06-21 08:00:00,6,8,231.18,2.32,30.82,43.68,87.99
2023-06-21 09:00:00,6,9,169.39,0.72,35.88,51.09,75.28
2023-06-21 10:00:00,6,10,232.59,12.73,33.71,51.19,99.24
2023-06-21 11:00:00,6,11,192.55,13.18,30.27,55.47,93.14
2023-06-21 12:00:00,6,12,195.15,22.14,30.41,49.25,83.14
2023-06-21 13:00:00,6,13,162.2,8.18,32.28,48.33,61.89
2023-06-21 14:00:00,6,14,190.9,8.28,34.47,42.22,66.1
2023-06-21 15:00:00,6,15,179.2,8.44,34.19,55.5,77.9
2023-06-21 16:00:00,6,16,187.85,3.07,35.26,54.46,92.62
2023-06-21 17:00:00,6,17,197.25,21.33,30.02,50.14,87.36
2023-06-21 18:00:00,6,18,219.16,10.27,33.45,43.35,75.16
2023-06-21 19:00:00,6,19,204.15,1.7,35.85,43.93,77.87
2023-06-21 20:00:00,6,20,206.15,1.36,35.67,47.26,82.64
2023-06-21 21:00:00,6,21,178.09,2.23,33.72,54.83,77.99
2023-06-21 22:00:00,6,22,182.38,3.69,37.7,51.45,78.87
2023-06-21 23:00:00,6,23,235.97,0.12,34.22,42.53,87.98
2023-06-22 00:00:00,6,0,185.3,1.21,35.09,52.02,85.08
2023-06-22 01:00:00,6,1,233.12,6.39,33.09,45.8,100.7
2023-06-22 02:00:00,6,2,195.14,9.82,31.44,47.39,77.58
2023-06-22 03:00:00,6,3,200.05,4.31,31.25,54.86,90.32
2023-06-22 04:00:00,6,4,221.41,13.31,33.36,53.83,102.19
2023-06-22 05:00:00,6,5,225.44,7.71,32.58,55.47,103.35
2023-06-22 06:00:00,6,6,197.78,3.48,29.46,49.88,79.35
2023-06-22 07:00:00,6,7,192.24,9.94,30.95,54.42,82.6
2023-06-22 08:00:00,6,8,198.88,0.42,32.36,47.07,60.92
2023-06-22 09:00:00,6,9,206.76,1.86,34.45,48.71,87.66
2023-06-22 10:00:00,6,10,217.83,12.49,32.97,48.37,79.66
2023-06-22 11:00:00,6,11,200.08,7.85,32.86,50.12,79.22
2023-06-22 12:00:00,6,12,212.38,6.52,31.03,43.57,78.62
2023-06-22 13:00:00,6,13,232.77,1.0,33.05,48.87,93.26
2023-06-22 14:00:00,6,14,207.63,14.8,35.64,57.26,109.88
2023-06-22 15:00:00,6,15,206.23,5.09,33.31,44.54,69.04
2023-06-22 16:00:00,6,16,169.62,16.28,29.99,43.35,72.51
2023-06-22 17:00:00,6,17,147.39,17.7,30.5,43.76,60.68
2023-06-22 18:00:00,6,18,207.77,0.64,34.18,63.31,114.23
2023-06-22 19:00:00,6,19,198.1,12.13,32.55,52.32,93.63
2023-06-22 20:00:00,6,20,189.7,6.49,32.85,48.65,78.98
2023-06-22 21:00:00,6,21,204.87,0.42,31.77,50.34,77.48
2023-06-22 22:00:00,6,22,198.79,1.65,34.01,51.14,87.34
2023-06-22 23:00:00,6,23,222.56,7.07,32.4,46.8,79.44
2023-06-23 00:00:00,6,0,201.72,17.41,32.63,47.41,77.11
2023-06-23 01:00:00,6,1,185.06,28.43,31.3,49.21,75.55
2023-06-23 02:00:00,6,2,219.8,2.79,34.84,46.38,80.44
2023-06-23 03:00:00,6,3,195.66,3.53,32.56,48.02,83.07
2023-06-23 04:00:00,6,4,210.53,0.97,34.22,51.77,89.81
2023-06-23 05:00:00,6,5,190.45,2.6,30.61,45.01,73.53
2023-06-23 06:00:00,6,6,187.0,8.32,36.47,63.05,98.27
2023-06-23 07:00:00,6,7,201.68,10.85,35.55,53.77,91.05
2023-06-23 08:00:00,6,8,200.26,11.36,29.18,43.65,68.45
2023-06-23 09:00:00,6,9,209.6,4.05,31.4,37.61,59.86
2023-06-23 10:00:00,6,10,194.63,5.2,33.96,46.56,74.8
2023-06-23 11:00:00,6,11,163.27,25.78,30.36,53.42,67.9
2023-06-23 12:00:00,6,12,191.34,4.45,32.74,52.45,90.66
2023-06-23 13:00:00,6,13,215.88,0.38,33.85,49.45,82.12
2023-06-23 14:00:00,6,14,194.05,13.47,32.63,46.99,87.72
2023-06-23 15:00:00,6,15,195.07,3.73,34.08,45.48,75.49
2023-06-23 16:00:00,6,16,219.73,14.79,31.61,47.99,88.27
2023-06-23 17:00:00,6,17,185.76,22.3,28.51,44.94,66.91
2023-06-23 18:00:00,6,18,169.14,7.19,34.96,48.01,70.99
2023-06-23 19:00:00,6,19,196.79,6.25,34.95,56.65,91.94
2023-06-23 20:00:00,6,20,190.32,9.43,38.01,46.14,74.73
2023-06-23 21:00:00,6,21,180.68,0.09,28.59,53.05,84.14
2023-06-23 22:00:00,6,22,196.49,11.34,34.5,53.82,91.52
2023-06-23 23:00:00,6,23,209.83,13.25,29.06,44.6,84.24
2023-06-24 00:00:00,6,0,199.81,9.65,36.51,45.78,78.97
2023-06-24 01:00:00,6,1,206.14,7.21,33.98,55.34,90.38
2023-06-24 02:00:00,6,2,236.27,20.18,31.1,45.37,78.99
2023-06-24 03:00:00,6,3,193.14,13.23,34.56,49.71,81.12
2023-06-24 04:00:00,6,4,205.57,0.93,31.89,60.2,104.32
2023-06-24 05:00:00,6,5,189.82,3.92,33.6,54.9,96.52
2023-06-24 06:00:00,6,6,183.07,8.65,33.41,50.43,76.4
2023-06-24 07:00:00,6,7,188.3,12.75,36.49,54.2,86.98
2023-06-24 08:00:00,6,8,190.42,11.86,36.63,49.72,82.83
2023-06-24 09:00:00,6,9,207.19,8.32,31.81,55.09,97.75
2023-06-24 10:00:00,6,10,246.98,8.21,35.12,39.77,86.12
2023-06-24 11:00:00,6,11,185.68,9.74,33.71,49.3,72.25
2023-06-24 12:00:00,6,12,191.67,19.83,30.17,39.57,58.36
2023-06-24 13:00:00,6,13,198.74,2.32,31.61,50.81,82.79
2023-06-24 14:00:00,6,14,207.92,6.54,37.67,48.82,73.77
2023-06-24 15:00:00,6,15,205.27,15.27,33.72,56.8,97.03
2023-06-24 16:00:00,6,16,225.68,21.18,35.0,53.56,97.49
2023-06-24 17:00:00,6,17,151.47,12.25,32.58,47.37,61.44
2023-06-24 18:00:00,6,18,152.26,10.25,31.92,47.97,59.58
2023-06-24 19:00:00,6,19,190.08,9.95,33.05,51.9,77.19
2023-06-24 20:00:00,6,20,221.95,6.19,32.47,47.14,93.79
2023-06-24 21:00:00,6,21,168.69,7.89,30.01,49.84,70.51
2023-06-24 22:00:00,6,22,139.85,10.28,30.99,56.58,70.3
2023-06-24 23:00:00,6,23,211.42,12.71,34.42,45.85,81.76
2023-06-25 00:00:00,6,0,204.87,10.9,32.24,47.76,83.91
2023-06-25 01:00:00,6,1,178.2,10.45,33.05,48.46,65.21
2023-06-25 02:00:00,6,2,180.29,9.38,33.47,65.79,105.3
2023-06-25 03:00:00,6,3,180.61,15.99,33.63,53.04,84.27
2023-06-25 04:00:00,6,4,202.21,14.57,35.29,55.66,93.76
2023-06-25 05:00:00,6,5,187.47,6.25,30.8,53.84,85.61
2023-06-25 06:00:00,6,6,209.88,4.79,34.14,54.18,99.83
2023-06-25 07:00:00,6,7,142.91,8.54,34.51,52.37,60.54
2023-06-25 08:00:00,6,8,182.86,2.64,34.97,51.83,71.11
2023-06-25 09:00:00,6,9,177.48,2.41,30.17,42.75,61.49
2023-06-25 10:00:00,6,10,194.87,1.87,33.51,51.79,84.92
2023-06-25 11:00:00,6,11,189.24,8.32,36.43,49.46,77.88
2023-06-25 12:00:00,6,12,215.96,2.28,32.8,52.73,101.54
2023-06-25 13:00:00,6,13,162.81,2.32,33.97,49.65,62.6
2023-06-25 14:00:00,6,14,200.91,11.46,34.56,53.82,85.99
2023-06-25 15:00:00,6,15,211.17,7.91,30.95,54.7,91.03
2023-06-25 16:00:00,6,16,237.13,7.86,36.67,35.44,72.22
2023-06-25 17:00:00,6,17,190.36,11.49,34.0,47.83,68.29
2023-06-25 18:00:00,6,18,206.49,5.25,34.04,40.71,73.82
2023-06-25 19:00:00,6,19,163.92,8.78,29.68,51.19,65.31
2023-06-25 20:00:00,6,20,152.16,12.81,34.59,48.5,57.67
2023-06-25 21:00:00,6,21,216.9,0.72,34.01,56.78,111.54
2023-06-25 22:00:00,6,22,199.89,9.04,36.25,51.04,91.23
2023-06-25 23:00:00,6,23,223.57,7.91,32.38,47.57,89.28
2023-06-26 00:00:00,6,0,172.53,8.15,31.02,54.69,72.13
2023-06-26 01:00:00,6,1,210.4,19.03,31.64,48.41,95.0
2023-06-26 02:00:00,6,2,237.38,8.28,31.99,47.51,93.06
2023-06-26 03:00:00,6,3,208.39,14.6,30.76,51.97,91.54
2023-06-26 04:00:00,6,4,205.53,4.63,35.58,58.06,104.07
2023-06-26 05:00:00,6,5,200.17,4.55,35.66,54.27,80.77
2023-06-26 06:00:00,6,6,168.58,2.42,32.61,52.83,71.07
2023-06-26 07:00:00,6,7,227.11,5.9,32.21,63.75,120.4
2023-06-26 08:00:00,6,8,187.78,13.0,29.37,46.34,73.21
2023-06-26 09:00:00,6,9,210.09,23.05,34.39,46.23,74.46
2023-06-26 10:00:00,6,10,168.74,12.37,36.31,50.73,73.01
2023-06-26 11:00:00,6,11,176.41,5.44,31.73,57.58,84.86
2023-06-26 12:00:00,6,12,228.7,0.78,32.77,45.29,94.71
2023-06-26 13:00:00,6,13,193.05,5.27,33.87,58.77,99.61
2023-06-26 14:00:00,6,14,229.07,15.43,36.45,42.8,80.41
2023-06-26 15:00:00,6,15,198.44,12.31,33.4,49.39,80.75
2023-06-26 16:00:00,6,16,163.16,0.12,33.39,50.87,74.28
2023-06-26 17:00:00,6,17,217.84,5.27,33.36,45.59,84.23
2023-06-26 18:00:00,6,18,188.2,16.11,30.15,46.89,66.74
2023-06-26 19:00:00,6,19,213.97,9.2,30.11,53.98,106.79
2023-06-26 20:00:00,6,20,200.5,1.48,31.38,57.21,90.7
2023-06-26 21:00:00,6,21,169.14,8.87,35.03,39.43,68.0
2023-06-26 22:00:00,6,22,203.29,8.16,32.33,50.9,88.42
2023-06-26 23:00:00,6,23,243.92,3.5,31.94,49.43,97.37
2023-06-27 00:00:00,6,0,209.86,6.5,31.91,50.54,76.6
2023-06-27 01:00:00,6,1,198.85,3.43,32.72,48.42,84.16
2023-06-27 02:00:00,6,2,221.51,10.78,36.4,43.55,72.68
2023-06-27 03:00:00,6,3,204.21,9.98,32.7,57.71,100.06
2023-06-27 04:00:00,6,4,204.19,12.52,31.43,55.8,104.67
2023-06-27 05:00:00,6,5,178.17,19.26,33.05,49.48,67.82
2023-06-27 06:00:00,6,6,204.68,6.58,36.51,47.56,84.86
2023-06-27 07:00:00,6,7,220.71,13.11,31.99,46.95,82.35
2023-06-27 08:00:00,6,8,183.28,17.42,30.64,37.07,62.32
2023-06-27 09:00:00,6,9,228.49,10.75,32.0,51.77,98.96
2023-06-27 10:00:00,6,10,198.17,3.41,33.26,53.9,88.97
2023-06-27 11:00:00,6,11,182.24,2.54,34.38,50.69,83.07
2023-06-27 12:00:00,6,12,219.95,1.59,35.01,49.57,94.04
2023-06-27 13:00:00,6,13,194.26,10.13,30.91,50.67,78.05
2023-06-27 14:00:00,6,14,215.19,1.8,31.1,45.73,91.0
2023-06-27 15:00:00,6,15,194.16,23.44,32.35,47.5,69.23
2023-06-27 16:00:00,6,16,198.8,1.34,34.37,49.17,82.89
2023-06-27 17:00:00,6,17,209.87,10.62,30.48,53.48,89.48
2023-06-27 18:00:00,6,18,205.82,8.05,31.79,56.89,90.21
2023-06-27 19:00:00,6,19,160.09,0.36,31.81,48.85,59.54
2023-06-27 20:00:00,6,20,177.58,5.87,34.88,44.78,66.05
2023-06-27 21:00:00,6,21,218.59,3.32,34.06,50.18,93.21
2023-06-27 22:00:00,6,22,197.36,5.1,34.81,60.06,104.13
2023-06-27 23:00:00,6,23,189.53,5.73,35.68,45.21,78.83
2023-06-28 00:00:00,6,0,172.83,1.66,32.39,54.43,79.83
2023-06-28 01:00:00,6,1,178.41,12.36,30.63,56.68,82.1
2023-06-28 02:00:00,6,2,159.56,20.7,30.64,48.2,69.33
2023-06-28 03:00:00,6,3,197.97,8.54,29.32,46.5,73.68
2023-06-28 04:00:00,6,4,188.03,18.63,32.08,52.87,74.92
2023-06-28 05:00:00,6,5,180.67,6.29,32.23,51.77,82.68
2023-06-28 06:00:00,6,6,198.64,7.02,34.58,53.47,95.19
2023-06-28 07:00:00,6,7,207.28,13.39,33.03,60.37,100.23
2023-06-28 08:00:00,6,8,241.86,8.96,32.02,50.84,112.33
2023-06-28 09:00:00,6,9,169.76,4.86,32.77,44.04,65.26
2023-06-28 10:00:00,6,10,223.19,17.38,30.92,50.33,95.84
2023-06-28 11:00:00,6,11,219.46,9.75,35.05,51.21,91.13
2023-06-28 12:00:00,6,12,184.42,13.41,31.43,56.34,91.72
2023-06-28 13:00:00,6,13,204.06,15.28,30.72,49.02,75.78
2023-06-28 14:00:00,6,14,190.85,11.97,34.64,47.95,74.62
2023-06-28 15:00:00,6,15,203.71,4.32,34.15,43.14,69.62
2023-06-28 16:00:00,6,16,230.18,0.46,29.55,52.74,94.68
2023-06-28 17:00:00,6,17,212.11,4.39,34.71,66.74,122.36
2023-06-28 18:00:00,6,18,210.17,2.82,31.52,48.89,87.38
2023-06-28 19:00:00,6,19,191.39,15.8,32.25,52.26,87.43
2023-06-28 20:00:00,6,20,170.32,2.39,33.37,47.26,65.73
2023-06-28 21:00:00,6,21,195.83,21.67,34.17,43.59,76.11
2023-06-28 22:00:00,6,22,224.13,8.98,33.89,52.17,97.89
2023-06-28 23:00:00,6,23,169.46,0.2,32.9,50.14,68.49
2023-06-29 00:00:00,6,0,178.9,3.73,32.15,38.07,53.6
2023-06-29 01:00:00,6,1,202.53,10.85,33.82,58.05,88.12
2023-06-29 02:00:00,6,2,180.31,1.53,32.76,52.08,84.12
2023-06-29 03:00:00,6,3,184.15,4.17,36.61,50.37,82.6
2023-06-29 04:00:00,6,4,191.53,5.24,34.17,47.89,91.12
2023-06-29 05:00:00,6,5,172.69,21.7,31.15,52.03,73.24
2023-06-29 06:00:00,6,6,180.52,4.64,32.04,52.26,75.33
2023-06-29 07:00:00,6,7,214.07,11.5,33.1,52.01,84.33
2023-06-29 08:00:00,6,8,173.85,0.66,35.6,55.34,85.02
2023-06-29 09:00:00,6,9,168.04,16.78,35.82,56.48,82.79
2023-06-29 10:00:00,6,10,187.4,23.98,32.21,60.03,101.56
2023-06-29 11:00:00,6,11,214.64,5.31,31.13,45.82,77.42
2023-06-29 12:00:00,6,12,196.06,9.93,30.88,47.13,80.64
2023-06-29 13:00:00,6,13,190.71,5.49,33.5,51.81,79.77
2023-06-29 14:00:00,6,14,200.89,2.82,37.61,46.1,83.95
2023-06-29 15:00:00,6,15,165.09,4.56,34.08,46.91,67.26
2023-06-29 16:00:00,6,16,209.89,6.98,29.81,52.38,83.89
2023-06-29 17:00:00,6,17,207.67,4.6,31.55,54.5,93.73
2023-06-29 18:00:00,6,18,191.81,0.07,31.75,56.38,80.44
2023-06-29 19:00:00,6,19,220.12,6.36,31.36,49.04,84.19
2023-06-29 20:00:00,6,20,177.45,4.01,32.22,52.32,71.9
2023-06-29 21:00:00,6,21,222.56,18.55,33.74,51.21,91.84
2023-06-29 22:00:00,6,22,203.09,10.2,34.36,50.09,83.51
2023-06-29 23:00:00,6,23,193.27,5.35,35.18,45.92,74.83
2023-06-30 00:00:00,6,0,199.6,10.3,34.05,45.28,75.94
2023-06-30 01:00:00,6,1,197.85,3.71,29.09,53.33,87.87
2023-06-30 02:00:00,6,2,224.41,5.08,30.89,45.84,87.43
2023-06-30 03:00:00,6,3,178.47,7.48,32.68,41.12,54.94
2023-06-30 04:00:00,6,4,184.75,1.25,33.29,49.84,77.15
2023-06-30 05:00:00,6,5,220.73,4.22,34.72,57.28,112.59
2023-06-30 06:00:00,6,6,188.09,12.08,33.09,36.03,55.67
2023-06-30 07:00:00,6,7,218.01,4.75,33.1,48.56,90.75
2023-06-30 08:00:00,6,8,233.99,8.03,33.48,53.38,106.15
2023-06-30 09:00:00,6,9,191.96,19.43,32.49,40.88,69.75
2023-06-30 10:00:00,6,10,213.63,4.51,33.17,48.93,88.6
2023-06-30 11:00:00,6,11,176.93,1.54,35.25,44.3,69.59
2023-06-30 12:00:00,6,12,215.09,4.51,32.83,44.96,83.18
2023-06-30 13:00:00,6,13,203.99,11.37,32.94,47.99,84.91
2023-06-30 14:00:00,6,14,209.46,12.35,32.93,44.38,79.73
2023-06-30 15:00:00,6,15,187.09,6.37,35.6,43.97,63.56
2023-06-30 16:00:00,6,16,166.78,15.58,30.78,49.7,63.27
2023-06-30 17:00:00,6,17,210.07,6.79,36.55,61.14,105.32
2023-06-30 18:00:00,6,18,158.73,0.99,30.65,53.79,78.95
2023-06-30 19:00:00,6,19,193.65,0.39,31.69,55.05,88.04
2023-06-30 20:00:00,6,20,218.82,2.64,34.49,53.99,100.05
2023-06-30 21:00:00,6,21,203.84,14.55,35.06,46.51,69.22
2023-06-30 22:00:00,6,22,238.97,1.11,30.19,51.55,103.7
2023-06-30 23:00:00,6,23,220.5,14.26,30.81,55.49,102.45
2023-07-01 00:00:00,7,0,261.92,28.58,32.48,64.14,126.72
2023-07-01 01:00:00,7,1,275.55,3.71,36.62,60.97,141.55
2023-07-01 02:00:00,7,2,274.05,6.48,34.42,62.6,134.8
2023-07-01 03:00:00,7,3,243.36,33.19,31.43,72.31,143.12
2023-07-01 04:00:00,7,4,256.19,19.53,27.09,64.2,142.11
2023-07-01 05:00:00,7,5,263.78,15.12,32.09,58.42,129.3
2023-07-01 06:00:00,7,6,234.28,37.71,32.65,59.63,114.25
2023-07-01 07:00:00,7,7,275.95,28.28,31.16,54.73,123.26
2023-07-01 08:00:00,7,8,270.02,33.72,30.23,71.74,159.43
2023-07-01 09:00:00,7,9,241.54,23.34,32.25,68.02,137.8
2023-07-01 10:00:00,7,10,283.08,51.8,30.04,60.42,136.61
2023-07-01 11:00:00,7,11,289.32,18.95,35.67,70.9,176.68
2023-07-01 12:00:00,7,12,279.54,42.44,34.96,63.16,141.49
2023-07-01 13:00:00,7,13,268.52,24.39,33.24,57.85,120.88
2023-07-01 14:00:00,7,14,286.83,8.45,32.11,64.53,159.3
2023-07-01 15:00:00,7,15,288.6,29.83,30.61,61.99,147.0
2023-07-01 16:00:00,7,16,281.15,28.15,31.89,64.19,150.83
2023-07-01 17:00:00,7,17,258.51,14.49,35.21,53.15,117.85
2023-07-01 18:00:00,7,18,280.53,15.78,33.67,55.95,127.28
2023-07-01 19:00:00,7,19,298.91,24.75,32.34,67.44,168.78
2023-07-01 20:00:00,7,20,263.07,28.5,33.78,68.47,153.43
2023-07-01 21:00:00,7,21,316.96,0.29,33.02,67.08,185.49
2023-07-01 22:00:00,7,22,264.49,35.53,32.72,71.09,154.24
2023-07-01 23:00:00,7,23,275.65,20.06,33.89,62.89,142.23
2023-07-02 00:00:00,7,0,261.55,11.68,32.96,62.54,139.2
2023-07-02 01:00:00,7,1,279.47,34.41,33.65,55.43,130.22
2023-07-02 02:00:00,7,2,240.16,24.76,32.25,57.1,113.65
2023-07-02 03:00:00,7,3,264.08,37.16,31.42,50.06,118.19
2023-07-02 04:00:00,7,4,253.16,29.38,30.83,58.39,114.85
2023-07-02 05:00:00,7,5,277.71,24.98,30.59,49.71,108.0
2023-07-02 06:00:00,7,6,294.89,23.47,28.72,65.4,152.47
2023-07-02 07:00:00,7,7,287.92,29.83,30.1,61.94,154.72
2023-07-02 08:00:00,7,8,227.57,20.86,30.05,49.87,97.2
2023-07-02 09:00:00,7,9,315.84,16.47,30.91,59.05,148.66
2023-07-02 10:00:00,7,10,280.91,31.1,35.05,69.84,162.97
2023-07-02 11:00:00,7,11,259.47,23.56,31.61,59.37,128.32
2023-07-02 12:00:00,7,12,278.14,25.34,32.41,55.01,116.53
2023-07-02 13:00:00,7,13,278.52,35.89,32.47,51.07,119.56
2023-07-02 14:00:00,7,14,261.66,23.86,35.1,51.22,105.87
2023-07-02 15:00:00,7,15,278.96,25.15,30.78,62.68,149.33
2023-07-02 16:00:00,7,16,262.85,19.0,31.48,57.83,121.02
2023-07-02 17:00:00,7,17,266.91,29.31,31.72,58.25,130.73
2023-07-02 18:00:00,7,18,261.27,28.5,34.2,57.85,132.51
2023-07-02 19:00:00,7,19,246.35,34.01,34.62,59.3,126.68
2023-07-02 20:00:00,7,20,277.92,19.21,32.88,53.86,127.36
2023-07-02 21:00:00,7,21,286.71,20.42,34.39,61.58,146.81
2023-07-02 22:00:00,7,22,285.3,32.92,32.28,52.89,118.31
2023-07-02 23:00:00,7,23,291.4,27.52,31.58,56.22,134.41
2023-07-03 00:00:00,7,0,281.49,15.94,34.29,65.05,151.56
2023-07-03 01:00:00,7,1,264.35,38.07,32.9,61.88,134.91
2023-07-03 02:00:00,7,2,291.79,8.02,30.46,63.43,146.66
2023-07-03 03:00:00,7,3,247.85,32.84,33.92,70.75,148.39
2023-07-03 04:00:00,7,4,256.99,12.35,31.51,59.7,122.03
2023-07-03 05:00:00,7,5,255.72,43.86,31.27,60.11,135.9
2023-07-03 06:00:00,7,6,296.6,9.55,33.71,58.68,145.86
2023-07-03 07:00:00,7,7,293.86,36.52,31.75,57.78,146.48
2023-07-03 08:00:00,7,8,284.75,24.18,32.71,54.95,135.26
2023-07-03 09:00:00,7,9,296.44,21.33,33.25,60.42,159.74
2023-07-03 10:00:00,7,10,257.41,26.85,30.36,61.78,133.51
2023-07-03 11:00:00,7,11,281.97,31.32,32.7,62.05,143.95
2023-07-03 12:00:00,7,12,272.5,15.96,34.63,60.32,135.21
2023-07-03 13:00:00,7,13,291.94,16.84,30.02,64.63,164.81
2023-07-03 14:00:00,7,14,272.7,31.5,32.83,60.15,130.17
2023-07-03 15:00:00,7,15,267.3,7.93,30.27,57.95,124.78
2023-07-03 16:00:00,7,16,285.82,19.16,33.97,55.37,133.14
2023-07-03 17:00:00,7,17,292.52,55.41,33.95,52.26,126.7
2023-07-03 18:00:00,7,18,261.63,15.32,31.22,67.3,151.67
2023-07-03 19:00:00,7,19,273.78,36.48,36.35,56.5,122.3
2023-07-03 20:00:00,7,20,253.83,19.14,34.14,55.37,116.86
2023-07-03 21:00:00,7,21,225.04,30.09,33.34,57.91,107.74
2023-07-03 22:00:00,7,22,279.01,31.54,33.23,58.61,130.99
2023-07-03 23:00:00,7,23,287.18,36.29,33.9,68.19,167.69
2023-07-04 00:00:00,7,0,280.24,23.0,29.94,58.36,135.91
2023-07-04 01:00:00,7,1,236.01,44.89,32.32,73.17,143.32
2023-07-04 02:00:00,7,2,267.98,19.11,32.69,60.32,130.66
2023-07-04 03:00:00,7,3,230.63,27.34,31.13,70.29,133.32
2023-07-04 04:00:00,7,4,302.39,27.45,32.86,64.47,157.45
2023-07-04 05:00:00,7,5,253.28,13.78,34.39,61.81,134.85
2023-07-04 06:00:00,7,6,300.11,22.14,31.08,67.89,175.05
2023-07-04 07:00:00,7,7,293.92,26.62,31.82,65.61,169.2
2023-07-04 08:00:00,7,8,256.99,20.68,30.29,63.17,137.54
2023-07-04 09:00:00,7,9,252.34,49.41,28.35,71.59,148.94
2023-07-04 10:00:00,7,10,282.01,16.61,33.49,57.51,132.89
2023-07-04 11:00:00,7,11,258.11,36.79,31.88,55.03,120.88
2023-07-04 12:00:00,7,12,277.05,33.56,32.02,56.62,131.8
2023-07-04 13:00:00,7,13,265.34,24.86,29.95,68.76,151.27
2023-07-04 14:00:00,7,14,239.38,16.35,31.56,67.25,132.93
2023-07-04 15:00:00,7,15,230.39,17.32,34.12,57.37,116.08
2023-07-04 16:00:00,7,16,279.53,19.82,31.93,48.23,110.25
2023-07-04 17:00:00,7,17,263.77,7.14,31.99,58.97,136.44
2023-07-04 18:00:00,7,18,263.94,14.97,32.34,54.93,121.81
2023-07-04 19:00:00,7,19,288.92,10.18,29.46,57.53,136.76
2023-07-04 20:00:00,7,20,298.47,38.46,33.18,54.73,132.28
2023-07-04 21:00:00,7,21,269.55,31.18,29.42,51.95,116.0
2023-07-04 22:00:00,7,22,268.19,32.86,30.05,69.42,157.75
2023-07-04 23:00:00,7,23,285.0,30.89,29.83,56.58,132.58
2023-07-05 00:00:00,7,0,247.86,26.67,31.58,67.06,142.86
2023-07-05 01:00:00,7,1,279.46,39.61,31.22,58.89,135.1
2023-07-05 02:00:00,7,2,286.04,18.89,31.93,54.35,129.0
2023-07-05 03:00:00,7,3,288.6,26.07,30.12,62.55,144.08
2023-07-05 04:00:00,7,4,236.26,32.47,33.94,58.04,117.15
2023-07-05 05:00:00,7,5,259.77,11.79,33.6,58.96,126.39
2023-07-05 06:00:00,7,6,257.43,55.97,31.58,60.72,138.25
2023-07-05 07:00:00,7,7,277.0,25.29,30.97,55.94,132.73
2023-07-05 08:00:00,7,8,284.61,26.42,30.77,51.89,123.58
2023-07-05 09:00:00,7,9,304.93,37.57,31.31,59.74,158.04
2023-07-05 10:00:00,7,10,265.1,34.15,29.13,64.82,145.31
2023-07-05 11:00:00,7,11,265.05,25.38,30.01,55.49,127.68
2023-07-05 12:00:00,7,12,297.99,26.3,33.65,60.77,146.69
2023-07-05 13:00:00,7,13,280.93,9.96,32.53,67.53,160.49
2023-07-05 14:00:00,7,14,300.35,19.44,35.2,59.55,151.66
2023-07-05 15:00:00,7,15,280.77,30.17,31.33,60.43,133.76
2023-07-05 16:00:00,7,16,251.86,29.44,31.21,60.28,134.12
2023-07-05 17:00:00,7,17,248.34,37.21,31.11,56.59,111.38
2023-07-05 18:00:00,7,18,243.97,23.79,31.29,55.03,105.46
2023-07-05 19:00:00,7,19,288.24,11.13,30.61,55.05,118.08
2023-07-05 20:00:00,7,20,298.77,35.57,32.47,61.84,156.43
2023-07-05 21:00:00,7,21,311.99,39.36,31.99,63.79,157.73
2023-07-05 22:00:00,7,22,291.86,33.98,30.91,64.03,153.23
2023-07-05 23:00:00,7,23,298.26,23.36,34.43,58.11,148.7
2023-07-06 00:00:00,7,0,263.4,35.44,35.72,65.47,144.75
2023-07-06 01:00:00,7,1,251.87,59.29,34.26,61.54,126.12
2023-07-06 02:00:00,7,2,292.0,26.15,33.04,60.35,139.0
2023-07-06 03:00:00,7,3,283.35,11.88,33.45,43.3,101.78
2023-07-06 04:00:00,7,4,277.15,19.14,35.64,55.91,133.49
2023-07-06 05:00:00,7,5,282.75,31.25,33.45,52.39,127.03
2023-07-06 06:00:00,7,6,281.46,8.95,30.76,63.14,157.11
2023-07-06 07:00:00,7,7,300.68,26.69,32.71,60.48,148.36
2023-07-06 08:00:00,7,8,300.9,28.8,33.18,54.64,130.51
2023-07-06 09:00:00,7,9,285.88,40.35,29.94,61.52,148.21
2023-07-06 10:00:00,7,10,291.92,38.1,31.36,52.88,129.78
2023-07-06 11:00:00,7,11,285.28,33.65,34.13,54.78,130.29
2023-07-06 12:00:00,7,12,265.78,3.37,28.28,56.45,121.37
2023-07-06 13:00:00,7,13,290.13,34.21,29.43,62.7,138.42
2023-07-06 14:00:00,7,14,247.11,32.06,31.58,67.0,133.02
2023-07-06 15:00:00,7,15,296.08,27.56,32.64,57.07,143.68
2023-07-06 16:00:00,7,16,251.11,7.7,29.21,66.61,140.9
2023-07-06 17:00:00,7,17,280.72,17.23,31.67,60.24,145.83
2023-07-06 18:00:00,7,18,258.1,13.33,34.24,61.18,133.4
2023-07-06 19:00:00,7,19,286.07,4.85,32.07,59.68,146.04
2023-07-06 20:00:00,7,20,274.32,24.97,33.81,59.01,138.81
2023-07-06 21:00:00,7,21,243.1,17.02,30.74,62.2,126.18
2023-07-06 22:00:00,7,22,283.41,51.25,30.31,63.7,150.68
2023-07-06 23:00:00,7,23,263.44,23.31,33.63,55.58,107.54
2023-07-07 00:00:00,7,0,292.62,37.94,32.67,59.05,140.81
2023-07-07 01:00:00,7,1,275.03,9.31,29.56,68.35,153.67
2023-07-07 02:00:00,7,2,282.91,19.7,30.33,60.89,143.09
2023-07-07 03:00:00,7,3,255.85,25.97,35.06,61.43,126.41
2023-07-07 04:00:00,7,4,263.21,15.92,30.08,65.84,149.19
2023-07-07 05:00:00,7,5,265.83,20.78,33.8,57.49,123.03
2023-07-07 06:00:00,7,6,292.13,22.82,30.97,59.83,151.26
2023-07-07 07:00:00,7,7,308.55,22.66,31.92,64.08,160.07
2023-07-07 08:00:00,7,8,258.9,43.55,32.52,66.19,139.88
2023-07-07 09:00:00,7,9,296.54,28.78,27.73,48.17,115.72
2023-07-07 10:00:00,7,10,231.61,29.8,29.0,56.32,106.28
2023-07-07 11:00:00,7,11,251.12,30.4,32.1,55.01,121.08
2023-07-07 12:00:00,7,12,255.82,31.13,30.48,59.38,125.04
2023-07-07 13:00:00,7,13,247.95,24.17,33.92,55.39,113.01
2023-07-07 14:00:00,7,14,243.33,21.79,28.72,63.32,124.77
2023-07-07 15:00:00,7,15,283.26,26.67,33.06,60.86,142.45
2023-07-07 16:00:00,7,16,270.72,36.57,29.18,64.45,146.56
2023-07-07 17:00:00,7,17,282.59,36.26,31.22,64.77,151.53
2023-07-07 18:00:00,7,18,288.81,22.6,29.8,63.4,151.92
2023-07-07 19:00:00,7,19,280.31,32.68,35.73,58.32,141.4
2023-07-07 20:00:00,7,20,288.16,23.05,29.25,60.52,146.79
2023-07-07 21:00:00,7,21,273.61,25.34,31.68,57.7,125.88
2023-07-07 22:00:00,7,22,251.26,20.26,28.47,53.18,110.99
2023-07-07 23:00:00,7,23,296.16,23.18,35.13,64.77,157.26
2023-07-08 00:00:00,7,0,263.22,38.41,32.73,59.58,133.37
2023-07-08 01:00:00,7,1,256.29,25.92,32.2,52.49,112.68
2023-07-08 02:00:00,7,2,271.44,26.35,34.88,62.68,147.53
2023-07-08 03:00:00,7,3,256.74,10.53,32.22,58.88,122.35
2023-07-08 04:00:00,7,4,266.65,21.91,32.37,49.7,109.55
2023-07-08 05:00:00,7,5,281.88,22.59,32.19,53.13,119.56
2023-07-08 06:00:00,7,6,281.97,16.71,33.06,56.5,132.63
2023-07-08 07:00:00,7,7,257.04,25.22,30.94,61.05,123.17
2023-07-08 08:00:00,7,8,265.25,20.71,31.5,63.94,143.03
2023-07-08 09:00:00,7,9,296.49,25.8,33.55,63.77,157.38
2023-07-08 10:00:00,7,10,284.93,26.22,32.48,63.01,150.49
2023-07-08 11:00:00,7,11,316.5,15.44,31.7,59.83,161.84
2023-07-08 12:00:00,7,12,298.6,21.01,29.13,68.61,171.96
2023-07-08 13:00:00,7,13,297.89,25.77,34.92,63.5,151.34
2023-07-08 14:00:00,7,14,247.24,36.84,30.61,61.11,123.21
2023-07-08 15:00:00,7,15,290.28,27.57,33.9,62.83,151.68
2023-07-08 16:00:00,7,16,273.94,18.38,32.28,58.0,130.86
2023-07-08 17:00:00,7,17,263.98,28.99,29.34,59.71,130.41
2023-07-08 18:00:00,7,18,278.36,42.08,34.43,49.59,123.21
2023-07-08 19:00:00,7,19,293.9,34.17,32.44,58.07,142.81
2023-07-08 20:00:00,7,20,285.02,30.48,34.6,68.8,165.42
2023-07-08 21:00:00,7,21,257.43,32.26,31.56,60.74,120.34
2023-07-08 22:00:00,7,22,289.85,39.4,33.34,60.53,150.03
2023-07-08 23:00:00,7,23,262.25,35.76,28.4,64.99,156.38
2023-07-09 00:00:00,7,0,279.33,30.67,30.93,61.79,150.65
2023-07-09 01:00:00,7,1,268.93,35.69,29.38,56.07,123.53
2023-07-09 02:00:00,7,2,270.62,14.18,31.18,60.12,147.07
2023-07-09 03:00:00,7,3,290.32,9.98,32.87,54.32,131.65
2023-07-09 04:00:00,7,4,254.2,26.57,30.72,60.92,130.66
2023-07-09 05:00:00,7,5,313.9,25.69,33.66,55.81,144.75
2023-07-09 06:00:00,7,6,238.58,19.56,30.21,64.64,127.13
2023-07-09 07:00:00,7,7,263.05,33.26,33.7,57.45,114.77
2023-07-09 08:00:00,7,8,282.4,6.37,34.55,55.88,135.52
2023-07-09 09:00:00,7,9,286.69,19.65,33.96,59.44,140.6
2023-07-09 10:00:00,7,10,272.99,20.15,31.24,61.83,139.8
2023-07-09 11:00:00,7,11,273.85,8.64,27.68,53.96,124.59
2023-07-09 12:00:00,7,12,283.21,39.95,33.09,57.39,133.47
2023-07-09 13:00:00,7,13,270.38,11.41,31.68,60.53,137.78
2023-07-09 14:00:00,7,14,302.86,19.12,29.97,66.69,174.44
2023-07-09 15:00:00,7,15,291.79,34.08,30.82,47.36,117.25
2023-07-09 16:00:00,7,16,292.46,31.46,34.8,63.08,153.05
2023-07-09 17:00:00,7,17,255.68,13.92,29.65,58.08,123.21
2023-07-09 18:00:00,7,18,273.41,31.82,32.86,57.53,132.16
2023-07-09 19:00:00,7,19,268.99,27.9,32.36,56.59,122.78
2023-07-09 20:00:00,7,20,254.89,48.33,31.21,58.18,124.7
2023-07-09 21:00:00,7,21,282.2,29.04,33.22,63.1,151.92
2023-07-09 22:00:00,7,22,264.25,23.59,35.19,57.32,126.73
2023-07-09 23:00:00,7,23,288.11,16.43,31.34,68.29,161.95
2023-07-10 00:00:00,7,0,253.6,17.56,31.44,63.12,132.04
2023-07-10 01:00:00,7,1,309.38,16.74,33.17,60.99,160.6
2023-07-10 02:00:00,7,2,257.07,38.71,33.76,59.17,121.34
2023-07-10 03:00:00,7,3,279.39,25.18,31.67,65.95,149.56
2023-07-10 04:00:00,7,4,290.84,30.65,31.32,66.68,153.67
2023-07-10 05:00:00,7,5,263.59,40.14,27.49,54.19,119.28
2023-07-10 06:00:00,7,6,292.05,1.42,30.37,56.49,141.88
2023-07-10 07:00:00,7,7,250.42,37.79,29.65,63.17,138.57
2023-07-10 08:00:00,7,8,304.04,25.55,33.3,64.68,171.73
2023-07-10 09:00:00,7,9,275.28,29.35,31.44,58.5,130.83
2023-07-10 10:00:00,7,10,263.07,16.72,31.36,56.29,124.72
2023-07-10 11:00:00,7,11,269.02,17.45,31.91,60.39,133.46
2023-07-10 12:00:00,7,12,291.18,29.89,30.19,67.38,171.84
2023-07-10 13:00:00,7,13,263.31,48.85,35.03,60.21,138.7
2023-07-10 14:00:00,7,14,260.01,35.03,34.52,53.68,117.23
2023-07-10 15:00:00,7,15,270.57,37.66,35.16,60.55,133.51
2023-07-10 16:00:00,7,16,251.46,23.08,33.3,63.91,116.77
2023-07-10 17:00:00,7,17,311.41,19.0,31.87,59.49,147.32
2023-07-10 18:00:00,7,18,263.67,17.19,35.16,66.29,136.49
2023-07-10 19:00:00,7,19,291.63,20.12,30.57,64.33,149.2
2023-07-10 20:00:00,7,20,279.19,4.47,30.19,59.69,148.36
2023-07-10 21:00:00,7,21,255.31,17.75,30.73,60.22,121.72
2023-07-10 22:00:00,7,22,274.88,19.4,32.97,50.79,111.11
2023-07-10 23:00:00,7,23,290.68,23.25,30.4,66.05,155.49
2023-07-11 00:00:00,7,0,271.23,26.32,31.62,58.35,144.97
2023-07-11 01:00:00,7,1,298.86,28.62,28.72,58.0,144.23
2023-07-11 02:00:00,7,2,295.43,24.85,32.89,57.25,146.01
2023-07-11 03:00:00,7,3,293.38,19.19,28.89,62.28,153.24
2023-07-11 04:00:00,7,4,265.81,5.37,30.06,54.36,110.56
2023-07-11 05:00:00,7,5,253.4,19.25,34.36,55.08,124.05
2023-07-11 06:00:00,7,6,262.73,15.28,34.29,59.74,132.88
2023-07-11 07:00:00,7,7,278.92,29.66,32.68,56.87,131.65
2023-07-11 08:00:00,7,8,285.92,34.09,32.48,61.68,155.84
2023-07-11 09:00:00,7,9,231.57,34.39,30.87,57.05,108.43
2023-07-11 10:00:00,7,10,274.84,32.57,30.38,67.98,155.06
2023-07-11 11:00:00,7,11,278.16,23.66,31.2,63.47,145.48
2023-07-11 12:00:00,7,12,269.45,19.78,28.9,63.4,147.84
2023-07-11 13:00:00,7,13,300.83,17.53,32.43,56.98,146.99
2023-07-11 14:00:00,7,14,283.44,9.93,32.03,72.03,171.63
2023-07-11 15:00:00,7,15,301.2,34.92,30.06,57.8,139.92
2023-07-11 16:00:00,7,16,270.68,23.25,35.07,56.43,125.52
2023-07-11 17:00:00,7,17,293.75,12.54,33.14,63.53,150.36
2023-07-11 18:00:00,7,18,307.7,16.74,33.31,60.98,162.25
2023-07-11 19:00:00,7,19,301.23,16.33,30.95,55.91,132.56
2023-07-11 20:00:00,7,20,253.16,25.43,31.93,70.98,157.81
2023-07-11 21:00:00,7,21,269.93,35.67,33.18,64.88,152.46
2023-07-11 22:00:00,7,22,268.1,21.52,32.23,60.02,129.58
2023-07-11 23:00:00,7,23,284.79,2.47,35.13,72.01,168.91
2023-07-12 00:00:00,7,0,288.73,23.11,31.52,64.05,150.65
2023-07-12 01:00:00,7,1,258.22,23.44,30.92,59.94,131.21
2023-07-12 02:00:00,7,2,276.36,22.75,33.2,71.41,171.61
2023-07-12 03:00:00,7,3,234.6,18.73,29.4,63.29,129.75
2023-07-12 04:00:00,7,4,303.84,27.17,33.78,63.08,157.64
2023-07-12 05:00:00,7,5,264.75,25.66,29.33,58.07,134.47
2023-07-12 06:00:00,7,6,276.12,24.75,33.21,60.25,144.57
2023-07-12 07:00:00,7,7,268.81,29.13,30.63,57.95,128.94
2023-07-12 08:00:00,7,8,297.92,20.7,32.88,67.2,166.89
2023-07-12 09:00:00,7,9,218.25,20.13,33.74,51.95,102.26
2023-07-12 10:00:00,7,10,274.67,38.8,32.24,66.83,158.35
2023-07-12 11:00:00,7,11,272.88,30.59,29.53,55.61,132.67
2023-07-12 12:00:00,7,12,265.93,33.27,30.13,59.71,145.33
2023-07-12 13:00:00,7,13,309.52,37.26,30.47,58.52,153.78
2023-07-12 14:00:00,7,14,257.25,30.26,28.14,57.4,124.76
2023-07-12 15:00:00,7,15,290.44,34.28,34.18,63.45,160.45
2023-07-12 16:00:00,7,16,282.13,9.21,32.15,59.97,151.03
2023-07-12 17:00:00,7,17,300.23,27.04,29.66,56.66,138.79
2023-07-12 18:00:00,7,18,261.66,23.17,34.84,60.77,131.58
2023-07-12 19:00:00,7,19,260.34,41.78,30.53,56.52,117.6
2023-07-12 20:00:00,7,20,296.92,34.28,32.43,57.31,143.61
2023-07-12 21:00:00,7,21,283.51,18.7,30.28,52.51,128.59
2023-07-12 22:00:00,7,22,244.1,28.73,27.89,57.75,112.8
2023-07-12 23:00:00,7,23,264.21,26.68,29.2,62.47,143.3
2023-07-13 00:00:00,7,0,282.73,29.54,31.03,60.19,139.62
2023-07-13 01:00:00,7,1,291.76,14.81,33.72,69.08,165.37
2023-07-13 02:00:00,7,2,261.42,28.6,32.62,73.06,164.92
2023-07-13 03:00:00,7,3,216.71,22.72,32.21,57.68,101.1
2023-07-13 04:00:00,7,4,285.46,27.82,27.91,55.83,125.89
2023-07-13 05:00:00,7,5,250.59,17.76,34.47,65.65,140.9
2023-07-13 06:00:00,7,6,234.65,19.15,32.38,61.68,120.02
2023-07-13 07:00:00,7,7,218.35,36.74,31.69,65.68,125.58
2023-07-13 08:00:00,7,8,291.28,14.48,34.19,61.99,154.74
2023-07-13 09:00:00,7,9,277.57,15.22,34.42,59.03,127.88
2023-07-13 10:00:00,7,10,270.49,24.48,34.24,59.06,139.78
2023-07-13 11:00:00,7,11,302.78,17.28,31.43,62.16,166.45
2023-07-13 12:00:00,7,12,287.75,16.15,29.92,58.94,146.6
2023-07-13 13:00:00,7,13,307.33,26.05,33.91,66.1,174.75
2023-07-13 14:00:00,7,14,247.15,9.95,29.2,53.49,108.99
2023-07-13 15:00:00,7,15,274.31,14.92,35.82,66.07,148.74
2023-07-13 16:00:00,7,16,242.67,45.54,31.98,50.63,103.52
2023-07-13 17:00:00,7,17,270.41,29.59,29.81,60.73,141.53
2023-07-13 18:00:00,7,18,270.03,17.53,29.46,58.34,135.84
2023-07-13 19:00:00,7,19,287.53,29.18,29.37,52.42,123.49
2023-07-13 20:00:00,7,20,275.91,30.67,32.21,49.7,111.65
2023-07-13 21:00:00,7,21,287.47,34.94,31.92,54.51,123.22
2023-07-13 22:00:00,7,22,289.07,23.73,29.46,60.23,148.41
2023-07-13 23:00:00,7,23,318.1,34.76,31.22,56.99,149.21
2023-07-14 00:00:00,7,0,268.69,4.62,29.19,54.8,121.26
2023-07-14 01:00:00,7,1,256.18,14.44,33.11,66.76,151.25
2023-07-14 02:00:00,7,2,279.92,26.64,31.82,53.84,128.66
2023-07-14 03:00:00,7,3,258.95,28.3,31.17,63.4,138.5
2023-07-14 04:00:00,7,4,304.64,15.88,29.35,55.56,145.27
2023-07-14 05:00:00,7,5,269.34,27.59,31.33,54.39,129.25
2023-07-14 06:00:00,7,6,263.69,18.76,31.1,56.98,117.2
2023-07-14 07:00:00,7,7,265.57,22.23,32.56,63.1,136.91
2023-07-14 08:00:00,7,8,289.37,35.25,32.26,53.14,127.07
2023-07-14 09:00:00,7,9,271.85,34.09,33.51,61.44,134.37
2023-07-14 10:00:00,7,10,262.17,15.03,30.96,55.2,119.34
2023-07-14 11:00:00,7,11,308.31,14.43,28.21,56.1,136.46
2023-07-14 12:00:00,7,12,257.88,20.89,33.91,62.0,137.94
2023-07-14 13:00:00,7,13,275.71,24.73,30.06,70.87,160.34
2023-07-14 14:00:00,7,14,288.05,18.42,29.71,55.44,134.18
2023-07-14 15:00:00,7,15,242.37,35.41,31.84,63.6,128.79
2023-07-14 16:00:00,7,16,284.61,28.47,32.53,58.44,141.47
2023-07-14 17:00:00,7,17,253.9,29.06,30.87,57.63,109.7
2023-07-14 18:00:00,7,18,291.46,12.33,30.85,65.36,161.09
2023-07-14 19:00:00,7,19,255.75,36.67,31.15,55.78,117.58
2023-07-14 20:00:00,7,20,288.86,3.2,34.76,54.23,132.65
2023-07-14 21:00:00,7,21,297.12,33.34,31.92,62.3,148.45
2023-07-14 22:00:00,7,22,292.23,34.34,29.99,67.97,167.7
2023-07-14 23:00:00,7,23,280.03,20.68,30.01,63.75,155.35
2023-07-15 00:00:00,7,0,270.37,37.73,31.43,52.96,120.36
2023-07-15 01:00:00,7,1,263.47,24.37,32.4,56.92,121.47
2023-07-15 02:00:00,7,2,304.42,25.62,32.9,64.9,161.37
2023-07-15 03:00:00,7,3,261.01,28.4,32.18,67.91,150.67
2023-07-15 04:00:00,7,4,254.26,56.87,30.24,61.14,132.48
2023-07-15 05:00:00,7,5,288.31,38.44,31.08,57.1,139.06
2023-07-15 06:00:00,7,6,259.08,32.01,33.4,68.23,147.21
2023-07-15 07:00:00,7,7,256.0,15.87,29.64,59.63,128.3
2023-07-15 08:00:00,7,8,246.13,26.44,31.0,56.97,116.6
2023-07-15 09:00:00,7,9,265.34,16.87,33.12,56.13,122.28
2023-07-15 10:00:00,7,10,273.35,33.22,33.68,54.02,126.93
2023-07-15 11:00:00,7,11,279.86,26.4,31.54,74.17,174.63
2023-07-15 12:00:00,7,12,294.03,13.75,31.11,67.1,170.98
2023-07-15 13:00:00,7,13,285.54,25.81,29.28,56.72,140.63
2023-07-15 14:00:00,7,14,271.18,16.51,32.98,68.66,156.64
2023-07-15 15:00:00,7,15,271.04,26.51,34.57,62.67,144.61
2023-07-15 16:00:00,7,16,285.2,16.41,37.06,62.37,143.54
2023-07-15 17:00:00,7,17,300.45,25.27,32.7,56.41,140.94
2023-07-15 18:00:00,7,18,277.53,32.5,31.83,57.43,134.61
2023-07-15 19:00:00,7,19,265.62,24.47,30.09,59.79,124.51
2023-07-15 20:00:00,7,20,255.14,21.09,28.17,50.17,108.89
2023-07-15 21:00:00,7,21,246.1,27.03,32.28,57.57,113.33
2023-07-15 22:00:00,7,22,288.33,31.97,36.63,60.02,140.06
2023-07-15 23:00:00,7,23,286.56,13.93,34.47,66.55,156.37
2023-07-16 00:00:00,7,0,286.55,27.61,34.16,56.92,135.84
2023-07-16 01:00:00,7,1,272.43,38.18,32.42,64.06,138.88
2023-07-16 02:00:00,7,2,303.14,30.74,32.65,49.7,129.9
2023-07-16 03:00:00,7,3,265.32,25.58,27.08,65.84,146.54
2023-07-16 04:00:00,7,4,294.11,31.4,33.45,55.5,145.73
2023-07-16 05:00:00,7,5,274.23,29.52,30.77,60.65,140.19
2023-07-16 06:00:00,7,6,262.83,32.54,30.52,62.03,138.8
2023-07-16 07:00:00,7,7,286.85,4.76,31.28,61.05,141.76
2023-07-16 08:00:00,7,8,283.19,9.47,31.21,59.47,134.51
2023-07-16 09:00:00,7,9,282.14,35.05,30.49,53.79,129.65
2023-07-16 10:00:00,7,10,276.63,9.95,31.96,55.55,122.67
2023-07-16 11:00:00,7,11,274.24,29.02,30.81,64.98,151.81
2023-07-16 12:00:00,7,12,322.77,21.48,32.13,57.01,161.98
2023-07-16 13:00:00,7,13,298.69,15.04,28.95,59.48,152.88
2023-07-16 14:00:00,7,14,289.46,28.5,31.5,52.54,129.66
2023-07-16 15:00:00,7,15,277.24,27.01,29.74,64.29,149.98
2023-07-16 16:00:00,7,16,295.14,46.1,30.65,53.4,129.51
2023-07-16 17:00:00,7,17,285.36,18.75,32.22,64.58,153.09
2023-07-16 18:00:00,7,18,275.52,39.4,28.72,54.69,122.81
2023-07-16 19:00:00,7,19,268.93,28.52,30.28,65.07,139.35
2023-07-16 20:00:00,7,20,273.38,18.39,33.07,60.05,137.07
2023-07-16 21:00:00,7,21,211.59,32.99,29.1,57.21,106.47
2023-07-16 22:00:00,7,22,279.21,30.66,35.48,68.0,151.88
2023-07-16 23:00:00,7,23,265.23,25.36,34.34,59.66,138.93
2023-07-17 00:00:00,7,0,306.85,27.66,30.94,58.19,154.98
2023-07-17 01:00:00,7,1,275.39,19.03,30.35,64.55,150.2
2023-07-17 02:00:00,7,2,251.22,16.74,32.33,52.6,112.21
2023-07-17 03:00:00,7,3,274.0,32.59,29.03,47.36,107.28
2023-07-17 04:00:00,7,4,254.08,22.76,27.92,65.79,139.59
2023-07-17 05:00:00,7,5,284.47,24.2,31.01,55.82,130.09
2023-07-17 06:00:00,7,6,280.82,27.8,31.66,64.32,150.78
2023-07-17 07:00:00,7,7,294.16,27.65,32.12,60.23,148.43
2023-07-17 08:00:00,7,8,259.18,10.71,30.7,54.18,126.5
2023-07-17 09:00:00,7,9,275.68,37.86,34.48,63.04,147.73
2023-07-17 10:00:00,7,10,247.7,26.21,28.94,57.95,118.64
2023-07-17 11:00:00,7,11,289.03,22.97,29.65,54.61,131.13
2023-07-17 12:00:00,7,12,285.38,29.31,32.9,54.74,126.7
2023-07-17 13:00:00,7,13,284.92,27.37,29.6,51.34,119.22
2023-07-17 14:00:00,7,14,275.03,32.67,29.53,62.02,146.78
2023-07-17 15:00:00,7,15,283.3,30.38,32.17,55.32,128.22
2023-07-17 16:00:00,7,16,307.09,32.18,29.82,59.83,150.11
2023-07-17 17:00:00,7,17,269.3,38.51,31.66,59.09,129.73
2023-07-17 18:00:00,7,18,277.77,33.84,30.53,55.29,124.42
2023-07-17 19:00:00,7,19,253.28,23.4,30.2,52.39,116.27
2023-07-17 20:00:00,7,20,257.63,13.77,27.72,72.67,156.83
2023-07-17 21:00:00,7,21,276.96,41.68,32.21,59.76,136.59
2023-07-17 22:00:00,7,22,297.08,22.62,29.43,69.12,171.36
2023-07-17 23:00:00,7,23,269.87,20.27,31.59,65.82,149.21
2023-07-18 00:00:00,7,0,270.28,7.63,30.9,58.39,127.87
2023-07-18 01:00:00,7,1,266.86,28.38,31.52,60.9,128.58
2023-07-18 02:00:00,7,2,264.3,26.49,31.63,60.76,140.6
2023-07-18 03:00:00,7,3,280.9,9.85,32.32,69.22,167.08
2023-07-18 04:00:00,7,4,245.05,29.53,30.47,64.15,132.97
2023-07-18 05:00:00,7,5,300.62,20.02,34.41,55.96,144.88
2023-07-18 06:00:00,7,6,261.69,51.9,28.23,61.76,144.34
2023-07-18 07:00:00,7,7,289.44,19.31,31.48,64.02,151.84
2023-07-18 08:00:00,7,8,249.6,20.65,33.6,54.12,107.05
2023-07-18 09:00:00,7,9,288.38,16.25,32.88,62.47,153.53
2023-07-18 10:00:00,7,10,288.44,37.78,29.98,66.73,153.16
2023-07-18 11:00:00,7,11,282.68,21.27,30.31,55.71,131.51
2023-07-18 12:00:00,7,12,255.11,17.75,29.91,56.4,118.49
2023-07-18 13:00:00,7,13,279.99,32.07,33.13,65.8,157.0
2023-07-18 14:00:00,7,14,251.34,11.2,30.45,58.23,119.62
2023-07-18 15:00:00,7,15,269.94,31.25,32.44,55.09,130.0
2023-07-18 16:00:00,7,16,295.59,42.81,32.46,64.41,155.02
2023-07-18 17:00:00,7,17,290.93,30.67,36.66,62.88,156.08
2023-07-18 18:00:00,7,18,275.3,31.38,32.55,60.47,135.49
2023-07-18 19:00:00,7,19,255.5,33.7,30.31,65.62,142.55
2023-07-18 20:00:00,7,20,287.91,42.1,29.01,65.98,153.32
2023-07-18 21:00:00,7,21,275.39,37.1,31.38,59.59,136.71
2023-07-18 22:00:00,7,22,228.59,29.4,31.69,69.87,139.79
2023-07-18 23:00:00,7,23,290.65,34.04,27.51,67.92,165.18
2023-07-19 00:00:00,7,0,274.52,16.14,30.5,50.08,120.55
2023-07-19 01:00:00,7,1,299.05,32.76,32.52,54.85,136.64
2023-07-19 02:00:00,7,2,253.09,14.94,30.86,48.72,100.3
2023-07-19 03:00:00,7,3,211.47,21.33,33.87,58.38,103.8
2023-07-19 04:00:00,7,4,280.58,5.83,28.81,53.94,129.3
2023-07-19 05:00:00,7,5,280.83,29.01,33.28,55.93,121.44
2023-07-19 06:00:00,7,6,241.19,18.56,33.76,65.45,134.25
2023-07-19 07:00:00,7,7,255.43,36.11,33.84,51.23,104.41
2023-07-19 08:00:00,7,8,330.1,28.9,28.8,60.65,161.0
2023-07-19 09:00:00,7,9,268.89,36.24,32.56,60.62,138.61
2023-07-19 10:00:00,7,10,289.62,14.16,30.59,59.59,150.6
2023-07-19 11:00:00,7,11,261.99,35.38,29.12,60.65,133.59
2023-07-19 12:00:00,7,12,233.19,46.06,31.1,48.84,88.19
2023-07-19 13:00:00,7,13,271.59,32.64,30.12,55.95,123.36
2023-07-19 14:00:00,7,14,269.69,32.9,33.77,67.72,150.19
2023-07-19 15:00:00,7,15,267.0,26.7,32.95,54.02,121.24
2023-07-19 16:00:00,7,16,272.71,19.75,29.62,68.33,155.03
2023-07-19 17:00:00,7,17,280.29,32.61,30.48,52.97,126.27
2023-07-19 18:00:00,7,18,272.0,9.94,31.17,52.36,123.77
2023-07-19 19:00:00,7,19,249.72,20.82,31.78,55.24,116.75
2023-07-19 20:00:00,7,20,284.72,7.29,33.94,65.65,160.34
2023-07-19 21:00:00,7,21,236.01,17.96,33.31,57.27,111.36
2023-07-19 22:00:00,7,22,233.99,31.42,32.03,61.73,136.92
2023-07-19 23:00:00,7,23,289.78,30.05,31.41,60.37,148.64
2023-07-20 00:00:00,7,0,285.14,25.51,28.38,59.73,145.43
2023-07-20 01:00:00,7,1,273.85,26.7,34.51,66.37,160.35
2023-07-20 02:00:00,7,2,247.09,6.14,31.03,63.86,132.01
2023-07-20 03:00:00,7,3,260.84,21.27,35.04,54.29,114.84
2023-07-20 04:00:00,7,4,269.75,18.19,32.32,58.62,138.39
2023-07-20 05:00:00,7,5,243.08,18.41,35.98,68.72,146.11
2023-07-20 06:00:00,7,6,260.22,31.0,33.14,61.6,134.42
2023-07-20 07:00:00,7,7,288.05,16.39,29.06,52.46,134.8
2023-07-20 08:00:00,7,8,303.55,18.95,30.7,52.81,133.26
2023-07-20 09:00:00,7,9,266.61,4.13,31.59,64.45,147.94
2023-07-20 10:00:00,7,10,290.13,22.06,30.18,63.51,161.23
2023-07-20 11:00:00,7,11,236.72,14.12,31.17,55.39,109.83
2023-07-20 12:00:00,7,12,288.19,25.79,29.19,63.74,155.45
2023-07-20 13:00:00,7,13,258.92,15.49,31.94,68.0,151.94
2023-07-20 14:00:00,7,14,281.15,26.05,32.4,67.29,155.92
2023-07-20 15:00:00,7,15,270.04,23.55,29.92,68.02,149.1
2023-07-20 16:00:00,7,16,301.41,41.72,35.81,62.78,164.44
2023-07-20 17:00:00,7,17,257.51,29.97,32.06,59.11,128.46
2023-07-20 18:00:00,7,18,287.55,6.6,30.29,57.99,136.51
2023-07-20 19:00:00,7,19,269.41,12.35,28.67,59.91,135.06
2023-07-20 20:00:00,7,20,271.83,25.55,32.05,55.62,128.62
2023-07-20 21:00:00,7,21,271.32,15.7,31.41,58.2,123.83
2023-07-20 22:00:00,7,22,258.09,4.68,33.49,66.38,146.42
2023-07-20 23:00:00,7,23,274.72,38.5,31.64,51.95,121.06
2023-07-21 00:00:00,7,0,273.75,32.2,29.54,52.3,127.65
2023-07-21 01:00:00,7,1,279.82,30.21,35.27,64.15,148.59
2023-07-21 02:00:00,7,2,276.69,18.93,32.8,58.25,141.28
2023-07-21 03:00:00,7,3,290.96,29.28,31.42,50.37,121.99
2023-07-21 04:00:00,7,4,293.47,17.96,32.26,59.69,146.77
2023-07-21 05:00:00,7,5,253.99,27.05,32.88,58.98,126.32
2023-07-21 06:00:00,7,6,292.38,15.79,29.07,57.84,151.49
2023-07-21 07:00:00,7,7,251.27,40.16,32.24,63.43,126.7
2023-07-21 08:00:00,7,8,286.76,9.3,31.03,53.33,130.0
2023-07-21 09:00:00,7,9,287.39,37.32,32.94,60.06,144.15
2023-07-21 10:00:00,7,10,236.77,25.39,30.45,58.95,116.23
2023-07-21 11:00:00,7,11,276.86,20.11,30.72,60.19,141.87
2023-07-21 12:00:00,7,12,265.63,26.67,35.25,51.34,119.24
2023-07-21 13:00:00,7,13,259.82,32.33,34.39,57.39,126.99
2023-07-21 14:00:00,7,14,302.02,38.67,25.34,60.1,157.53
2023-07-21 15:00:00,7,15,261.93,28.13,34.24,62.71,135.7
2023-07-21 16:00:00,7,16,258.87,16.09,31.78,69.23,149.2
2023-07-21 17:00:00,7,17,276.51,25.56,30.51,64.03,142.63
2023-07-21 18:00:00,7,18,288.71,43.17,29.91,62.31,159.91
2023-07-21 19:00:00,7,19,272.17,38.48,30.03,66.36,149.66
2023-07-21 20:00:00,7,20,298.33,34.09,30.57,58.48,143.99
2023-07-21 21:00:00,7,21,285.62,32.96,29.67,67.77,164.44
2023-07-21 22:00:00,7,22,231.44,31.99,29.22,65.6,132.13
2023-07-21 23:00:00,7,23,264.41,36.59,29.85,57.77,123.91
2023-07-22 00:00:00,7,0,263.76,20.43,32.57,69.62,159.05
2023-07-22 01:00:00,7,1,284.59,11.45,32.03,62.23,146.17
2023-07-22 02:00:00,7,2,222.5,25.69,33.04,70.96,138.82
2023-07-22 03:00:00,7,3,325.98,16.82,31.8,61.52,164.51
2023-07-22 04:00:00,7,4,285.62,14.45,29.31,57.19,139.88
2023-07-22 05:00:00,7,5,277.98,17.8,32.92,56.16,130.39
2023-07-22 06:00:00,7,6,298.63,49.85,29.92,58.22,139.35
2023-07-22 07:00:00,7,7,321.87,26.36,33.22,57.14,146.29
2023-07-22 08:00:00,7,8,292.41,28.62,29.6,66.36,158.08
2023-07-22 09:00:00,7,9,293.98,12.78,30.55,59.86,151.69
2023-07-22 10:00:00,7,10,277.61,6.56,31.21,51.93,110.5
2023-07-22 11:00:00,7,11,272.17,16.81,33.28,61.07,140.26
2023-07-22 12:00:00,7,12,265.48,39.38,32.28,60.63,135.45
2023-07-22 13:00:00,7,13,258.48,28.34,31.97,57.66,115.86
2023-07-22 14:00:00,7,14,261.26,30.99,35.7,61.34,129.64
2023-07-22 15:00:00,7,15,247.99,32.39,28.25,59.78,119.62
2023-07-22 16:00:00,7,16,273.48,19.09,29.85,63.17,144.32
2023-07-22 17:00:00,7,17,241.31,38.88,29.77,62.87,133.84
2023-07-22 18:00:00,7,18,278.82,18.67,28.39,61.82,149.11
2023-07-22 19:00:00,7,19,274.27,39.06,30.49,53.51,120.57
2023-07-22 20:00:00,7,20,277.94,29.42,33.3,70.6,159.46
2023-07-22 21:00:00,7,21,264.56,7.11,30.74,52.22,107.41
2023-07-22 22:00:00,7,22,336.54,17.52,31.26,59.36,164.67
2023-07-22 23:00:00,7,23,302.2,7.15,28.48,54.53,132.91
2023-07-23 00:00:00,7,0,250.11,36.63,30.34,61.98,129.08
2023-07-23 01:00:00,7,1,279.66,24.75,31.0,60.69,141.54
2023-07-23 02:00:00,7,2,262.84,2.72,33.21,59.16,127.27
2023-07-23 03:00:00,7,3,254.71,28.76,28.58,67.59,141.28
2023-07-23 04:00:00,7,4,248.2,19.63,31.02,65.54,132.18
2023-07-23 05:00:00,7,5,283.64,10.16,34.1,58.36,135.48
2023-07-23 06:00:00,7,6,261.37,41.78,31.04,64.02,146.71
2023-07-23 07:00:00,7,7,294.36,26.07,27.7,67.82,169.06
2023-07-23 08:00:00,7,8,294.88,22.07,34.49,65.51,163.73
2023-07-23 09:00:00,7,9,302.48,21.01,33.4,59.32,154.67
2023-07-23 10:00:00,7,10,257.95,9.87,33.67,52.05,116.57
2023-07-23 11:00:00,7,11,284.51,11.95,28.44,61.62,153.32
2023-07-23 12:00:00,7,12,287.65,37.85,34.95,63.34,154.87
2023-07-23 13:00:00,7,13,265.52,20.26,30.38,56.15,125.35
2023-07-23 14:00:00,7,14,259.56,25.22,30.91,60.11,127.15
2023-07-23 15:00:00,7,15,307.19,4.56,30.52,59.59,148.51
2023-07-23 16:00:00,7,16,279.55,11.82,33.82,66.94,160.45
2023-07-23 17:00:00,7,17,287.72,31.1,31.57,69.27,165.63
2023-07-23 18:00:00,7,18,258.56,28.78,32.89,65.88,135.23
2023-07-23 19:00:00,7,19,250.61,42.53,32.08,59.57,114.03
2023-07-23 20:00:00,7,20,263.61,38.43,31.74,65.74,155.24
2023-07-23 21:00:00,7,21,272.52,22.69,30.03,63.24,138.79
2023-07-23 22:00:00,7,22,253.72,29.73,35.55,59.63,122.71
2023-07-23 23:00:00,7,23,274.8,21.83,29.0,70.46,167.6
2023-07-24 00:00:00,7,0,241.23,45.55,32.75,56.31,107.22
2023-07-24 01:00:00,7,1,252.6,36.49,32.68,63.02,135.39
2023-07-24 02:00:00,7,2,288.42,26.7,34.24,64.2,163.5
2023-07-24 03:00:00,7,3,287.08,27.0,34.7,58.56,150.76
2023-07-24 04:00:00,7,4,267.16,39.45,31.65,62.8,137.65
2023-07-24 05:00:00,7,5,254.64,30.8,32.99,64.73,137.38
2023-07-24 06:00:00,7,6,254.45,40.59,35.46,61.22,127.92
2023-07-24 07:00:00,7,7,267.53,3.06,31.8,62.36,139.03
2023-07-24 08:00:00,7,8,287.89,29.61,29.8,60.53,151.79
2023-07-24 09:00:00,7,9,293.56,19.85,31.16,63.99,149.64
2023-07-24 10:00:00,7,10,265.07,42.56,29.32,58.86,133.33
2023-07-24 11:00:00,7,11,251.93,40.46,32.67,58.44,121.79
2023-07-24 12:00:00,7,12,280.36,25.33,34.06,60.1,147.35
2023-07-24 13:00:00,7,13,258.53,40.36,31.69,65.92,148.68
2023-07-24 14:00:00,7,14,264.63,42.83,28.69,51.26,111.08
2023-07-24 15:00:00,7,15,301.51,25.74,33.97,55.45,138.86
2023-07-24 16:00:00,7,16,291.54,49.72,28.38,71.38,177.99
2023-07-24 17:00:00,7,17,278.16,24.69,28.84,61.38,147.27
2023-07-24 18:00:00,7,18,249.56,22.85,31.57,57.96,108.26
2023-07-24 19:00:00,7,19,279.23,33.66,32.43,63.97,153.4
2023-07-24 20:00:00,7,20,296.25,21.46,32.77,56.07,146.75
2023-07-24 21:00:00,7,21,267.49,25.85,31.8,49.49,111.65
2023-07-24 22:00:00,7,22,302.02,39.09,35.45,61.77,160.32
2023-07-24 23:00:00,7,23,300.85,25.19,32.06,56.35,147.75
2023-07-25 00:00:00,7,0,308.27,8.05,34.0,60.51,156.64
2023-07-25 01:00:00,7,1,281.1,28.67,33.5,61.65,148.57
2023-07-25 02:00:00,7,2,286.75,18.04,29.34,60.71,145.23
2023-07-25 03:00:00,7,3,303.28,33.65,31.59,51.46,129.87
2023-07-25 04:00:00,7,4,283.95,31.96,36.17,60.13,139.07
2023-07-25 05:00:00,7,5,264.98,39.71,30.92,62.22,138.35
2023-07-25 06:00:00,7,6,266.03,34.08,30.58,53.0,127.0
2023-07-25 07:00:00,7,7,279.77,35.9,32.27,52.4,117.74
2023-07-25 08:00:00,7,8,249.19,18.31,30.99,54.65,116.65
2023-07-25 09:00:00,7,9,272.13,33.04,30.34,63.73,146.23
2023-07-25 10:00:00,7,10,296.93,44.68,30.96,50.01,131.19
2023-07-25 11:00:00,7,11,231.17,18.11,34.79,64.15,131.97
2023-07-25 12:00:00,7,12,305.69,43.0,31.65,61.96,153.31
2023-07-25 13:00:00,7,13,297.45,19.51,29.27,58.71,142.75
2023-07-25 14:00:00,7,14,265.8,16.48,28.9,52.6,113.98
2023-07-25 15:00:00,7,15,285.87,27.96,36.34,56.02,131.11
2023-07-25 16:00:00,7,16,275.06,32.16,31.48,63.91,144.59
2023-07-25 17:00:00,7,17,299.6,34.12,32.8,66.28,167.33
2023-07-25 18:00:00,7,18,294.65,15.38,30.39,54.84,130.49
2023-07-25 19:00:00,7,19,247.0,29.35,32.57,65.71,131.78
2023-07-25 20:00:00,7,20,286.75,18.14,34.85,63.43,147.71
2023-07-25 21:00:00,7,21,270.89,10.11,30.62,59.97,137.91
2023-07-25 22:00:00,7,22,276.66,15.71,32.85,56.31,129.58
2023-07-25 23:00:00,7,23,260.44,17.49,29.12,57.09,122.78
2023-07-26 00:00:00,7,0,309.96,30.22,35.97,69.11,174.43
2023-07-26 01:00:00,7,1,295.8,36.52,32.47,60.89,142.17
2023-07-26 02:00:00,7,2,260.2,10.27,31.1,66.65,152.77
2023-07-26 03:00:00,7,3,248.31,28.52,31.33,61.21,125.29
2023-07-26 04:00:00,7,4,267.29,13.23,30.91,57.74,142.23
2023-07-26 05:00:00,7,5,283.69,31.29,31.01,62.92,152.71
2023-07-26 06:00:00,7,6,279.8,18.77,27.03,70.79,174.31
2023-07-26 07:00:00,7,7,300.06,14.49,31.73,56.78,147.03
2023-07-26 08:00:00,7,8,290.8,33.0,31.65,64.57,157.36
2023-07-26 09:00:00,7,9,294.39,19.13,32.91,60.95,146.64
2023-07-26 10:00:00,7,10,281.54,21.84,30.88,52.75,118.96
2023-07-26 11:00:00,7,11,247.21,2.8,30.39,52.64,114.11
2023-07-26 12:00:00,7,12,271.09,34.47,31.91,57.74,131.84
2023-07-26 13:00:00,7,13,296.2,33.21,28.7,61.74,155.57
2023-07-26 14:00:00,7,14,273.97,25.05,32.22,64.39,151.18
2023-07-26 15:00:00,7,15,285.06,9.72,28.2,52.15,125.73
2023-07-26 16:00:00,7,16,268.63,37.09,34.17,63.26,139.35
2023-07-26 17:00:00,7,17,254.4,18.34,33.3,59.41,131.09
2023-07-26 18:00:00,7,18,272.53,20.47,30.08,60.02,135.4
2023-07-26 19:00:00,7,19,281.18,48.12,33.25,62.94,148.03
2023-07-26 20:00:00,7,20,261.89,17.96,32.15,68.73,153.68
2023-07-26 21:00:00,7,21,270.29,32.42,29.91,61.52,138.35
2023-07-26 22:00:00,7,22,256.21,30.62,27.88,53.22,104.6
2023-07-26 23:00:00,7,23,297.38,28.9,32.56,59.06,151.67
2023-07-27 00:00:00,7,0,269.11,27.82,30.34,64.26,150.47
2023-07-27 01:00:00,7,1,304.06,28.76,34.12,64.43,154.19
2023-07-27 02:00:00,7,2,305.57,27.72,31.96,63.33,156.15
2023-07-27 03:00:00,7,3,273.38,24.48,30.53,57.45,141.08
2023-07-27 04:00:00,7,4,254.83,40.11,35.52,53.16,114.12
2023-07-27 05:00:00,7,5,233.28,11.87,33.08,62.95,122.46
2023-07-27 06:00:00,7,6,245.56,35.21,24.62,53.93,108.29
2023-07-27 07:00:00,7,7,247.52,33.22,30.96,63.47,125.84
2023-07-27 08:00:00,7,8,302.57,31.98,29.16,63.47,159.15
2023-07-27 09:00:00,7,9,277.32,36.17,30.33,57.66,138.21
2023-07-27 10:00:00,7,10,282.79,24.07,31.64,59.44,140.08
2023-07-27 11:00:00,7,11,230.59,6.31,32.64,60.99,120.33
2023-07-27 12:00:00,7,12,251.04,24.28,32.45,56.93,127.99
2023-07-27 13:00:00,7,13,292.74,15.09,34.08,53.09,126.7
2023-07-27 14:00:00,7,14,280.74,17.68,33.2,59.8,141.51
2023-07-27 15:00:00,7,15,272.06,12.58,33.08,60.33,141.87
2023-07-27 16:00:00,7,16,286.3,20.23,32.33,66.81,154.82
2023-07-27 17:00:00,7,17,307.72,19.03,34.5,56.09,144.81
2023-07-27 18:00:00,7,18,270.58,1.22,31.3,65.34,156.79
2023-07-27 19:00:00,7,19,276.39,32.0,31.35,54.26,123.36
2023-07-27 20:00:00,7,20,278.85,47.2,28.12,53.28,129.22
2023-07-27 21:00:00,7,21,322.84,31.06,34.04,58.5,156.77
2023-07-27 22:00:00,7,22,233.01,22.97,31.77,55.3,116.44
2023-07-27 23:00:00,7,23,288.66,24.45,37.8,53.21,119.84
2023-07-28 00:00:00,7,0,272.7,20.79,31.12,69.72,158.87
2023-07-28 01:00:00,7,1,286.34,25.9,32.11,57.74,130.47
2023-07-28 02:00:00,7,2,261.85,24.63,33.02,71.56,152.74
2023-07-28 03:00:00,7,3,274.02,16.59,29.72,55.03,122.2
2023-07-28 04:00:00,7,4,289.23,41.83,32.65,51.46,122.77
2023-07-28 05:00:00,7,5,337.26,10.13,32.0,66.46,180.95
2023-07-28 06:00:00,7,6,291.16,32.18,31.32,56.37,136.49
2023-07-28 07:00:00,7,7,258.04,23.99,34.27,60.69,132.9
2023-07-28 08:00:00,7,8,266.52,44.01,30.12,53.22,110.62
2023-07-28 09:00:00,7,9,265.93,28.41,32.48,59.81,129.45
2023-07-28 10:00:00,7,10,239.09,21.4,34.84,53.14,118.65
2023-07-28 11:00:00,7,11,268.4,22.52,30.51,59.63,135.1
2023-07-28 12:00:00,7,12,289.66,25.4,31.33,57.63,130.11
2023-07-28 13:00:00,7,13,249.52,13.57,36.62,61.15,120.23
2023-07-28 14:00:00,7,14,295.97,17.33,32.88,63.13,156.93
2023-07-28 15:00:00,7,15,284.76,7.15,30.92,61.21,145.83
2023-07-28 16:00:00,7,16,260.32,15.77,33.53,62.26,132.2
2023-07-28 17:00:00,7,17,272.17,25.94,30.79,59.45,145.9
2023-07-28 18:00:00,7,18,306.97,28.0,28.8,57.82,161.1
2023-07-28 19:00:00,7,19,289.67,5.21,34.67,62.35,149.28
2023-07-28 20:00:00,7,20,275.18,23.63,29.72,59.44,140.76
2023-07-28 21:00:00,7,21,270.25,30.63,36.83,59.63,139.0
2023-07-28 22:00:00,7,22,276.53,23.37,30.95,61.99,148.22
2023-07-28 23:00:00,7,23,264.76,18.66,36.19,54.83,117.86
2023-07-29 00:00:00,7,0,232.91,20.88,29.19,67.15,140.1
2023-07-29 01:00:00,7,1,315.84,19.59,33.98,58.75,154.39
2023-07-29 02:00:00,7,2,278.11,18.63,32.93,60.62,142.69
2023-07-29 03:00:00,7,3,282.96,26.74,33.6,59.78,141.05
2023-07-29 04:00:00,7,4,273.84,48.08,33.86,63.26,143.76
2023-07-29 05:00:00,7,5,260.3,17.56,30.93,61.7,135.3
2023-07-29 06:00:00,7,6,271.28,21.82,29.31,59.75,129.23
2023-07-29 07:00:00,7,7,243.01,24.48,31.83,67.24,126.4
2023-07-29 08:00:00,7,8,320.54,18.13,32.37,43.98,116.49
2023-07-29 09:00:00,7,9,250.31,35.98,30.98,66.21,133.8
2023-07-29 10:00:00,7,10,254.36,1.29,32.48,64.6,139.76
2023-07-29 11:00:00,7,11,266.19,19.69,32.59,50.82,114.97
2023-07-29 12:00:00,7,12,300.76,33.18,30.11,64.65,162.19
2023-07-29 13:00:00,7,13,275.29,22.06,32.72,65.29,157.29
2023-07-29 14:00:00,7,14,250.28,16.79,31.39,62.81,131.05
2023-07-29 15:00:00,7,15,300.09,29.41,30.53,52.2,123.34
2023-07-29 16:00:00,7,16,289.62,34.06,33.5,63.41,152.02
2023-07-29 17:00:00,7,17,285.77,27.11,30.37,65.04,160.83
2023-07-29 18:00:00,7,18,289.31,16.99,31.01,57.14,128.42
2023-07-29 19:00:00,7,19,322.89,29.56,32.07,62.21,167.01
2023-07-29 20:00:00,7,20,318.7,20.98,34.68,58.23,157.63
2023-07-29 21:00:00,7,21,261.27,32.45,32.31,64.43,153.62
2023-07-29 22:00:00,7,22,307.48,39.83,32.98,58.43,155.86
2023-07-29 23:00:00,7,23,282.66,1.06,31.33,57.1,135.25
2023-07-30 00:00:00,7,0,284.98,26.11,31.77,59.8,144.72
2023-07-30 01:00:00,7,1,241.15,7.64,31.83,53.29,97.67
2023-07-30 02:00:00,7,2,271.59,49.42,32.51,59.31,129.06
2023-07-30 03:00:00,7,3,258.74,20.32,31.34,61.81,136.61
2023-07-30 04:00:00,7,4,291.56,32.46,34.61,64.35,157.25
2023-07-30 05:00:00,7,5,296.42,24.65,31.18,61.24,152.82
2023-07-30 06:00:00,7,6,233.51,16.97,28.51,52.84,103.05
2023-07-30 07:00:00,7,7,274.56,15.78,37.41,66.76,152.82
2023-07-30 08:00:00,7,8,297.44,40.86,31.27,67.18,167.14
2023-07-30 09:00:00,7,9,271.27,34.56,34.55,60.56,131.71
2023-07-30 10:00:00,7,10,289.58,44.44,34.74,56.24,134.66
2023-07-30 11:00:00,7,11,282.02,25.55,33.82,57.34,128.63
2023-07-30 12:00:00,7,12,281.83,27.88,31.53,58.98,135.51
2023-07-30 13:00:00,7,13,269.57,22.33,32.5,61.39,143.98
2023-07-30 14:00:00,7,14,250.67,22.13,29.38,58.48,121.33
2023-07-30 15:00:00,7,15,252.57,14.58,35.91,55.71,120.3
2023-07-30 16:00:00,7,16,289.19,25.84,30.22,65.12,157.59
2023-07-30 17:00:00,7,17,275.39,17.11,31.42,61.29,138.81
2023-07-30 18:00:00,7,18,272.23,29.42,32.13,54.74,119.21
2023-07-30 19:00:00,7,19,266.52,26.7,31.71,61.46,134.58
2023-07-30 20:00:00,7,20,268.9,27.88,30.61,60.81,137.26
2023-07-30 21:00:00,7,21,295.94,41.75,34.72,56.41,142.1
2023-07-30 22:00:00,7,22,268.3,24.62,33.83,65.98,148.21
2023-07-30 23:00:00,7,23,248.18,32.57,32.57,60.67,128.81
2023-07-31 00:00:00,7,0,289.87,45.52,31.13,58.92,134.81
2023-07-31 01:00:00,7,1,270.9,38.07,34.06,59.58,138.93
2023-07-31 02:00:00,7,2,275.63,36.53,31.0,62.22,137.36
2023-07-31 03:00:00,7,3,307.15,21.93,35.07,59.64,157.66
2023-07-31 04:00:00,7,4,274.59,27.3,32.15,59.6,138.97
2023-07-31 05:00:00,7,5,280.78,11.82,34.39,65.33,143.61
2023-07-31 06:00:00,7,6,251.42,29.99,31.7,52.91,114.61
2023-07-31 07:00:00,7,7,270.61,27.74,32.07,53.74,126.24
2023-07-31 08:00:00,7,8,287.19,25.23,34.38,63.88,159.28
2023-07-31 09:00:00,7,9,243.89,35.27,36.32,72.08,142.74
2023-07-31 10:00:00,7,10,279.02,12.92,35.05,64.38,150.69
2023-07-31 11:00:00,7,11,277.02,41.35,33.68,69.32,163.6
2023-07-31 12:00:00,7,12,275.83,34.02,33.11,57.83,136.68
2023-07-31 13:00:00,7,13,295.74,24.29,30.91,56.81,142.16
2023-07-31 14:00:00,7,14,281.69,23.51,32.52,62.28,144.16
2023-07-31 15:00:00,7,15,304.56,29.81,30.1,64.77,169.42
2023-07-31 16:00:00,7,16,255.13,40.21,32.68,53.44,118.66
2023-07-31 17:00:00,7,17,277.72,26.02,32.81,58.93,135.71
2023-07-31 18:00:00,7,18,276.69,26.44,28.01,59.86,134.2
2023-07-31 19:00:00,7,19,253.61,25.18,32.01,56.61,116.07
2023-07-31 20:00:00,7,20,294.13,42.82,32.76,57.19,147.08
2023-07-31 21:00:00,7,21,321.49,21.31,31.76,64.22,176.9
2023-07-31 22:00:00,7,22,274.66,24.7,32.64,62.35,142.69
2023-07-31 23:00:00,7,23,285.1,39.63,29.24,63.99,151.13
2023-08-01 00:00:00,8,0,331.59,44.77,27.45,69.0,181.96
2023-08-01 01:00:00,8,1,315.63,54.67,31.07,62.95,165.27
2023-08-01 02:00:00,8,2,293.49,34.19,29.0,69.44,163.97
2023-08-01 03:00:00,8,3,315.79,41.25,29.68,62.56,165.53
2023-08-01 04:00:00,8,4,302.06,58.15,27.91,65.76,171.56
2023-08-01 05:00:00,8,5,363.99,36.54,29.04,62.14,183.7
2023-08-01 06:00:00,8,6,327.6,41.79,24.4,64.27,176.75
2023-08-01 07:00:00,8,7,322.99,45.87,30.69,67.77,187.52
2023-08-01 08:00:00,8,8,347.69,33.41,32.62,65.03,189.64
2023-08-01 09:00:00,8,9,307.47,39.16,26.87,62.9,158.66
2023-08-01 10:00:00,8,10,314.57,44.43,27.12,73.01,191.56
2023-08-01 11:00:00,8,11,331.27,43.77,29.88,66.72,189.09
2023-08-01 12:00:00,8,12,350.48,56.1,31.95,64.68,190.34
2023-08-01 13:00:00,8,13,339.94,58.72,29.0,61.91,175.47
2023-08-01 14:00:00,8,14,334.87,34.74,26.54,57.96,167.62
2023-08-01 15:00:00,8,15,331.47,44.41,28.58,66.21,185.58
2023-08-01 16:00:00,8,16,337.91,50.04,26.94,60.43,164.25
2023-08-01 17:00:00,8,17,333.94,58.46,27.66,70.88,200.53
2023-08-01 18:00:00,8,18,309.3,50.49,28.39,67.47,178.76
2023-08-01 19:00:00,8,19,330.83,46.21,27.14,75.11,201.02
2023-08-01 20:00:00,8,20,308.43,49.97,27.44,68.44,164.66
2023-08-01 21:00:00,8,21,331.53,50.04,29.15,63.69,170.85
2023-08-01 22:00:00,8,22,320.29,34.02,29.43,57.92,154.18
2023-08-01 23:00:00,8,23,380.69,45.23,26.15,71.35,231.55
2023-08-02 00:00:00,8,0,329.11,57.89,29.79,60.83,162.47
2023-08-02 01:00:00,8,1,301.82,41.23,28.24,65.28,167.07
2023-08-02 02:00:00,8,2,327.22,44.6,30.44,75.69,192.06
2023-08-02 03:00:00,8,3,340.29,40.88,30.56,70.38,200.59
2023-08-02 04:00:00,8,4,363.37,20.16,27.91,69.27,207.85
2023-08-02 05:00:00,8,5,318.11,43.51,30.23,72.04,201.59
2023-08-02 06:00:00,8,6,298.26,46.32,27.33,71.86,169.24
2023-08-02 07:00:00,8,7,346.24,38.18,31.65,75.23,217.11
2023-08-02 08:00:00,8,8,302.29,31.75,27.4,64.31,152.61
2023-08-02 09:00:00,8,9,321.18,34.5,29.71,65.44,172.5
2023-08-02 10:00:00,8,10,324.75,50.94,28.62,62.71,161.31
2023-08-02 11:00:00,8,11,328.51,63.03,26.97,67.16,195.47
2023-08-02 12:00:00,8,12,343.69,57.13,30.8,66.66,189.26
2023-08-02 13:00:00,8,13,316.23,29.86,27.77,58.55,153.32
2023-08-02 14:00:00,8,14,324.43,51.85,25.6,64.05,173.06
2023-08-02 15:00:00,8,15,329.62,36.67,23.24,74.52,199.15
2023-08-02 16:00:00,8,16,332.9,37.48,27.25,68.54,195.54
2023-08-02 17:00:00,8,17,331.86,38.68,31.75,70.9,199.39
2023-08-02 18:00:00,8,18,338.62,50.36,31.52,66.72,192.98
2023-08-02 19:00:00,8,19,346.78,52.89,27.56,57.89,161.29
2023-08-02 20:00:00,8,20,337.76,42.32,28.25,66.68,193.47
2023-08-02 21:00:00,8,21,338.98,42.49,28.07,72.53,210.11
2023-08-02 22:00:00,8,22,298.26,47.94,26.33,61.39,151.52
2023-08-02 23:00:00,8,23,330.91,48.98,27.1,71.06,200.54
2023-08-03 00:00:00,8,0,339.49,55.06,30.96,58.81,167.85
2023-08-03 01:00:00,8,1,344.48,30.46,30.01,67.42,185.7
2023-08-03 02:00:00,8,2,316.06,43.5,29.55,70.04,183.68
2023-08-03 03:00:00,8,3,316.72,32.62,26.33,65.76,171.26
2023-08-03 04:00:00,8,4,318.42,42.79,29.2,79.68,212.0
2023-08-03 05:00:00,8,5,340.63,41.04,24.39,64.85,189.32
2023-08-03 06:00:00,8,6,350.58,42.83,30.69,64.43,180.14
2023-08-03 07:00:00,8,7,321.75,35.3,29.52,68.34,181.14
2023-08-03 08:00:00,8,8,348.06,28.43,26.31,63.55,180.32
2023-08-03 09:00:00,8,9,332.37,22.36,32.23,60.11,162.71
2023-08-03 10:00:00,8,10,327.42,41.99,25.41,61.83,164.7
2023-08-03 11:00:00,8,11,325.68,38.99,30.06,71.11,193.45
2023-08-03 12:00:00,8,12,344.84,36.54,30.11,65.8,191.81
2023-08-03 13:00:00,8,13,336.42,56.53,26.52,75.83,214.46
2023-08-03 14:00:00,8,14,375.42,34.71,28.92,65.11,204.76
2023-08-03 15:00:00,8,15,312.86,57.47,25.73,70.87,188.0
2023-08-03 16:00:00,8,16,340.27,59.54,23.31,69.87,210.16
2023-08-03 17:00:00,8,17,319.32,23.79,26.86,65.04,173.86
2023-08-03 18:00:00,8,18,312.52,44.23,27.77,62.93,169.09
2023-08-03 19:00:00,8,19,329.69,39.3,30.29,58.66,166.09
2023-08-03 20:00:00,8,20,332.65,14.18,29.13,70.09,203.29
2023-08-03 21:00:00,8,21,388.27,28.85,29.19,73.31,240.15
2023-08-03 22:00:00,8,22,326.22,51.05,26.97,59.37,157.28
2023-08-03 23:00:00,8,23,307.3,63.49,27.94,65.47,169.28
2023-08-04 00:00:00,8,0,335.36,52.33,27.14,63.99,180.19
2023-08-04 01:00:00,8,1,288.41,46.54,26.55,70.08,172.61
2023-08-04 02:00:00,8,2,328.06,43.09,27.81,65.68,175.3
2023-08-04 03:00:00,8,3,330.22,60.13,29.15,73.94,209.92
2023-08-04 04:00:00,8,4,345.8,64.78,27.85,65.4,188.6
2023-08-04 05:00:00,8,5,349.38,37.43,28.35,61.14,182.31
2023-08-04 06:00:00,8,6,319.83,23.3,30.39,64.98,174.84
2023-08-04 07:00:00,8,7,326.89,22.32,28.0,65.53,179.23
2023-08-04 08:00:00,8,8,314.58,56.52,26.33,69.95,184.66
2023-08-04 09:00:00,8,9,307.34,42.83,30.13,65.45,171.1
2023-08-04 10:00:00,8,10,336.1,45.13,29.53,69.52,204.63
2023-08-04 11:00:00,8,11,304.43,25.39,29.66,63.37,150.77
2023-08-04 12:00:00,8,12,321.61,35.77,30.25,65.85,179.29
2023-08-04 13:00:00,8,13,310.0,40.35,29.91,63.4,164.09
2023-08-04 14:00:00,8,14,340.9,45.38,29.06,63.09,178.44
2023-08-04 15:00:00,8,15,365.93,39.32,33.78,73.69,213.05
2023-08-04 16:00:00,8,16,303.87,32.93,26.43,63.74,164.42
2023-08-04 17:00:00,8,17,292.84,35.46,27.83,65.58,159.52
2023-08-04 18:00:00,8,18,327.41,55.38,30.93,72.54,193.88
2023-08-04 19:00:00,8,19,330.22,45.75,29.29,71.07,195.91
2023-08-04 20:00:00,8,20,334.28,49.42,30.52,75.53,209.06
2023-08-04 21:00:00,8,21,320.98,34.31,29.34,69.73,177.93
2023-08-04 22:00:00,8,22,325.89,13.76,31.75,64.32,175.22
2023-08-04 23:00:00,8,23,337.25,38.07,26.98,77.61,221.14
2023-08-05 00:00:00,8,0,350.71,34.64,31.68,70.23,202.64
2023-08-05 01:00:00,8,1,290.8,46.79,31.34,66.55,162.68
2023-08-05 02:00:00,8,2,322.53,76.16,26.58,67.61,182.36
2023-08-05 03:00:00,8,3,334.18,50.25,30.26,68.22,195.32
2023-08-05 04:00:00,8,4,311.54,70.66,28.91,66.14,171.29
2023-08-05 05:00:00,8,5,364.53,48.99,27.79,60.44,187.72
2023-08-05 06:00:00,8,6,317.2,37.0,25.22,75.45,198.0
2023-08-05 07:00:00,8,7,329.08,46.78,26.98,67.21,194.27
2023-08-05 08:00:00,8,8,341.02,61.11,30.42,68.24,191.86
2023-08-05 09:00:00,8,9,318.08,61.6,30.63,77.71,202.69
2023-08-05 10:00:00,8,10,292.97,37.55,28.58,63.9,155.61
2023-08-05 11:00:00,8,11,321.33,45.83,30.63,70.6,185.52
2023-08-05 12:00:00,8,12,350.49,29.01,30.89,63.36,178.93
2023-08-05 13:00:00,8,13,323.17,51.55,29.31,68.93,189.37
2023-08-05 14:00:00,8,14,312.98,58.83,27.56,68.33,163.01
2023-08-05 15:00:00,8,15,348.42,43.7,29.88,71.27,203.48
2023-08-05 16:00:00,8,16,323.29,36.63,29.97,73.36,191.05
2023-08-05 17:00:00,8,17,319.7,46.9,30.35,64.42,172.45
2023-08-05 18:00:00,8,18,332.89,47.48,30.73,74.4,195.59
2023-08-05 19:00:00,8,19,345.32,44.11,26.28,74.76,218.0
2023-08-05 20:00:00,8,20,377.54,45.09,27.98,66.07,211.28
2023-08-05 21:00:00,8,21,346.45,41.56,25.2,67.29,186.22
2023-08-05 22:00:00,8,22,353.1,53.26,30.49,64.85,191.89
2023-08-05 23:00:00,8,23,319.78,50.66,28.58,65.79,178.02
2023-08-06 00:00:00,8,0,309.39,33.47,29.86,61.3,162.85
2023-08-06 01:00:00,8,1,331.15,33.2,26.05,71.21,189.28
2023-08-06 02:00:00,8,2,332.05,40.76,31.8,57.07,149.96
2023-08-06 03:00:00,8,3,308.33,50.67,26.61,63.84,171.64
2023-08-06 04:00:00,8,4,326.4,44.78,30.55,67.09,178.49
2023-08-06 05:00:00,8,5,337.89,36.87,29.24,73.82,205.35
2023-08-06 06:00:00,8,6,337.11,45.92,28.62,64.59,184.74
2023-08-06 07:00:00,8,7,339.99,39.99,28.46,69.46,191.07
2023-08-06 08:00:00,8,8,335.72,52.11,27.72,66.92,186.0
2023-08-06 09:00:00,8,9,319.76,46.63,31.59,72.05,196.56
2023-08-06 10:00:00,8,10,319.63,40.15,29.03,69.2,177.32
2023-08-06 11:00:00,8,11,305.92,45.62,26.46,71.47,179.82
2023-08-06 12:00:00,8,12,365.6,56.45,28.23,64.57,191.2
2023-08-06 13:00:00,8,13,330.17,37.6,29.26,62.25,167.51
2023-08-06 14:00:00,8,14,325.41,47.33,30.8,69.16,193.58
2023-08-06 15:00:00,8,15,311.33,42.6,27.79,64.88,175.46
2023-08-06 16:00:00,8,16,388.62,47.57,27.92,67.47,219.93
2023-08-06 17:00:00,8,17,308.44,36.76,29.05,68.91,179.88
2023-08-06 18:00:00,8,18,321.33,44.4,30.75,73.53,199.54
2023-08-06 19:00:00,8,19,338.22,54.38,26.26,71.25,197.59
2023-08-06 20:00:00,8,20,341.91,33.93,30.01,63.92,183.41
2023-08-06 21:00:00,8,21,349.06,30.01,28.07,61.6,172.81
2023-08-06 22:00:00,8,22,366.06,30.39,28.35,75.86,226.75
2023-08-06 23:00:00,8,23,340.03,31.59,33.0,59.41,168.0
2023-08-07 00:00:00,8,0,308.78,49.25,28.61,65.06,162.21
2023-08-07 01:00:00,8,1,324.76,29.24,30.51,70.55,184.68
2023-08-07 02:00:00,8,2,336.06,40.32,30.44,75.51,208.05
2023-08-07 03:00:00,8,3,371.27,49.48,26.64,66.37,211.21
2023-08-07 04:00:00,8,4,301.95,47.47,25.31,67.46,177.63
2023-08-07 05:00:00,8,5,353.96,39.45,30.64,62.95,185.62
2023-08-07 06:00:00,8,6,333.5,45.21,26.83,67.95,191.88
2023-08-07 07:00:00,8,7,346.66,44.37,25.67,61.57,175.16
2023-08-07 08:00:00,8,8,327.86,41.06,31.05,63.57,163.46
2023-08-07 09:00:00,8,9,313.06,41.19,26.96,71.14,181.24
2023-08-07 10:00:00,8,10,344.92,65.66,27.45,65.15,185.85
2023-08-07 11:00:00,8,11,342.99,51.39,32.95,71.91,206.36
2023-08-07 12:00:00,8,12,349.34,68.11,25.68,66.55,193.36
2023-08-07 13:00:00,8,13,329.64,38.33,26.49,60.48,164.82
2023-08-07 14:00:00,8,14,317.91,42.45,28.08,73.16,191.07
2023-08-07 15:00:00,8,15,298.73,29.98,28.52,60.74,153.03
2023-08-07 16:00:00,8,16,346.29,35.21,27.21,64.31,178.88
2023-08-07 17:00:00,8,17,338.38,62.32,26.68,66.32,191.14
2023-08-07 18:00:00,8,18,310.59,38.08,32.02,72.35,184.44
2023-08-07 19:00:00,8,19,319.13,62.49,29.53,64.69,182.48
2023-08-07 20:00:00,8,20,320.57,30.87,30.17,62.69,165.99
2023-08-07 21:00:00,8,21,300.24,32.77,28.73,68.13,168.18
2023-08-07 22:00:00,8,22,313.55,39.89,29.58,66.25,170.4
2023-08-07 23:00:00,8,23,307.23,42.66,30.87,64.98,164.12
2023-08-08 00:00:00,8,0,321.65,52.53,27.01,68.4,186.5
2023-08-08 01:00:00,8,1,315.13,47.81,29.53,61.3,160.87
2023-08-08 02:00:00,8,2,297.36,39.14,30.39,58.71,150.51
2023-08-08 03:00:00,8,3,370.36,41.97,32.09,78.01,243.25
2023-08-08 04:00:00,8,4,354.95,40.11,32.9,67.84,200.95
2023-08-08 05:00:00,8,5,314.32,34.15,29.14,68.19,180.59
2023-08-08 06:00:00,8,6,335.35,34.42,31.28,63.41,183.3
2023-08-08 07:00:00,8,7,338.25,53.58,23.66,71.81,205.82
2023-08-08 08:00:00,8,8,353.73,25.02,32.1,64.65,192.1
2023-08-08 09:00:00,8,9,313.53,59.47,27.55,53.39,141.7
2023-08-08 10:00:00,8,10,351.75,39.87,28.52,64.49,183.37
2023-08-08 11:00:00,8,11,318.95,35.58,29.88,65.91,188.16
2023-08-08 12:00:00,8,12,303.19,50.7,28.69,66.47,170.69
2023-08-08 13:00:00,8,13,344.39,58.15,29.39,66.33,193.6
2023-08-08 14:00:00,8,14,355.72,54.48,32.18,64.1,189.98
2023-08-08 15:00:00,8,15,381.66,48.32,28.23,63.61,190.96
2023-08-08 16:00:00,8,16,305.91,54.17,26.83,65.83,166.6
2023-08-08 17:00:00,8,17,343.88,26.14,32.63,59.09,169.83
2023-08-08 18:00:00,8,18,321.71,38.08,30.05,57.53,150.22
2023-08-08 19:00:00,8,19,345.57,34.19,32.84,67.81,191.24
2023-08-08 20:00:00,8,20,300.49,55.55,30.73,67.89,168.42
2023-08-08 21:00:00,8,21,304.65,39.47,26.35,71.72,186.04
2023-08-08 22:00:00,8,22,314.39,51.76,30.29,66.04,179.41
2023-08-08 23:00:00,8,23,331.48,48.66,27.03,61.35,170.44
2023-08-09 00:00:00,8,0,317.08,34.68,29.01,57.62,149.52
2023-08-09 01:00:00,8,1,343.08,37.43,28.85,62.87,178.05
2023-08-09 02:00:00,8,2,350.44,56.24,25.76,69.43,203.39
2023-08-09 03:00:00,8,3,341.9,35.55,27.37,74.53,213.56
2023-08-09 04:00:00,8,4,362.28,44.55,33.41,67.59,206.36
2023-08-09 05:00:00,8,5,338.22,35.48,29.48,61.25,170.55
2023-08-09 06:00:00,8,6,305.57,40.16,28.65,62.92,162.97
2023-08-09 07:00:00,8,7,357.17,42.84,32.63,63.08,190.11
2023-08-09 08:00:00,8,8,317.8,35.47,28.21,65.29,171.04
2023-08-09 09:00:00,8,9,348.11,33.7,28.82,72.92,203.08
2023-08-09 10:00:00,8,10,361.38,46.16,30.98,73.32,216.5
2023-08-09 11:00:00,8,11,339.04,34.85,28.2,66.46,195.72
2023-08-09 12:00:00,8,12,299.98,35.19,27.51,68.24,162.22
2023-08-09 13:00:00,8,13,311.54,33.91,24.49,63.33,171.11
2023-08-09 14:00:00,8,14,356.36,42.52,27.13,58.77,165.99
2023-08-09 15:00:00,8,15,326.52,52.74,27.11,76.26,203.77
2023-08-09 16:00:00,8,16,331.5,58.37,29.32,55.71,152.11
2023-08-09 17:00:00,8,17,345.08,36.04,27.78,58.14,176.21
2023-08-09 18:00:00,8,18,343.83,64.8,33.32,76.3,218.89
2023-08-09 19:00:00,8,19,335.48,33.25,26.88,67.4,187.48
2023-08-09 20:00:00,8,20,325.73,54.14,31.8,61.69,162.88
2023-08-09 21:00:00,8,21,323.65,36.08,29.44,70.73,193.5
2023-08-09 22:00:00,8,22,347.06,34.59,30.61,71.19,203.45
2023-08-09 23:00:00,8,23,340.98,35.85,30.49,60.66,171.32
2023-08-10 00:00:00,8,0,324.76,42.78,24.56,64.66,173.3
2023-08-10 01:00:00,8,1,351.55,49.1,28.98,71.7,213.78
2023-08-10 02:00:00,8,2,327.32,50.0,28.48,63.24,176.4
2023-08-10 03:00:00,8,3,312.87,33.86,26.73,68.73,174.86
2023-08-10 04:00:00,8,4,314.72,33.4,29.92,74.44,192.23
2023-08-10 05:00:00,8,5,310.33,34.13,32.43,55.36,139.62
2023-08-10 06:00:00,8,6,324.46,42.19,23.65,65.61,178.43
2023-08-10 07:00:00,8,7,354.58,41.2,27.93,68.63,207.44
2023-08-10 08:00:00,8,8,313.8,33.8,26.51,58.36,153.69
2023-08-10 09:00:00,8,9,333.67,46.0,29.14,64.67,168.99
2023-08-10 10:00:00,8,10,316.77,65.93,28.35,72.54,195.41
2023-08-10 11:00:00,8,11,324.7,38.25,27.79,63.8,165.99
2023-08-10 12:00:00,8,12,299.7,38.97,30.38,59.9,146.12
2023-08-10 13:00:00,8,13,325.49,48.9,32.27,72.97,199.05
2023-08-10 14:00:00,8,14,326.03,37.71,34.32,69.54,188.64
2023-08-10 15:00:00,8,15,340.71,49.99,27.52,66.98,194.64
2023-08-10 16:00:00,8,16,334.37,36.12,25.36,66.83,183.27
2023-08-10 17:00:00,8,17,305.94,61.62,30.12,72.46,180.02
2023-08-10 18:00:00,8,18,351.59,46.75,32.22,68.79,200.12
2023-08-10 19:00:00,8,19,334.11,37.1,30.63,70.55,201.43
2023-08-10 20:00:00,8,20,333.87,37.41,32.21,63.86,180.93
2023-08-10 21:00:00,8,21,329.72,38.16,28.55,57.73,159.17
2023-08-10 22:00:00,8,22,319.55,57.03,27.78,70.43,194.29
2023-08-10 23:00:00,8,23,334.26,30.61,29.23,72.83,208.7
2023-08-11 00:00:00,8,0,339.42,36.62,28.34,66.2,191.3
2023-08-11 01:00:00,8,1,294.97,37.68,30.33,71.76,170.61
2023-08-11 02:00:00,8,2,319.13,43.14,30.94,65.64,178.6
2023-08-11 03:00:00,8,3,324.8,40.59,31.1,66.87,180.09
2023-08-11 04:00:00,8,4,335.03,28.39,30.02,76.08,210.57
2023-08-11 05:00:00,8,5,353.77,39.3,29.49,65.86,190.88
2023-08-11 06:00:00,8,6,314.47,42.31,30.59,65.57,171.07
2023-08-11 07:00:00,8,7,319.94,37.02,25.07,57.97,151.53
2023-08-11 08:00:00,8,8,319.65,50.17,29.42,70.77,189.48
2023-08-11 09:00:00,8,9,313.87,52.5,29.1,63.77,166.04
2023-08-11 10:00:00,8,10,322.96,42.52,29.43,68.06,184.38
2023-08-11 11:00:00,8,11,345.32,45.61,28.82,65.75,192.08
2023-08-11 12:00:00,8,12,308.83,21.69,29.86,65.09,166.15
2023-08-11 13:00:00,8,13,338.46,39.09,27.85,66.73,184.65
2023-08-11 14:00:00,8,14,295.87,53.35,31.26,67.12,155.55
2023-08-11 15:00:00,8,15,318.68,39.07,29.95,73.2,198.37
2023-08-11 16:00:00,8,16,323.31,35.93,29.3,74.92,202.38
2023-08-11 17:00:00,8,17,363.4,66.08,27.6,70.57,212.97
2023-08-11 18:00:00,8,18,324.41,61.49,30.63,73.68,205.16
2023-08-11 19:00:00,8,19,285.88,47.98,29.41,71.59,164.22
2023-08-11 20:00:00,8,20,289.93,54.69,27.49,69.79,169.01
2023-08-11 21:00:00,8,21,330.58,21.04,28.89,74.6,200.81
2023-08-11 22:00:00,8,22,342.18,35.43,30.26,60.78,176.7
2023-08-11 23:00:00,8,23,337.41,38.6,30.1,63.9,168.65
2023-08-12 00:00:00,8,0,333.26,40.94,29.97,63.22,179.69
2023-08-12 01:00:00,8,1,353.15,38.4,29.19,65.81,197.62
2023-08-12 02:00:00,8,2,319.11,17.8,31.05,70.75,183.64
2023-08-12 03:00:00,8,3,347.8,47.16,31.48,61.74,179.4
2023-08-12 04:00:00,8,4,297.26,48.74,30.47,69.83,168.59
2023-08-12 05:00:00,8,5,311.8,59.32,27.83,64.39,169.54
2023-08-12 06:00:00,8,6,293.76,35.42,26.88,65.59,164.75
2023-08-12 07:00:00,8,7,324.41,34.6,27.91,68.32,179.79
2023-08-12 08:00:00,8,8,328.98,16.5,32.91,75.73,201.25
2023-08-12 09:00:00,8,9,332.19,40.37,29.56,63.76,182.09
2023-08-12 10:00:00,8,10,331.14,52.31,33.25,66.92,194.49
2023-08-12 11:00:00,8,11,311.35,37.18,28.76,61.93,163.25
2023-08-12 12:00:00,8,12,326.1,64.74,28.48,63.71,176.08
2023-08-12 13:00:00,8,13,299.95,40.74,28.85,61.88,153.12
2023-08-12 14:00:00,8,14,357.17,44.77,28.82,68.54,205.04
2023-08-12 15:00:00,8,15,323.83,29.67,27.45,69.45,189.28
2023-08-12 16:00:00,8,16,320.13,46.17,26.7,70.76,187.96
2023-08-12 17:00:00,8,17,361.68,23.51,30.0,63.55,198.42
2023-08-12 18:00:00,8,18,305.06,50.24,31.11,69.86,178.59
2023-08-12 19:00:00,8,19,307.39,50.55,33.89,67.89,175.53
2023-08-12 20:00:00,8,20,307.98,56.89,28.13,67.03,171.33
2023-08-12 21:00:00,8,21,328.55,33.1,28.29,61.11,167.12
2023-08-12 22:00:00,8,22,338.54,44.91,27.46,68.09,198.29
2023-08-12 23:00:00,8,23,344.7,48.94,31.25,68.25,196.88
2023-08-13 00:00:00,8,0,381.34,47.72,30.63,67.83,216.53
2023-08-13 01:00:00,8,1,284.92,34.65,27.25,69.32,165.6
2023-08-13 02:00:00,8,2,342.08,19.38,27.2,70.79,200.11
2023-08-13 03:00:00,8,3,318.76,46.77,30.91,61.83,157.3
2023-08-13 04:00:00,8,4,318.18,41.78,29.77,66.24,183.6
2023-08-13 05:00:00,8,5,317.51,37.63,30.52,69.9,190.4
2023-08-13 06:00:00,8,6,311.73,50.94,27.23,65.98,177.75
2023-08-13 07:00:00,8,7,363.59,42.85,25.24,72.12,213.29
2023-08-13 08:00:00,8,8,346.75,30.11,27.25,67.77,203.18
2023-08-13 09:00:00,8,9,330.37,23.99,30.38,57.55,168.36
2023-08-13 10:00:00,8,10,356.92,32.01,33.22,71.52,218.08
2023-08-13 11:00:00,8,11,299.65,67.23,28.14,66.73,174.99
2023-08-13 12:00:00,8,12,303.29,50.53,33.55,58.47,151.86
2023-08-13 13:00:00,8,13,286.34,45.19,30.66,66.06,153.5
2023-08-13 14:00:00,8,14,315.92,41.48,26.21,60.98,163.17
2023-08-13 15:00:00,8,15,333.14,40.83,29.43,71.09,192.37
2023-08-13 16:00:00,8,16,331.96,54.97,30.73,67.14,182.86
2023-08-13 17:00:00,8,17,332.89,38.4,24.15,62.7,175.63
2023-08-13 18:00:00,8,18,301.68,49.07,30.29,71.37,180.46
2023-08-13 19:00:00,8,19,345.97,39.82,31.35,69.61,203.14
2023-08-13 20:00:00,8,20,334.7,62.7,29.8,66.14,175.63
2023-08-13 21:00:00,8,21,344.56,50.72,28.88,61.09,174.76
2023-08-13 22:00:00,8,22,292.05,55.76,28.65,63.11,156.43
2023-08-13 23:00:00,8,23,336.13,37.46,28.54,63.03,180.41
2023-08-14 00:00:00,8,0,306.15,53.88,26.65,71.05,185.45
2023-08-14 01:00:00,8,1,321.96,40.18,27.62,58.92,159.42
2023-08-14 02:00:00,8,2,340.59,44.4,28.17,67.08,188.62
2023-08-14 03:00:00,8,3,331.73,59.65,29.23,66.07,185.26
2023-08-14 04:00:00,8,4,312.87,32.87,27.89,72.5,187.64
2023-08-14 05:00:00,8,5,330.03,45.33,27.26,68.48,192.97
2023-08-14 06:00:00,8,6,299.27,47.68,30.52,70.0,176.81
2023-08-14 07:00:00,8,7,352.91,48.5,29.74,64.69,190.07
2023-08-14 08:00:00,8,8,325.8,38.79,27.92,61.17,162.32
2023-08-14 09:00:00,8,9,352.27,64.16,30.01,65.69,198.57
2023-08-14 10:00:00,8,10,319.37,30.35,28.09,71.21,192.42
2023-08-14 11:00:00,8,11,319.43,57.89,29.13,71.19,200.15
2023-08-14 12:00:00,8,12,314.62,55.45,30.95,65.17,173.6
2023-08-14 13:00:00,8,13,347.43,62.31,27.79,63.02,185.61
2023-08-14 14:00:00,8,14,315.72,27.42,26.66,62.04,155.99
2023-08-14 15:00:00,8,15,342.8,34.61,28.71,66.64,192.03
2023-08-14 16:00:00,8,16,322.25,58.22,26.27,68.0,181.15
2023-08-14 17:00:00,8,17,290.38,24.53,28.45,74.69,184.98
2023-08-14 18:00:00,8,18,318.5,27.24,28.44,67.94,182.1
2023-08-14 19:00:00,8,19,306.32,38.42,24.07,70.39,184.72
2023-08-14 20:00:00,8,20,330.58,45.22,30.06,63.42,185.48
2023-08-14 21:00:00,8,21,306.1,59.22,28.63,67.53,168.37
2023-08-14 22:00:00,8,22,348.42,41.45,31.36,68.02,202.36
2023-08-14 23:00:00,8,23,328.08,37.22,29.43,66.62,185.67
2023-08-15 00:00:00,8,0,326.35,46.42,30.47,67.21,192.8
2023-08-15 01:00:00,8,1,343.02,48.0,31.38,67.95,197.89
2023-08-15 02:00:00,8,2,349.18,47.71,28.74,69.73,206.02
2023-08-15 03:00:00,8,3,329.5,41.52,29.0,73.17,205.28
2023-08-15 04:00:00,8,4,314.48,23.75,25.85,55.99,151.44
2023-08-15 05:00:00,8,5,294.42,34.13,31.48,72.89,186.22
2023-08-15 06:00:00,8,6,316.18,57.5,28.71,58.77,150.84
2023-08-15 07:00:00,8,7,317.56,45.17,26.99,68.86,180.39
2023-08-15 08:00:00,8,8,332.04,40.08,30.48,79.1,227.68
2023-08-15 09:00:00,8,9,323.0,54.48,24.64,67.11,170.95
2023-08-15 10:00:00,8,10,343.66,32.0,28.14,68.22,195.07
2023-08-15 11:00:00,8,11,317.64,41.05,30.82,65.77,174.95
2023-08-15 12:00:00,8,12,328.76,44.68,28.12,70.66,192.81
2023-08-15 13:00:00,8,13,353.58,38.89,27.56,69.13,211.73
2023-08-15 14:00:00,8,14,336.74,44.31,28.17,63.94,181.92
2023-08-15 15:00:00,8,15,328.7,41.42,24.98,66.75,181.01
2023-08-15 16:00:00,8,16,317.86,29.31,30.43,61.73,160.44
2023-08-15 17:00:00,8,17,317.24,45.12,28.75,66.73,177.92
2023-08-15 18:00:00,8,18,312.89,30.02,28.46,65.22,176.0
2023-08-15 19:00:00,8,19,319.08,44.96,28.46,68.0,181.63
2023-08-15 20:00:00,8,20,345.02,57.04,29.03,63.77,182.79
2023-08-15 21:00:00,8,21,325.47,40.49,30.31,66.25,176.31
2023-08-15 22:00:00,8,22,302.91,31.59,28.9,67.36,172.02
2023-08-15 23:00:00,8,23,365.27,42.03,26.28,67.71,207.83
2023-08-16 00:00:00,8,0,336.3,34.98,30.15,68.69,189.01
2023-08-16 01:00:00,8,1,301.76,49.25,30.0,66.45,172.34
2023-08-16 02:00:00,8,2,321.07,41.82,29.41,63.39,178.23
2023-08-16 03:00:00,8,3,332.12,60.4,31.15,67.73,187.82
2023-08-16 04:00:00,8,4,364.0,54.93,29.06,66.43,203.13
2023-08-16 05:00:00,8,5,307.74,41.77,31.22,72.44,180.37
2023-08-16 06:00:00,8,6,349.42,50.46,31.81,73.07,216.6
2023-08-16 07:00:00,8,7,357.89,39.37,30.16,60.46,182.75
2023-08-16 08:00:00,8,8,317.33,43.64,27.5,70.41,184.67
2023-08-16 09:00:00,8,9,324.35,39.69,28.74,71.41,189.42
2023-08-16 10:00:00,8,10,309.18,50.97,31.48,60.59,165.45
2023-08-16 11:00:00,8,11,325.83,57.63,26.0,70.22,192.69
2023-08-16 12:00:00,8,12,329.17,51.29,28.22,71.8,192.49
2023-08-16 13:00:00,8,13,343.1,52.52,28.31,62.57,183.29
2023-08-16 14:00:00,8,14,351.71,52.53,27.27,66.14,195.11
2023-08-16 15:00:00,8,15,314.94,48.81,30.75,68.25,179.53
2023-08-16 16:00:00,8,16,290.56,31.91,29.75,70.17,174.91
2023-08-16 17:00:00,8,17,329.48,60.31,27.58,62.38,158.31
2023-08-16 18:00:00,8,18,335.77,61.35,30.21,73.11,195.65
2023-08-16 19:00:00,8,19,334.89,40.96,28.68,57.17,166.55
2023-08-16 20:00:00,8,20,323.37,39.59,27.22,73.94,198.73
2023-08-16 21:00:00,8,21,332.4,49.43,27.57,70.07,192.08
2023-08-16 22:00:00,8,22,360.21,48.81,29.87,64.21,186.18
2023-08-16 23:00:00,8,23,337.54,41.28,30.88,71.64,202.61
2023-08-17 00:00:00,8,0,322.44,30.8,28.03,62.08,168.5
2023-08-17 01:00:00,8,1,319.9,46.36,30.09,67.9,188.31
2023-08-17 02:00:00,8,2,326.51,48.82,32.16,68.51,188.39
2023-08-17 03:00:00,8,3,362.64,50.56,26.48,68.5,205.62
2023-08-17 04:00:00,8,4,326.24,46.79,29.71,63.12,173.74
2023-08-17 05:00:00,8,5,329.51,40.59,30.66,64.84,183.7
2023-08-17 06:00:00,8,6,320.26,53.24,28.81,67.95,185.93
2023-08-17 07:00:00,8,7,351.88,43.96,31.48,63.69,189.98
2023-08-17 08:00:00,8,8,369.1,38.65,33.4,68.68,212.75
2023-08-17 09:00:00,8,9,338.92,41.49,29.69,64.25,178.67
2023-08-17 10:00:00,8,10,331.56,25.84,28.53,72.32,194.78
2023-08-17 11:00:00,8,11,330.64,41.48,30.95,75.13,201.19
2023-08-17 12:00:00,8,12,282.22,50.19,30.68,65.83,156.89
2023-08-17 13:00:00,8,13,344.81,46.7,23.96,71.92,209.28
2023-08-17 14:00:00,8,14,332.59,58.51,28.99,66.26,189.23
2023-08-17 15:00:00,8,15,338.47,40.67,28.21,62.64,179.6
2023-08-17 16:00:00,8,16,315.67,48.17,29.79,65.19,176.86
2023-08-17 17:00:00,8,17,322.21,51.23,28.61,67.75,181.37
2023-08-17 18:00:00,8,18,321.68,66.73,28.83,58.39,160.47
2023-08-17 19:00:00,8,19,350.34,44.75,27.27,70.45,200.79
2023-08-17 20:00:00,8,20,322.33,32.86,30.47,67.75,181.79
2023-08-17 21:00:00,8,21,371.56,51.78,32.31,72.32,214.92
2023-08-17 22:00:00,8,22,338.52,61.96,27.3,70.36,198.77
2023-08-17 23:00:00,8,23,304.39,40.08,26.21,67.92,178.52
2023-08-18 00:00:00,8,0,327.33,51.71,29.04,65.54,179.24
2023-08-18 01:00:00,8,1,316.87,55.59,28.94,74.93,201.6
2023-08-18 02:00:00,8,2,286.02,53.47,31.34,78.17,187.8
2023-08-18 03:00:00,8,3,361.89,44.56,26.54,65.62,195.18
2023-08-18 04:00:00,8,4,343.97,36.32,27.92,72.53,207.1
2023-08-18 05:00:00,8,5,340.57,42.49,24.7,63.79,187.04
2023-08-18 06:00:00,8,6,333.21,47.89,31.75,64.38,182.47
2023-08-18 07:00:00,8,7,302.26,52.38,29.5,65.39,161.72
2023-08-18 08:00:00,8,8,320.23,46.64,28.07,70.74,181.97
2023-08-18 09:00:00,8,9,346.74,39.5,26.36,61.95,180.14
2023-08-18 10:00:00,8,10,308.88,48.86,26.54,75.07,190.44
2023-08-18 11:00:00,8,11,279.27,51.9,29.83,72.01,166.8
2023-08-18 12:00:00,8,12,325.36,47.1,26.79,70.63,184.34
2023-08-18 13:00:00,8,13,327.07,34.94,29.21,65.85,184.8
2023-08-18 14:00:00,8,14,332.62,41.49,33.09,71.47,197.73
2023-08-18 15:00:00,8,15,344.47,52.78,28.3,52.73,151.75
2023-08-18 16:00:00,8,16,342.66,29.47,27.08,69.53,194.48
2023-08-18 17:00:00,8,17,335.08,22.37,29.76,68.12,188.95
2023-08-18 18:00:00,8,18,353.81,58.38,26.55,57.89,171.4
2023-08-18 19:00:00,8,19,299.52,48.42,32.44,69.35,170.15
2023-08-18 20:00:00,8,20,340.0,49.37,31.81,70.27,198.15
2023-08-18 21:00:00,8,21,342.43,32.53,28.67,58.05,172.69
2023-08-18 22:00:00,8,22,305.11,50.68,27.21,61.39,147.43
2023-08-18 23:00:00,8,23,299.85,46.05,28.15,77.64,195.05
2023-08-19 00:00:00,8,0,314.98,27.46,28.41,66.39,170.44
2023-08-19 01:00:00,8,1,316.67,57.54,29.77,72.2,197.33
2023-08-19 02:00:00,8,2,344.97,44.89,31.08,72.95,208.95
2023-08-19 03:00:00,8,3,317.61,39.34,26.93,69.29,178.27
2023-08-19 04:00:00,8,4,312.78,39.52,31.02,72.41,187.77
2023-08-19 05:00:00,8,5,317.67,23.15,30.24,56.76,152.09
2023-08-19 06:00:00,8,6,352.28,49.23,27.98,66.17,208.24
2023-08-19 07:00:00,8,7,330.16,45.92,26.83,51.92,132.38
2023-08-19 08:00:00,8,8,326.32,41.36,29.23,58.59,153.43
2023-08-19 09:00:00,8,9,327.7,56.09,26.88,64.59,183.02
2023-08-19 10:00:00,8,10,355.75,29.46,31.05,63.99,182.28
2023-08-19 11:00:00,8,11,314.92,37.33,26.75,67.53,177.37
2023-08-19 12:00:00,8,12,356.21,34.8,30.1,67.22,197.24
2023-08-19 13:00:00,8,13,334.11,40.51,28.84,67.99,186.22
2023-08-19 14:00:00,8,14,326.7,43.98,27.88,68.19,184.91
2023-08-19 15:00:00,8,15,379.92,47.6,28.79,68.99,216.88
2023-08-19 16:00:00,8,16,308.79,39.83,31.16,62.53,166.28
2023-08-19 17:00:00,8,17,322.83,34.53,26.62,63.7,178.11
2023-08-19 18:00:00,8,18,305.26,60.16,28.18,67.14,173.02
2023-08-19 19:00:00,8,19,348.95,67.42,27.5,67.21,194.39
2023-08-19 20:00:00,8,20,363.69,44.73,28.92,61.91,189.04
2023-08-19 21:00:00,8,21,363.3,35.73,27.63,72.73,224.35
2023-08-19 22:00:00,8,22,354.38,58.06,25.46,70.94,214.65
2023-08-19 23:00:00,8,23,325.95,28.83,26.89,63.02,173.14
2023-08-20 00:00:00,8,0,322.6,39.95,32.28,66.28,185.93
2023-08-20 01:00:00,8,1,296.48,36.34,29.49,77.37,188.19
2023-08-20 02:00:00,8,2,370.62,31.71,29.42,68.12,216.23
2023-08-20 03:00:00,8,3,339.28,40.5,28.43,69.3,199.58
2023-08-20 04:00:00,8,4,320.06,34.66,28.9,64.28,168.49
2023-08-20 05:00:00,8,5,356.46,43.43,28.14,65.75,196.61
2023-08-20 06:00:00,8,6,310.45,43.57,30.05,74.88,195.34
2023-08-20 07:00:00,8,7,338.04,37.09,29.2,67.89,190.64
2023-08-20 08:00:00,8,8,326.45,39.6,26.66,66.97,181.52
2023-08-20 09:00:00,8,9,342.68,40.99,29.51,67.36,184.85
2023-08-20 10:00:00,8,10,328.63,51.4,24.08,80.05,215.91
2023-08-20 11:00:00,8,11,300.89,41.82,29.83,67.52,168.21
2023-08-20 12:00:00,8,12,331.42,51.55,26.18,63.17,171.71
2023-08-20 13:00:00,8,13,350.88,49.16,28.81,64.04,183.1
2023-08-20 14:00:00,8,14,329.32,49.02,26.61,71.22,200.89
2023-08-20 15:00:00,8,15,345.41,57.18,29.01,60.18,172.8
2023-08-20 16:00:00,8,16,308.99,32.11,30.16,69.57,190.09
2023-08-20 17:00:00,8,17,329.38,38.57,32.01,63.7,176.07
2023-08-20 18:00:00,8,18,317.41,60.93,25.92,58.03,158.78
2023-08-20 19:00:00,8,19,344.84,40.73,30.95,62.42,178.45
2023-08-20 20:00:00,8,20,330.53,15.15,29.26,67.46,182.62
2023-08-20 21:00:00,8,21,343.71,41.27,28.1,74.3,214.25
2023-08-20 22:00:00,8,22,351.66,44.65,30.52,71.89,217.27
2023-08-20 23:00:00,8,23,343.74,17.13,28.53,65.85,188.3
2023-08-21 00:00:00,8,0,335.37,56.64,30.44,72.18,204.09
2023-08-21 01:00:00,8,1,309.94,36.16,27.02,65.54,170.66
2023-08-21 02:00:00,8,2,329.85,46.59,27.73,59.99,164.5
2023-08-21 03:00:00,8,3,319.24,41.04,30.89,67.43,179.25
2023-08-21 04:00:00,8,4,323.02,30.42,31.97,59.79,156.06
2023-08-21 05:00:00,8,5,322.41,32.6,28.93,71.28,191.57
2023-08-21 06:00:00,8,6,310.31,33.95,23.43,71.35,187.88
2023-08-21 07:00:00,8,7,290.76,54.16,28.6,62.92,154.03
2023-08-21 08:00:00,8,8,316.54,41.83,29.06,68.05,180.53
2023-08-21 09:00:00,8,9,333.77,38.08,28.53,68.0,192.88
2023-08-21 10:00:00,8,10,302.94,33.96,29.67,71.68,182.04
2023-08-21 11:00:00,8,11,330.22,55.26,28.05,61.1,168.3
2023-08-21 12:00:00,8,12,367.91,57.94,30.68,70.32,219.4
2023-08-21 13:00:00,8,13,350.36,55.15,26.67,60.74,178.13
2023-08-21 14:00:00,8,14,362.77,48.23,31.47,71.21,214.22
2023-08-21 15:00:00,8,15,337.73,46.2,32.1,72.63,206.89
2023-08-21 16:00:00,8,16,353.25,31.14,27.17,63.97,188.26
2023-08-21 17:00:00,8,17,315.42,40.84,27.17,73.42,191.69
2023-08-21 18:00:00,8,18,317.02,36.46,29.82,59.45,157.93
2023-08-21 19:00:00,8,19,275.12,25.05,26.63,72.82,167.89
2023-08-21 20:00:00,8,20,353.63,53.87,28.01,74.51,214.2
2023-08-21 21:00:00,8,21,360.71,36.34,31.21,69.05,209.35
2023-08-21 22:00:00,8,22,318.84,55.26,30.48,66.34,185.62
2023-08-21 23:00:00,8,23,324.82,52.12,32.96,68.88,181.67
2023-08-22 00:00:00,8,0,314.83,48.87,29.34,64.3,166.29
2023-08-22 01:00:00,8,1,337.56,49.43,27.78,80.44,240.33
2023-08-22 02:00:00,8,2,352.4,37.15,29.1,64.39,185.09
2023-08-22 03:00:00,8,3,295.05,61.88,28.7,73.91,188.26
2023-08-22 04:00:00,8,4,338.09,43.73,28.73,63.61,178.2
2023-08-22 05:00:00,8,5,324.37,46.32,28.95,75.3,203.98
2023-08-22 06:00:00,8,6,332.17,36.81,27.14,77.38,213.68
2023-08-22 07:00:00,8,7,339.08,33.99,29.56,69.25,197.93
2023-08-22 08:00:00,8,8,326.14,48.07,26.18,68.75,179.08
2023-08-22 09:00:00,8,9,327.83,45.48,27.57,62.54,171.89
2023-08-22 10:00:00,8,10,325.63,35.41,28.76,61.94,166.17
2023-08-22 11:00:00,8,11,349.31,28.92,24.48,68.81,191.11
2023-08-22 12:00:00,8,12,338.28,30.6,30.54,74.61,216.06
2023-08-22 13:00:00,8,13,334.32,55.26,24.89,64.58,169.49
2023-08-22 14:00:00,8,14,304.48,37.17,30.34,78.36,209.69
2023-08-22 15:00:00,8,15,322.33,39.91,26.41,64.27,175.83
2023-08-22 16:00:00,8,16,347.88,57.8,28.19,68.47,191.8
2023-08-22 17:00:00,8,17,330.66,32.08,30.04,68.48,195.5
2023-08-22 18:00:00,8,18,343.09,36.03,33.4,66.81,187.39
2023-08-22 19:00:00,8,19,365.23,35.61,29.23,57.1,170.38
2023-08-22 20:00:00,8,20,350.68,59.48,25.03,64.23,178.8
2023-08-22 21:00:00,8,21,331.77,63.24,30.91,68.32,184.68
2023-08-22 22:00:00,8,22,319.68,50.82,28.54,66.84,174.45
2023-08-22 23:00:00,8,23,278.83,51.14,29.14,70.5,168.01
2023-08-23 00:00:00,8,0,326.54,37.5,30.12,71.1,199.44
2023-08-23 01:00:00,8,1,323.38,62.77,24.55,66.12,172.09
2023-08-23 02:00:00,8,2,337.71,45.98,29.01,62.51,177.38
2023-08-23 03:00:00,8,3,326.83,51.83,28.18,75.06,195.36
2023-08-23 04:00:00,8,4,323.5,42.25,31.44,60.54,164.69
2023-08-23 05:00:00,8,5,294.32,40.62,30.45,64.34,168.72
2023-08-23 06:00:00,8,6,311.1,59.93,25.75,63.07,154.72
2023-08-23 07:00:00,8,7,339.44,48.7,31.53,71.05,196.03
2023-08-23 08:00:00,8,8,364.22,57.82,29.9,73.91,228.09
2023-08-23 09:00:00,8,9,327.95,45.85,25.91,66.45,185.95
2023-08-23 10:00:00,8,10,336.46,34.82,29.11,68.47,187.39
2023-08-23 11:00:00,8,11,348.95,37.47,31.07,69.46,209.49
2023-08-23 12:00:00,8,12,313.69,44.33,26.57,76.34,195.6
2023-08-23 13:00:00,8,13,337.24,37.04,31.76,58.45,172.74
2023-08-23 14:00:00,8,14,315.09,32.23,25.97,71.04,189.0
2023-08-23 15:00:00,8,15,347.2,55.32,27.42,69.2,206.71
2023-08-23 16:00:00,8,16,332.93,37.85,27.11,65.47,183.6
2023-08-23 17:00:00,8,17,335.87,44.68,31.75,68.95,196.4
2023-08-23 18:00:00,8,18,314.25,46.26,28.02,71.02,189.66
2023-08-23 19:00:00,8,19,344.04,37.42,26.67,70.24,207.22
2023-08-23 20:00:00,8,20,371.6,57.81,29.89,78.11,241.87
2023-08-23 21:00:00,8,21,309.75,32.13,30.32,67.96,171.02
2023-08-23 22:00:00,8,22,323.11,45.92,30.34,67.46,181.35
2023-08-23 23:00:00,8,23,334.54,45.76,28.46,66.41,181.93
2023-08-24 00:00:00,8,0,345.63,42.76,29.51,70.09,198.98
2023-08-24 01:00:00,8,1,318.71,30.33,27.7,67.16,186.76
2023-08-24 02:00:00,8,2,273.24,52.01,32.35,67.39,156.65
2023-08-24 03:00:00,8,3,357.09,50.74,31.29,67.41,203.6
2023-08-24 04:00:00,8,4,345.11,36.55,31.17,66.65,197.16
2023-08-24 05:00:00,8,5,295.04,50.38,30.59,64.28,161.22
2023-08-24 06:00:00,8,6,317.75,47.05,30.04,69.41,193.25
2023-08-24 07:00:00,8,7,361.27,30.5,26.51,65.9,188.03
2023-08-24 08:00:00,8,8,358.86,34.76,30.27,70.39,205.64
2023-08-24 09:00:00,8,9,348.68,54.68,29.23,67.87,193.84
2023-08-24 10:00:00,8,10,326.38,46.4,31.53,65.39,171.08
2023-08-24 11:00:00,8,11,331.56,37.66,30.61,75.14,208.32
2023-08-24 12:00:00,8,12,327.29,34.72,30.1,66.81,183.13
2023-08-24 13:00:00,8,13,352.47,38.15,25.63,70.43,216.89
2023-08-24 14:00:00,8,14,312.39,38.86,28.82,63.82,170.76
2023-08-24 15:00:00,8,15,313.79,34.84,27.88,57.19,147.11
2023-08-24 16:00:00,8,16,350.11,25.88,29.5,64.49,190.73
2023-08-24 17:00:00,8,17,329.02,54.7,28.17,56.63,146.24
2023-08-24 18:00:00,8,18,357.47,53.01,28.45,66.14,197.85
2023-08-24 19:00:00,8,19,316.47,30.57,29.92,74.66,197.48
2023-08-24 20:00:00,8,20,328.81,44.66,28.14,62.79,167.66
2023-08-24 21:00:00,8,21,311.46,34.28,29.24,56.79,146.48
2023-08-24 22:00:00,8,22,330.05,40.69,25.96,74.82,202.46
2023-08-24 23:00:00,8,23,300.33,39.85,27.34,64.94,157.98
2023-08-25 00:00:00,8,0,320.15,39.02,30.31,67.24,182.88
2023-08-25 01:00:00,8,1,301.18,63.33,26.54,71.26,184.14
2023-08-25 02:00:00,8,2,343.78,38.9,31.49,69.94,203.03
2023-08-25 03:00:00,8,3,344.24,35.22,30.95,71.07,201.82
2023-08-25 04:00:00,8,4,295.3,35.68,28.46,71.82,173.54
2023-08-25 05:00:00,8,5,356.58,53.74,35.0,58.59,172.17
2023-08-25 06:00:00,8,6,379.85,26.78,31.49,60.25,189.73
2023-08-25 07:00:00,8,7,330.82,35.68,27.1,73.18,197.5
2023-08-25 08:00:00,8,8,317.08,57.77,30.49,63.41,172.93
2023-08-25 09:00:00,8,9,386.39,45.74,29.13,63.96,205.05
2023-08-25 10:00:00,8,10,303.52,45.22,27.45,61.01,158.23
2023-08-25 11:00:00,8,11,330.31,64.62,26.86,65.3,172.84
2023-08-25 12:00:00,8,12,333.5,45.76,30.99,65.57,178.91
2023-08-25 13:00:00,8,13,356.81,36.22,27.8,62.63,190.65
2023-08-25 14:00:00,8,14,337.1,40.48,28.8,62.06,178.8
2023-08-25 15:00:00,8,15,319.93,31.95,27.16,68.91,177.83
2023-08-25 16:00:00,8,16,310.88,55.86,27.5,63.28,165.56
2023-08-25 17:00:00,8,17,323.07,49.05,28.75,64.29,174.83
2023-08-25 18:00:00,8,18,309.77,54.55,29.78,56.39,142.11
2023-08-25 19:00:00,8,19,330.86,55.43,23.82,77.01,214.25
2023-08-25 20:00:00,8,20,318.62,39.16,29.03,72.03,183.47
2023-08-25 21:00:00,8,21,300.02,33.85,27.51,64.85,157.59
2023-08-25 22:00:00,8,22,355.01,42.78,31.8,62.83,188.97
2023-08-25 23:00:00,8,23,319.95,34.57,34.89,67.37,179.9
2023-08-26 00:00:00,8,0,304.54,44.95,28.28,67.24,171.15
2023-08-26 01:00:00,8,1,326.54,54.62,25.56,60.94,165.06
2023-08-26 02:00:00,8,2,331.27,41.62,29.23,54.57,153.42
2023-08-26 03:00:00,8,3,294.97,44.8,28.59,64.69,162.04
2023-08-26 04:00:00,8,4,336.54,42.36,32.94,59.5,170.94
2023-08-26 05:00:00,8,5,308.96,51.33,32.33,68.18,176.27
2023-08-26 06:00:00,8,6,364.12,36.62,30.73,68.21,205.16
2023-08-26 07:00:00,8,7,340.38,21.34,27.83,62.45,174.48
2023-08-26 08:00:00,8,8,321.91,48.01,30.36,64.65,168.24
2023-08-26 09:00:00,8,9,315.0,53.18,29.53,76.14,197.97
2023-08-26 10:00:00,8,10,327.8,47.77,29.48,71.2,191.58
2023-08-26 11:00:00,8,11,342.16,36.9,25.88,65.06,193.63
2023-08-26 12:00:00,8,12,329.39,31.95,31.12,78.78,211.15
2023-08-26 13:00:00,8,13,325.56,48.25,29.22,61.34,171.69
2023-08-26 14:00:00,8,14,331.07,44.72,28.8,63.26,173.29
2023-08-26 15:00:00,8,15,317.83,42.04,27.8,66.77,175.92
2023-08-26 16:00:00,8,16,323.04,61.53,27.41,59.67,162.72
2023-08-26 17:00:00,8,17,288.19,33.83,29.63,76.27,176.19
2023-08-26 18:00:00,8,18,349.38,61.05,25.5,68.24,194.79
2023-08-26 19:00:00,8,19,335.88,43.62,30.58,63.37,171.28
2023-08-26 20:00:00,8,20,314.43,24.95,26.89,69.56,180.48
2023-08-26 21:00:00,8,21,367.88,41.51,24.88,68.05,204.2
2023-08-26 22:00:00,8,22,331.64,52.9,32.64,65.8,188.54
2023-08-26 23:00:00,8,23,309.18,39.65,27.28,61.28,155.06
2023-08-27 00:00:00,8,0,347.04,28.55,27.56,60.14,162.14
2023-08-27 01:00:00,8,1,337.86,41.66,31.27,78.25,218.79
2023-08-27 02:00:00,8,2,337.8,34.73,32.71,60.56,174.61
2023-08-27 03:00:00,8,3,321.39,48.22,25.93,75.81,211.32
2023-08-27 04:00:00,8,4,338.91,51.04,27.09,63.1,177.17
2023-08-27 05:00:00,8,5,324.67,32.74,27.23,71.27,190.36
2023-08-27 06:00:00,8,6,341.02,36.24,30.87,69.65,197.98
2023-08-27 07:00:00,8,7,291.8,50.87,32.28,70.65,173.98
2023-08-27 08:00:00,8,8,321.23,34.71,26.84,70.98,184.48
2023-08-27 09:00:00,8,9,364.35,32.48,31.83,59.26,178.82
2023-08-27 10:00:00,8,10,314.56,31.51,27.58,63.94,167.46
2023-08-27 11:00:00,8,11,317.83,46.82,29.67,60.48,160.51
2023-08-27 12:00:00,8,12,320.94,46.39,26.46,68.27,181.97
2023-08-27 13:00:00,8,13,305.61,36.46,28.76,60.7,150.01
2023-08-27 14:00:00,8,14,285.74,43.35,28.78,57.42,138.49
2023-08-27 15:00:00,8,15,325.29,58.57,28.37,66.13,179.16
2023-08-27 16:00:00,8,16,332.62,33.56,29.77,56.28,155.85
2023-08-27 17:00:00,8,17,328.85,23.78,26.99,68.61,182.74
2023-08-27 18:00:00,8,18,327.01,47.85,27.23,61.03,169.62
2023-08-27 19:00:00,8,19,330.76,42.2,29.88,63.12,169.34
2023-08-27 20:00:00,8,20,350.36,36.2,31.68,55.92,171.45
2023-08-27 21:00:00,8,21,326.09,49.82,28.95,75.57,199.59
2023-08-27 22:00:00,8,22,318.42,51.69,30.01,60.01,163.14
2023-08-27 23:00:00,8,23,324.28,21.22,30.52,65.5,167.57
2023-08-28 00:00:00,8,0,341.49,36.78,30.66,58.36,154.89
2023-08-28 01:00:00,8,1,358.14,66.48,27.09,63.14,185.79
2023-08-28 02:00:00,8,2,317.34,49.14,27.45,76.08,190.02
2023-08-28 03:00:00,8,3,331.88,50.06,27.62,68.81,194.07
2023-08-28 04:00:00,8,4,336.67,55.03,32.86,63.7,178.72
2023-08-28 05:00:00,8,5,310.05,43.47,30.02,67.15,180.61
2023-08-28 06:00:00,8,6,330.31,51.27,29.93,64.52,176.87
2023-08-28 07:00:00,8,7,300.59,50.48,29.73,66.86,168.79
2023-08-28 08:00:00,8,8,294.52,48.69,26.36,71.04,173.12
2023-08-28 09:00:00,8,9,337.24,40.08,32.88,65.67,180.28
2023-08-28 10:00:00,8,10,322.23,45.02,29.96,68.42,181.8
2023-08-28 11:00:00,8,11,333.95,37.42,30.45,68.5,184.74
2023-08-28 12:00:00,8,12,329.55,43.43,25.47,65.69,182.45
2023-08-28 13:00:00,8,13,310.38,31.62,30.56,63.64,163.17
2023-08-28 14:00:00,8,14,329.0,35.4,28.29,64.69,176.98
2023-08-28 15:00:00,8,15,305.24,40.48,26.35,70.82,194.36
2023-08-28 16:00:00,8,16,357.72,33.86,27.09,71.23,210.46
2023-08-28 17:00:00,8,17,302.78,38.25,26.47,61.63,157.17
2023-08-28 18:00:00,8,18,325.99,41.66,26.44,66.02,179.18
2023-08-28 19:00:00,8,19,309.06,47.32,29.12,63.56,169.58
2023-08-28 20:00:00,8,20,341.31,52.79,28.23,71.32,204.17
2023-08-28 21:00:00,8,21,323.28,38.66,29.67,64.96,173.76
2023-08-28 22:00:00,8,22,319.53,56.65,32.35,78.33,220.15
2023-08-28 23:00:00,8,23,346.97,52.69,28.74,68.41,193.62
2023-08-29 00:00:00,8,0,330.49,48.34,24.51,73.23,200.84
2023-08-29 01:00:00,8,1,340.24,44.84,28.52,62.25,181.18
2023-08-29 02:00:00,8,2,310.28,46.49,31.39,67.38,170.24
2023-08-29 03:00:00,8,3,301.81,55.17,28.83,70.4,181.0
2023-08-29 04:00:00,8,4,332.05,55.54,32.06,62.15,169.69
2023-08-29 05:00:00,8,5,323.53,56.65,29.91,67.42,186.9
2023-08-29 06:00:00,8,6,342.43,43.71,25.32,72.58,212.13
2023-08-29 07:00:00,8,7,328.31,48.85,29.22,65.68,179.36
2023-08-29 08:00:00,8,8,334.01,56.74,29.59,63.06,170.63
2023-08-29 09:00:00,8,9,297.44,37.06,31.16,76.34,187.37
2023-08-29 10:00:00,8,10,367.67,40.12,32.64,61.46,188.36
2023-08-29 11:00:00,8,11,326.62,43.46,30.82,68.1,189.91
2023-08-29 12:00:00,8,12,343.86,52.3,29.88,63.78,184.47
2023-08-29 13:00:00,8,13,313.18,52.45,30.35,62.64,166.26
2023-08-29 14:00:00,8,14,336.06,40.99,28.66,71.03,200.79
2023-08-29 15:00:00,8,15,303.85,28.22,26.07,66.29,172.19
2023-08-29 16:00:00,8,16,338.95,45.76,29.08,69.35,195.0
2023-08-29 17:00:00,8,17,322.78,34.12,29.73,56.04,151.67
2023-08-29 18:00:00,8,18,330.49,28.4,26.59,69.84,192.59
2023-08-29 19:00:00,8,19,343.86,30.66,31.65,63.72,180.51
2023-08-29 20:00:00,8,20,305.25,46.57,31.01,57.93,152.5
2023-08-29 21:00:00,8,21,316.21,56.91,26.26,76.74,207.31
2023-08-29 22:00:00,8,22,339.05,43.69,31.73,70.33,204.85
2023-08-29 23:00:00,8,23,371.87,45.42,28.38,68.46,208.45
2023-08-30 00:00:00,8,0,327.14,55.13,27.44,73.57,202.44
2023-08-30 01:00:00,8,1,341.73,27.86,31.16,68.56,200.82
2023-08-30 02:00:00,8,2,327.76,48.5,28.9,63.33,180.59
2023-08-30 03:00:00,8,3,368.75,43.19,32.8,66.45,196.76
2023-08-30 04:00:00,8,4,294.96,48.96,27.29,63.93,157.22
2023-08-30 05:00:00,8,5,331.8,38.47,25.54,64.82,178.39
2023-08-30 06:00:00,8,6,297.39,35.12,28.44,61.03,159.3
2023-08-30 07:00:00,8,7,279.77,44.71,30.58,62.47,134.69
2023-08-30 08:00:00,8,8,335.85,59.79,27.15,71.79,195.82
2023-08-30 09:00:00,8,9,332.69,51.91,26.34,68.98,198.53
2023-08-30 10:00:00,8,10,324.21,38.22,29.46,64.81,172.85
2023-08-30 11:00:00,8,11,327.78,29.89,26.07,62.18,163.44
2023-08-30 12:00:00,8,12,391.87,26.48,29.61,65.29,220.91
2023-08-30 13:00:00,8,13,324.74,56.46,28.32,58.9,152.34
2023-08-30 14:00:00,8,14,340.11,33.75,29.99,67.95,197.83
2023-08-30 15:00:00,8,15,316.92,40.05,26.23,72.05,182.59
2023-08-30 16:00:00,8,16,335.81,56.51,31.6,79.16,214.43
2023-08-30 17:00:00,8,17,325.14,27.16,28.63,61.8,168.56
2023-08-30 18:00:00,8,18,321.69,58.22,30.53,71.84,188.46
2023-08-30 19:00:00,8,19,366.28,40.76,30.92,63.78,196.17
2023-08-30 20:00:00,8,20,353.45,31.82,26.69,61.68,190.79
2023-08-30 21:00:00,8,21,332.64,40.83,30.76,61.68,170.3
2023-08-30 22:00:00,8,22,283.82,36.08,26.15,68.02,169.13
2023-08-30 23:00:00,8,23,322.68,47.71,26.26,62.67,170.24
2023-08-31 00:00:00,8,0,383.96,36.82,32.93,64.29,210.6
2023-08-31 01:00:00,8,1,325.29,24.18,31.22,65.12,164.86
2023-08-31 02:00:00,8,2,351.97,41.1,33.15,63.62,189.9
2023-08-31 03:00:00,8,3,358.74,29.74,28.26,63.26,191.64
2023-08-31 04:00:00,8,4,334.28,45.34,29.2,55.17,151.99
2023-08-31 05:00:00,8,5,313.07,31.43,30.05,67.76,186.35
2023-08-31 06:00:00,8,6,281.2,38.42,28.98,67.66,156.18
2023-08-31 07:00:00,8,7,343.59,45.13,27.51,63.33,173.41
2023-08-31 08:00:00,8,8,313.61,41.18,27.21,69.12,184.67
2023-08-31 09:00:00,8,9,333.43,45.81,29.43,74.31,199.47
2023-08-31 10:00:00,8,10,304.91,50.1,26.87,67.44,171.84
2023-08-31 11:00:00,8,11,324.6,31.72,26.81,73.97,206.92
2023-08-31 12:00:00,8,12,330.58,42.66,29.79,78.51,218.91
2023-08-31 13:00:00,8,13,335.28,10.01,28.81,79.97,222.34
2023-08-31 14:00:00,8,14,307.61,45.77,30.87,61.38,155.68
2023-08-31 15:00:00,8,15,353.84,40.29,28.15,61.41,187.5
2023-08-31 16:00:00,8,16,317.97,33.47,27.84,65.1,166.5
2023-08-31 17:00:00,8,17,296.41,46.46,29.85,67.96,171.86
2023-08-31 18:00:00,8,18,327.72,55.03,27.38,75.25,216.62
2023-08-31 19:00:00,8,19,330.59,38.54,27.68,70.46,196.94
2023-08-31 20:00:00,8,20,333.12,33.85,27.76,61.3,169.09
2023-08-31 21:00:00,8,21,357.15,44.95,28.58,64.26,190.58
2023-08-31 22:00:00,8,22,325.17,29.95,32.54,67.11,179.57
2023-08-31 23:00:00,8,23,327.51,36.7,26.25,59.87,160.26
2023-09-01 00:00:00,9,0,327.94,62.22,27.59,70.07,192.19
2023-09-01 01:00:00,9,1,366.41,50.62,26.48,64.06,199.11
2023-09-01 02:00:00,9,2,353.69,31.21,28.13,61.75,190.16
2023-09-01 03:00:00,9,3,341.6,32.03,31.27,65.27,176.12
2023-09-01 04:00:00,9,4,311.91,51.62,27.86,72.06,175.21
2023-09-01 05:00:00,9,5,378.89,58.62,26.85,72.02,235.69
2023-09-01 06:00:00,9,6,325.45,33.82,22.38,70.48,191.56
2023-09-01 07:00:00,9,7,338.17,54.5,22.63,74.96,211.92
2023-09-01 08:00:00,9,8,357.17,63.3,25.72,74.43,224.17
2023-09-01 09:00:00,9,9,326.07,68.88,21.6,71.02,192.17
2023-09-01 10:00:00,9,10,320.13,53.31,26.23,70.33,197.62
2023-09-01 11:00:00,9,11,307.52,55.07,20.73,70.65,183.62
2023-09-01 12:00:00,9,12,364.42,28.67,27.3,69.26,208.23
2023-09-01 13:00:00,9,13,339.1,71.0,24.36,59.13,165.4
2023-09-01 14:00:00,9,14,408.55,44.25,25.25,75.68,257.09
2023-09-01 15:00:00,9,15,330.11,40.67,23.5,71.99,194.27
2023-09-01 16:00:00,9,16,331.57,47.45,21.2,63.92,185.17
2023-09-01 17:00:00,9,17,338.69,65.12,27.47,77.14,218.47
2023-09-01 18:00:00,9,18,354.86,72.08,27.67,67.05,192.55
2023-09-01 19:00:00,9,19,340.6,51.25,24.3,69.46,199.3
2023-09-01 20:00:00,9,20,362.25,59.98,26.32,75.12,234.1
2023-09-01 21:00:00,9,21,330.43,50.43,24.22,71.1,201.21
2023-09-01 22:00:00,9,22,322.37,39.62,25.58,76.68,202.31
2023-09-01 23:00:00,9,23,314.04,64.77,26.52,68.24,173.15
2023-09-02 00:00:00,9,0,305.53,43.78,26.11,78.46,207.01
2023-09-02 01:00:00,9,1,339.64,65.36,27.68,66.11,179.11
2023-09-02 02:00:00,9,2,343.98,62.99,26.04,76.59,221.53
2023-09-02 03:00:00,9,3,337.37,56.14,25.06,58.67,162.22
2023-09-02 04:00:00,9,4,374.87,68.29,23.48,64.5,208.18
2023-09-02 05:00:00,9,5,374.56,72.32,24.04,71.49,218.01
2023-09-02 06:00:00,9,6,343.3,48.25,26.62,68.0,190.67
2023-09-02 07:00:00,9,7,314.12,41.91,22.0,69.63,185.46
2023-09-02 08:00:00,9,8,338.67,31.36,27.21,70.21,202.24
2023-09-02 09:00:00,9,9,338.0,72.45,24.44,64.05,187.31
2023-09-02 10:00:00,9,10,336.86,45.6,23.36,64.42,183.31
2023-09-02 11:00:00,9,11,336.05,61.35,22.8,71.16,201.15
2023-09-02 12:00:00,9,12,336.93,42.59,26.35,66.67,192.55
2023-09-02 13:00:00,9,13,342.27,65.38,24.97,76.71,212.06
2023-09-02 14:00:00,9,14,337.29,43.0,28.18,69.04,189.78
2023-09-02 15:00:00,9,15,354.17,38.08,22.47,73.59,210.9
2023-09-02 16:00:00,9,16,357.21,47.91,23.84,72.21,201.67
2023-09-02 17:00:00,9,17,331.79,44.68,24.82,66.99,189.56
2023-09-02 18:00:00,9,18,375.42,55.96,23.5,60.1,195.28
2023-09-02 19:00:00,9,19,330.4,49.49,25.01,75.92,211.95
2023-09-02 20:00:00,9,20,317.64,56.28,25.64,65.11,174.34
2023-09-02 21:00:00,9,21,357.62,47.09,25.97,67.98,203.14
2023-09-02 22:00:00,9,22,333.65,43.35,28.01,69.25,192.93
2023-09-02 23:00:00,9,23,356.43,44.16,22.39,69.74,215.76
2023-09-03 00:00:00,9,0,301.93,70.45,25.68,74.81,196.09
2023-09-03 01:00:00,9,1,377.85,52.25,23.71,70.03,217.72
2023-09-03 02:00:00,9,2,363.45,30.16,25.86,69.36,215.76
2023-09-03 03:00:00,9,3,319.99,44.8,25.86,75.09,206.51
2023-09-03 04:00:00,9,4,320.42,50.97,23.03,73.0,198.31
2023-09-03 05:00:00,9,5,383.45,68.45,23.2,66.32,213.99
2023-09-03 06:00:00,9,6,335.25,60.29,26.02,64.26,181.42
2023-09-03 07:00:00,9,7,333.32,40.78,25.05,65.88,175.7
2023-09-03 08:00:00,9,8,304.68,74.18,24.56,69.75,169.36
2023-09-03 09:00:00,9,9,342.98,49.69,26.32,63.77,186.3
2023-09-03 10:00:00,9,10,345.45,62.46,26.46,70.45,197.44
2023-09-03 11:00:00,9,11,364.31,38.45,23.94,69.35,203.74
2023-09-03 12:00:00,9,12,322.02,26.02,23.3,57.29,143.45
2023-09-03 13:00:00,9,13,319.59,35.92,22.48,62.97,165.43
2023-09-03 14:00:00,9,14,359.02,17.5,25.07,55.57,168.23
2023-09-03 15:00:00,9,15,370.13,71.12,22.15,68.28,213.01
2023-09-03 16:00:00,9,16,318.58,52.15,25.2,75.37,204.47
2023-09-03 17:00:00,9,17,371.63,40.75,27.43,60.55,185.67
2023-09-03 18:00:00,9,18,350.75,54.53,24.29,63.39,185.93
2023-09-03 19:00:00,9,19,371.84,51.89,23.93,69.18,218.73
2023-09-03 20:00:00,9,20,348.6,56.21,29.0,64.68,190.33
2023-09-03 21:00:00,9,21,299.55,62.1,28.02,64.66,158.58
2023-09-03 22:00:00,9,22,346.96,47.1,23.47,72.71,211.85
2023-09-03 23:00:00,9,23,371.2,41.2,25.28,67.53,199.09
2023-09-04 00:00:00,9,0,332.13,58.28,25.66,62.57,173.27
2023-09-04 01:00:00,9,1,342.24,58.02,25.41,59.56,166.88
2023-09-04 02:00:00,9,2,346.48,51.01,28.63,81.04,241.73
2023-09-04 03:00:00,9,3,292.01,71.78,25.17,75.64,179.3
2023-09-04 04:00:00,9,4,383.43,45.62,25.47,67.74,217.17
2023-09-04 05:00:00,9,5,331.97,41.0,26.38,70.44,192.84
2023-09-04 06:00:00,9,6,360.11,54.18,27.38,67.56,200.07
2023-09-04 07:00:00,9,7,348.27,43.25,26.87,72.55,212.58
2023-09-04 08:00:00,9,8,375.15,54.96,26.08,65.73,203.52
2023-09-04 09:00:00,9,9,358.12,41.67,21.88,67.28,210.18
2023-09-04 10:00:00,9,10,345.3,46.0,24.02,72.28,198.23
2023-09-04 11:00:00,9,11,332.13,68.91,26.64,77.27,217.15
2023-09-04 12:00:00,9,12,365.96,45.94,25.5,73.71,224.5
2023-09-04 13:00:00,9,13,312.53,42.01,26.65,76.17,198.25
2023-09-04 14:00:00,9,14,362.92,61.71,28.77,68.44,208.62
2023-09-04 15:00:00,9,15,328.02,39.49,22.65,66.88,187.93
2023-09-04 16:00:00,9,16,375.05,43.07,27.28,60.31,189.93
2023-09-04 17:00:00,9,17,353.23,55.77,24.34,70.36,212.25
2023-09-04 18:00:00,9,18,362.88,59.38,26.87,71.9,217.78
2023-09-04 19:00:00,9,19,351.64,62.2,24.92,68.5,195.68
2023-09-04 20:00:00,9,20,314.95,42.53,29.25,66.12,173.19
2023-09-04 21:00:00,9,21,332.79,55.96,25.26,76.22,217.26
2023-09-04 22:00:00,9,22,363.45,45.34,23.72,73.16,219.66
2023-09-04 23:00:00,9,23,353.33,43.94,25.84,76.56,220.16
2023-09-05 00:00:00,9,0,373.62,62.03,25.65,65.23,206.32
2023-09-05 01:00:00,9,1,358.07,44.5,27.28,66.46,200.11
2023-09-05 02:00:00,9,2,330.67,52.78,25.9,76.02,205.74
2023-09-05 03:00:00,9,3,334.08,51.56,29.95,69.76,193.18
2023-09-05 04:00:00,9,4,352.06,39.29,24.78,67.15,196.23
2023-09-05 05:00:00,9,5,303.72,59.66,24.8,67.5,170.99
2023-09-05 06:00:00,9,6,383.47,55.6,23.79,69.94,226.88
2023-09-05 07:00:00,9,7,358.83,30.14,25.17,75.01,222.43
2023-09-05 08:00:00,9,8,374.54,52.77,25.46,69.2,219.6
2023-09-05 09:00:00,9,9,318.39,42.27,25.56,73.95,193.67
2023-09-05 10:00:00,9,10,374.89,60.97,25.13,72.34,234.46
2023-09-05 11:00:00,9,11,394.63,35.55,23.78,65.61,224.33
2023-09-05 12:00:00,9,12,323.58,46.44,23.24,65.6,172.73
2023-09-05 13:00:00,9,13,365.43,53.62,24.25,67.75,200.31
2023-09-05 14:00:00,9,14,350.02,50.54,27.28,63.32,189.69
2023-09-05 15:00:00,9,15,319.11,57.63,27.71,67.43,180.71
2023-09-05 16:00:00,9,16,359.86,34.82,24.85,77.57,235.51
2023-09-05 17:00:00,9,17,366.67,66.52,23.12,69.84,210.27
2023-09-05 18:00:00,9,18,337.98,55.25,24.84,66.17,185.81
2023-09-05 19:00:00,9,19,373.32,63.6,29.18,79.58,246.0
2023-09-05 20:00:00,9,20,316.66,58.74,27.0,65.35,174.07
2023-09-05 21:00:00,9,21,320.1,49.88,26.1,65.19,167.78
2023-09-05 22:00:00,9,22,352.73,37.16,26.93,76.15,223.47
2023-09-05 23:00:00,9,23,350.51,44.36,28.08,73.31,207.97
2023-09-06 00:00:00,9,0,335.67,65.9,22.69,69.35,191.53
2023-09-06 01:00:00,9,1,366.19,63.85,24.22,74.16,225.96
2023-09-06 02:00:00,9,2,360.62,43.8,23.94,71.5,217.55
2023-09-06 03:00:00,9,3,367.16,21.82,26.17,64.07,199.1
2023-09-06 04:00:00,9,4,347.54,47.87,25.32,58.01,171.92
2023-09-06 05:00:00,9,5,362.05,47.12,26.51,67.16,195.35
2023-09-06 06:00:00,9,6,341.09,47.5,23.99,75.42,220.84
2023-09-06 07:00:00,9,7,391.08,55.29,27.74,67.86,218.06
2023-09-06 08:00:00,9,8,333.75,58.76,24.86,72.3,198.35
2023-09-06 09:00:00,9,9,392.11,59.9,26.39,70.92,233.23
2023-09-06 10:00:00,9,10,350.7,54.46,27.39,61.53,178.25
2023-09-06 11:00:00,9,11,322.49,31.99,27.23,67.97,184.58
2023-09-06 12:00:00,9,12,377.36,46.59,25.72,71.79,228.65
2023-09-06 13:00:00,9,13,352.52,73.04,26.64,66.06,190.38
2023-09-06 14:00:00,9,14,367.02,53.74,28.48,68.19,207.76
2023-09-06 15:00:00,9,15,374.48,53.68,26.03,71.96,223.93
2023-09-06 16:00:00,9,16,356.76,53.59,23.54,70.36,214.11
2023-09-06 17:00:00,9,17,338.16,54.15,26.17,75.23,209.81
2023-09-06 18:00:00,9,18,369.51,26.17,24.93,71.92,219.05
2023-09-06 19:00:00,9,19,350.02,47.6,20.3,65.22,185.25
2023-09-06 20:00:00,9,20,363.72,49.62,25.92,67.61,200.51
2023-09-06 21:00:00,9,21,306.93,62.81,25.23,70.1,172.66
2023-09-06 22:00:00,9,22,358.94,50.48,27.31,76.69,226.03
2023-09-06 23:00:00,9,23,337.23,33.53,23.5,67.63,198.15
2023-09-07 00:00:00,9,0,383.07,54.3,21.99,61.34,199.38
2023-09-07 01:00:00,9,1,362.46,41.96,25.34,72.2,224.61
2023-09-07 02:00:00,9,2,354.8,37.83,25.76,66.22,191.17
2023-09-07 03:00:00,9,3,359.73,41.66,25.19,63.57,180.95
2023-09-07 04:00:00,9,4,330.03,55.43,25.04,70.09,194.48
2023-09-07 05:00:00,9,5,382.47,62.59,22.86,74.86,248.02
2023-09-07 06:00:00,9,6,389.83,54.83,24.72,67.13,215.79
2023-09-07 07:00:00,9,7,357.86,56.32,24.3,72.48,216.8
2023-09-07 08:00:00,9,8,381.81,54.73,27.15,73.41,225.87
2023-09-07 09:00:00,9,9,338.62,51.01,25.76,73.96,208.97
2023-09-07 10:00:00,9,10,334.06,56.97,24.44,66.34,184.16
2023-09-07 11:00:00,9,11,350.82,25.81,28.45,64.39,177.91
2023-09-07 12:00:00,9,12,358.7,51.11,24.46,65.08,189.46
2023-09-07 13:00:00,9,13,342.12,39.55,26.12,73.95,205.39
2023-09-07 14:00:00,9,14,360.76,61.63,24.67,73.34,212.71
2023-09-07 15:00:00,9,15,356.13,48.53,28.26,65.21,190.03
2023-09-07 16:00:00,9,16,330.03,50.31,25.17,80.66,224.53
2023-09-07 17:00:00,9,17,360.38,34.95,25.23,64.62,191.01
2023-09-07 18:00:00,9,18,367.27,60.17,24.72,75.0,235.42
2023-09-07 19:00:00,9,19,353.43,56.27,25.39,77.6,226.87
2023-09-07 20:00:00,9,20,373.05,55.57,27.4,70.55,221.09
2023-09-07 21:00:00,9,21,325.65,41.87,26.69,66.15,182.12
2023-09-07 22:00:00,9,22,359.36,42.26,25.06,66.26,206.22
2023-09-07 23:00:00,9,23,326.59,52.24,28.4,68.69,183.48
2023-09-08 00:00:00,9,0,327.72,43.06,26.75,75.4,208.27
2023-09-08 01:00:00,9,1,337.38,54.35,24.12,64.0,175.32
2023-09-08 02:00:00,9,2,331.16,28.39,22.24,60.81,176.52
2023-09-08 03:00:00,9,3,339.04,45.12,24.17,71.81,197.82
2023-09-08 04:00:00,9,4,345.72,67.97,25.83,72.91,212.09
2023-09-08 05:00:00,9,5,366.74,54.39,26.19,79.84,251.95
2023-09-08 06:00:00,9,6,343.58,51.67,27.72,63.09,174.76
2023-09-08 07:00:00,9,7,318.29,69.85,22.81,69.33,186.97
2023-09-08 08:00:00,9,8,372.8,26.64,24.12,75.81,230.7
2023-09-08 09:00:00,9,9,333.26,41.85,22.64,70.6,207.84
2023-09-08 10:00:00,9,10,348.83,45.99,22.32,69.02,191.31
2023-09-08 11:00:00,9,11,358.93,58.58,23.74,73.95,213.74
2023-09-08 12:00:00,9,12,353.99,58.76,25.73,67.0,192.17
2023-09-08 13:00:00,9,13,371.88,41.34,26.54,74.26,224.82
2023-09-08 14:00:00,9,14,359.58,59.98,23.1,63.73,193.7
2023-09-08 15:00:00,9,15,332.77,45.97,23.38,62.4,182.16
2023-09-08 16:00:00,9,16,393.57,62.12,21.44,68.63,231.01
2023-09-08 17:00:00,9,17,353.89,39.67,25.43,57.18,169.91
2023-09-08 18:00:00,9,18,347.05,48.77,23.54,70.42,203.85
2023-09-08 19:00:00,9,19,369.28,45.1,28.33,61.34,185.84
2023-09-08 20:00:00,9,20,354.99,60.56,25.82,71.41,213.34
2023-09-08 21:00:00,9,21,357.98,44.77,24.66,70.93,210.68
2023-09-08 22:00:00,9,22,399.84,49.58,23.72,69.66,233.2
2023-09-08 23:00:00,9,23,344.5,55.07,22.01,72.18,203.65
2023-09-09 00:00:00,9,0,343.64,55.45,22.26,71.02,197.5
2023-09-09 01:00:00,9,1,352.33,58.87,23.76,68.53,201.48
2023-09-09 02:00:00,9,2,371.43,52.11,23.6,79.16,245.17
2023-09-09 03:00:00,9,3,319.87,45.82,23.0,71.97,188.97
2023-09-09 04:00:00,9,4,310.69,46.5,25.75,73.86,187.51
2023-09-09 05:00:00,9,5,338.26,50.26,26.03,75.37,215.36
2023-09-09 06:00:00,9,6,317.32,52.5,24.08,73.34,196.33
2023-09-09 07:00:00,9,7,341.5,48.53,28.87,80.31,238.09
2023-09-09 08:00:00,9,8,360.05,50.19,21.51,70.83,219.56
2023-09-09 09:00:00,9,9,332.19,34.83,25.12,69.97,187.83
2023-09-09 10:00:00,9,10,321.46,56.67,24.56,66.75,177.98
2023-09-09 11:00:00,9,11,351.39,51.81,23.9,68.72,194.52
2023-09-09 12:00:00,9,12,367.25,60.02,23.6,66.34,193.97
2023-09-09 13:00:00,9,13,316.1,50.0,24.99,73.39,204.41
2023-09-09 14:00:00,9,14,366.4,32.62,24.55,65.44,207.33
2023-09-09 15:00:00,9,15,366.35,46.42,24.22,70.37,211.81
2023-09-09 16:00:00,9,16,369.08,48.0,22.4,72.8,230.26
2023-09-09 17:00:00,9,17,374.37,57.43,21.76,70.75,227.82
2023-09-09 18:00:00,9,18,394.04,29.3,24.42,65.52,205.68
2023-09-09 19:00:00,9,19,342.88,50.41,24.2,73.49,214.38
2023-09-09 20:00:00,9,20,352.19,55.14,24.61,69.57,201.86
2023-09-09 21:00:00,9,21,341.67,43.39,24.78,55.64,160.43
2023-09-09 22:00:00,9,22,350.04,50.75,23.95,65.08,205.01
2023-09-09 23:00:00,9,23,380.66,43.73,24.58,77.01,252.35
2023-09-10 00:00:00,9,0,323.1,42.7,23.29,77.42,207.95
2023-09-10 01:00:00,9,1,332.78,45.92,28.05,72.63,208.65
2023-09-10 02:00:00,9,2,377.54,42.89,23.4,73.92,223.1
2023-09-10 03:00:00,9,3,370.4,56.84,24.26,66.11,206.7
2023-09-10 04:00:00,9,4,342.74,42.65,23.55,68.7,198.97
2023-09-10 05:00:00,9,5,367.09,40.97,23.52,76.18,236.7
2023-09-10 06:00:00,9,6,356.82,67.68,25.05,72.13,212.07
2023-09-10 07:00:00,9,7,380.01,59.61,24.8,70.32,224.75
2023-09-10 08:00:00,9,8,351.49,31.38,24.08,69.07,206.71
2023-09-10 09:00:00,9,9,370.51,42.35,24.43,75.87,222.79
2023-09-10 10:00:00,9,10,402.84,52.42,23.56,75.61,252.4
2023-09-10 11:00:00,9,11,361.96,53.24,25.8,73.25,216.56
2023-09-10 12:00:00,9,12,350.99,35.1,29.11,70.33,209.15
2023-09-10 13:00:00,9,13,364.45,61.59,23.25,68.22,214.2
2023-09-10 14:00:00,9,14,342.69,58.25,25.79,73.47,206.87
2023-09-10 15:00:00,9,15,397.76,54.82,25.09,64.49,208.45
2023-09-10 16:00:00,9,16,353.6,63.57,26.34,65.53,193.79
2023-09-10 17:00:00,9,17,344.54,54.52,26.39,62.74,174.5
2023-09-10 18:00:00,9,18,333.29,54.49,25.41,76.18,210.57
2023-09-10 19:00:00,9,19,371.94,65.58,24.92,66.4,204.27
2023-09-10 20:00:00,9,20,367.34,61.01,24.13,72.02,223.5
2023-09-10 21:00:00,9,21,340.05,41.58,23.47,69.37,198.28
2023-09-10 22:00:00,9,22,361.53,56.33,24.81,84.49,255.5
2023-09-10 23:00:00,9,23,319.83,43.36,22.43,72.21,200.76
2023-09-11 00:00:00,9,0,353.7,55.04,23.81,60.69,180.34
2023-09-11 01:00:00,9,1,359.06,54.77,27.21,75.88,225.09
2023-09-11 02:00:00,9,2,384.15,36.17,25.2,68.06,216.55
2023-09-11 03:00:00,9,3,334.58,48.78,26.79,69.0,188.67
2023-09-11 04:00:00,9,4,324.43,52.65,27.94,66.64,175.18
2023-09-11 05:00:00,9,5,332.09,45.64,24.65,70.98,189.6
2023-09-11 06:00:00,9,6,323.27,53.15,25.41,70.91,196.82
2023-09-11 07:00:00,9,7,376.73,58.06,24.4,66.77,206.17
2023-09-11 08:00:00,9,8,380.97,49.69,23.37,67.46,215.88
2023-09-11 09:00:00,9,9,356.4,52.25,23.09,70.51,208.04
2023-09-11 10:00:00,9,10,374.43,63.83,26.69,58.29,181.83
2023-09-11 11:00:00,9,11,352.68,54.73,25.42,62.79,190.43
2023-09-11 12:00:00,9,12,348.1,52.01,28.69,78.35,228.3
2023-09-11 13:00:00,9,13,343.34,40.42,26.94,71.64,200.48
2023-09-11 14:00:00,9,14,343.79,56.71,23.54,67.38,190.33
2023-09-11 15:00:00,9,15,319.04,53.3,26.68,61.52,167.96
2023-09-11 16:00:00,9,16,355.29,62.84,24.39,69.72,208.96
2023-09-11 17:00:00,9,17,349.19,50.47,27.43,74.93,222.78
2023-09-11 18:00:00,9,18,364.91,31.84,24.03,83.2,251.95
2023-09-11 19:00:00,9,19,351.87,33.0,22.9,79.46,226.16
2023-09-11 20:00:00,9,20,346.75,57.36,23.41,65.57,192.1
2023-09-11 21:00:00,9,21,332.58,44.3,23.51,67.52,188.51
2023-09-11 22:00:00,9,22,351.44,54.37,23.32,62.64,184.97
2023-09-11 23:00:00,9,23,364.76,51.14,23.85,65.79,193.2
2023-09-12 00:00:00,9,0,327.13,48.33,26.71,68.94,184.84
2023-09-12 01:00:00,9,1,351.75,49.04,28.59,68.16,195.24
2023-09-12 02:00:00,9,2,354.66,41.35,22.34,80.27,239.39
2023-09-12 03:00:00,9,3,335.64,49.84,27.53,63.42,179.67
2023-09-12 04:00:00,9,4,338.24,44.16,24.04,69.77,196.58
2023-09-12 05:00:00,9,5,354.61,46.28,25.7,59.68,181.32
2023-09-12 06:00:00,9,6,327.33,46.76,21.69,71.65,203.03
2023-09-12 07:00:00,9,7,357.0,47.73,26.05,63.29,190.17
2023-09-12 08:00:00,9,8,332.09,59.22,20.99,75.51,212.46
2023-09-12 09:00:00,9,9,371.26,48.7,25.63,68.54,209.49
2023-09-12 10:00:00,9,10,396.76,60.24,25.51,62.99,204.77
2023-09-12 11:00:00,9,11,332.78,65.38,25.38,59.49,170.12
2023-09-12 12:00:00,9,12,360.68,58.55,23.53,65.11,191.44
2023-09-12 13:00:00,9,13,335.47,55.34,26.1,71.2,202.64
2023-09-12 14:00:00,9,14,370.82,53.27,25.78,72.11,231.56
2023-09-12 15:00:00,9,15,324.69,58.65,24.58,67.51,186.04
2023-09-12 16:00:00,9,16,359.61,50.89,26.34,74.63,223.38
2023-09-12 17:00:00,9,17,332.54,59.85,24.81,64.32,171.65
2023-09-12 18:00:00,9,18,345.86,56.14,26.06,55.36,160.49
2023-09-12 19:00:00,9,19,329.38,46.4,24.75,71.41,201.18
2023-09-12 20:00:00,9,20,366.45,58.96,25.43,76.45,232.71
2023-09-12 21:00:00,9,21,333.26,50.91,26.15,76.5,217.68
2023-09-12 22:00:00,9,22,361.04,48.94,24.2,63.5,193.0
2023-09-12 23:00:00,9,23,343.12,45.24,22.53,67.28,193.94
2023-09-13 00:00:00,9,0,347.71,51.66,25.55,73.62,211.87
2023-09-13 01:00:00,9,1,352.96,59.96,27.38,66.86,189.51
2023-09-13 02:00:00,9,2,334.76,58.89,25.6,70.53,194.75
2023-09-13 03:00:00,9,3,354.21,53.53,25.64,66.42,194.0
2023-09-13 04:00:00,9,4,380.61,56.0,24.92,64.55,207.75
2023-09-13 05:00:00,9,5,334.44,62.72,26.48,65.52,182.64
2023-09-13 06:00:00,9,6,373.44,48.5,24.63,74.78,238.27
2023-09-13 07:00:00,9,7,379.96,38.85,24.09,70.07,223.41
2023-09-13 08:00:00,9,8,333.68,63.01,27.21,76.36,209.94
2023-09-13 09:00:00,9,9,320.9,44.7,23.94,72.6,190.2
2023-09-13 10:00:00,9,10,356.04,43.1,26.78,78.03,228.65
2023-09-13 11:00:00,9,11,339.05,32.04,27.21,74.09,210.27
2023-09-13 12:00:00,9,12,387.37,55.71,26.13,73.8,236.51
2023-09-13 13:00:00,9,13,350.7,33.79,22.5,69.4,197.56
2023-09-13 14:00:00,9,14,333.96,42.5,25.05,85.05,241.86
2023-09-13 15:00:00,9,15,327.06,55.88,24.6,70.56,193.2
2023-09-13 16:00:00,9,16,371.8,57.22,24.01,60.13,187.8
2023-09-13 17:00:00,9,17,338.58,43.48,25.29,71.34,197.3
2023-09-13 18:00:00,9,18,350.88,48.66,26.54,65.09,185.23
2023-09-13 19:00:00,9,19,369.12,41.27,24.08,75.09,230.29
2023-09-13 20:00:00,9,20,340.31,44.52,24.66,73.63,198.8
2023-09-13 21:00:00,9,21,349.08,52.66,24.52,69.04,204.87
2023-09-13 22:00:00,9,22,349.67,44.98,27.33,65.56,187.64
2023-09-13 23:00:00,9,23,363.67,47.56,24.49,70.73,213.15
2023-09-14 00:00:00,9,0,361.81,35.35,22.53,66.79,203.65
2023-09-14 01:00:00,9,1,345.6,61.33,21.85,73.94,211.95
2023-09-14 02:00:00,9,2,351.27,55.1,25.73,72.78,207.34
2023-09-14 03:00:00,9,3,342.56,57.93,23.48,84.68,249.41
2023-09-14 04:00:00,9,4,320.45,62.9,26.34,67.77,173.43
2023-09-14 05:00:00,9,5,355.15,41.75,22.34,68.48,191.62
2023-09-14 06:00:00,9,6,387.84,46.42,23.92,69.23,228.25
2023-09-14 07:00:00,9,7,332.33,31.05,22.34,69.45,185.14
2023-09-14 08:00:00,9,8,334.54,81.4,25.87,75.14,215.86
2023-09-14 09:00:00,9,9,332.59,48.5,26.3,68.62,192.18
2023-09-14 10:00:00,9,10,364.49,60.39,25.68,79.86,244.14
2023-09-14 11:00:00,9,11,358.97,37.62,22.83,72.91,215.4
2023-09-14 12:00:00,9,12,346.83,59.96,23.51,67.57,191.29
2023-09-14 13:00:00,9,13,331.64,68.58,25.47,66.29,181.45
2023-09-14 14:00:00,9,14,351.85,49.4,21.62,75.2,216.25
2023-09-14 15:00:00,9,15,318.71,39.89,24.52,70.14,192.45
2023-09-14 16:00:00,9,16,352.87,48.61,28.03,70.05,202.39
2023-09-14 17:00:00,9,17,367.43,27.73,24.64,67.01,207.83
2023-09-14 18:00:00,9,18,324.98,49.62,22.02,69.69,193.88
2023-09-14 19:00:00,9,19,319.35,58.21,23.79,66.81,173.49
2023-09-14 20:00:00,9,20,381.59,49.64,23.74,76.81,246.28
2023-09-14 21:00:00,9,21,337.76,47.16,29.28,73.59,202.78
2023-09-14 22:00:00,9,22,372.72,55.28,28.33,69.13,213.97
2023-09-14 23:00:00,9,23,346.92,56.04,26.46,69.05,197.46
2023-09-15 00:00:00,9,0,346.76,33.4,24.31,70.46,200.26
2023-09-15 01:00:00,9,1,358.77,50.89,27.4,69.97,210.12
2023-09-15 02:00:00,9,2,332.32,74.36,22.73,65.22,174.64
2023-09-15 03:00:00,9,3,352.65,36.65,27.15,60.5,182.54
2023-09-15 04:00:00,9,4,342.37,49.15,26.86,66.01,183.05
2023-09-15 05:00:00,9,5,323.59,69.42,24.7,69.36,180.81
2023-09-15 06:00:00,9,6,356.75,61.04,27.28,66.31,196.0
2023-09-15 07:00:00,9,7,344.73,44.87,24.11,74.1,211.13
2023-09-15 08:00:00,9,8,346.86,52.06,22.47,68.85,200.92
2023-09-15 09:00:00,9,9,325.8,49.98,26.96,79.37,216.04
2023-09-15 10:00:00,9,10,381.83,42.52,24.83,67.19,205.8
2023-09-15 11:00:00,9,11,367.53,49.26,26.2,70.7,221.62
2023-09-15 12:00:00,9,12,369.28,47.2,28.64,68.56,209.71
2023-09-15 13:00:00,9,13,343.89,51.13,23.56,72.2,208.24
2023-09-15 14:00:00,9,14,315.42,42.52,24.71,75.33,209.13
2023-09-15 15:00:00,9,15,389.06,37.23,28.14,73.04,243.39
2023-09-15 16:00:00,9,16,348.78,49.59,26.34,59.85,175.1
2023-09-15 17:00:00,9,17,335.02,67.15,23.6,72.5,195.67
2023-09-15 18:00:00,9,18,358.34,50.82,23.09,64.95,187.27
2023-09-15 19:00:00,9,19,373.34,46.68,23.94,68.45,218.91
2023-09-15 20:00:00,9,20,349.54,57.54,23.52,73.45,212.06
2023-09-15 21:00:00,9,21,375.57,48.42,25.47,64.4,200.84
2023-09-15 22:00:00,9,22,371.66,68.68,25.16,75.78,229.12
2023-09-15 23:00:00,9,23,328.47,49.96,25.56,68.23,189.12
2023-09-16 00:00:00,9,0,336.52,57.0,23.32,80.85,232.59
2023-09-16 01:00:00,9,1,369.15,42.45,24.86,70.34,224.15
2023-09-16 02:00:00,9,2,295.75,55.03,20.89,78.53,191.41
2023-09-16 03:00:00,9,3,347.01,52.75,25.29,75.99,223.1
2023-09-16 04:00:00,9,4,321.38,49.43,27.35,66.94,178.93
2023-09-16 05:00:00,9,5,340.47,44.98,22.15,63.49,184.65
2023-09-16 06:00:00,9,6,344.02,43.62,25.97,70.57,202.41
2023-09-16 07:00:00,9,7,342.84,52.82,23.78,67.09,187.66
2023-09-16 08:00:00,9,8,338.95,56.29,26.61,77.9,226.77
2023-09-16 09:00:00,9,9,328.06,48.73,25.32,68.77,188.6
2023-09-16 10:00:00,9,10,395.84,52.87,25.81,68.5,224.33
2023-09-16 11:00:00,9,11,387.35,49.62,25.13,63.02,204.44
2023-09-16 12:00:00,9,12,326.76,50.99,27.66,72.1,192.76
2023-09-16 13:00:00,9,13,381.64,48.0,25.69,64.13,206.16
2023-09-16 14:00:00,9,14,342.01,50.18,23.59,72.21,204.96
2023-09-16 15:00:00,9,15,352.58,76.98,25.2,72.9,210.35
2023-09-16 16:00:00,9,16,348.73,53.12,24.26,66.25,204.54
2023-09-16 17:00:00,9,17,336.81,56.45,25.32,74.78,204.99
2023-09-16 18:00:00,9,18,369.68,54.38,24.16,68.63,213.31
2023-09-16 19:00:00,9,19,352.52,47.37,23.65,62.64,184.42
2023-09-16 20:00:00,9,20,340.47,62.94,25.4,77.73,215.54
2023-09-16 21:00:00,9,21,323.91,47.09,25.11,65.38,174.91
2023-09-16 22:00:00,9,22,332.13,60.55,27.13,72.54,194.17
2023-09-16 23:00:00,9,23,317.17,46.66,24.17,72.13,201.09
2023-09-17 00:00:00,9,0,350.24,40.4,21.04,71.95,208.78
2023-09-17 01:00:00,9,1,326.07,53.65,24.27,71.86,194.46
2023-09-17 02:00:00,9,2,344.69,38.95,21.75,65.15,196.98
2023-09-17 03:00:00,9,3,377.4,55.36,25.83,78.46,242.78
2023-09-17 04:00:00,9,4,373.99,38.06,21.65,74.78,239.68
2023-09-17 05:00:00,9,5,349.35,46.81,23.02,72.38,213.8
2023-09-17 06:00:00,9,6,348.26,35.68,24.28,63.34,174.03
2023-09-17 07:00:00,9,7,387.6,78.24,28.09,65.11,208.57
2023-09-17 08:00:00,9,8,360.42,33.46,22.85,73.29,222.43
2023-09-17 09:00:00,9,9,343.44,50.1,25.02,59.98,171.95
2023-09-17 10:00:00,9,10,321.48,61.43,26.16,71.69,192.38
2023-09-17 11:00:00,9,11,357.88,60.36,27.97,63.34,185.99
2023-09-17 12:00:00,9,12,366.59,58.51,26.56,65.66,197.14
2023-09-17 13:00:00,9,13,337.37,46.83,27.19,62.94,175.53
2023-09-17 14:00:00,9,14,355.82,63.51,26.73,71.23,221.15
2023-09-17 15:00:00,9,15,342.73,59.13,22.58,75.58,211.46
2023-09-17 16:00:00,9,16,346.32,52.12,25.72,71.74,204.76
2023-09-17 17:00:00,9,17,300.24,52.41,26.7,72.29,181.13
2023-09-17 18:00:00,9,18,345.56,46.96,23.09,70.84,196.81
2023-09-17 19:00:00,9,19,369.39,40.9,23.84,73.41,228.28
2023-09-17 20:00:00,9,20,337.37,62.37,23.39,72.34,197.05
2023-09-17 21:00:00,9,21,351.05,63.12,26.55,56.42,159.73
2023-09-17 22:00:00,9,22,334.88,41.16,24.86,74.53,202.45
2023-09-17 23:00:00,9,23,357.21,48.46,24.36,74.01,212.23
2023-09-18 00:00:00,9,0,345.67,48.57,22.44,68.19,202.89
2023-09-18 01:00:00,9,1,331.22,49.67,24.87,60.13,168.67
2023-09-18 02:00:00,9,2,376.65,50.64,23.86,71.21,228.27
2023-09-18 03:00:00,9,3,368.58,59.47,25.49,71.63,224.31
2023-09-18 04:00:00,9,4,337.9,42.53,22.71,67.8,190.19
2023-09-18 05:00:00,9,5,359.96,41.54,25.36,70.93,212.76
2023-09-18 06:00:00,9,6,360.75,62.37,24.12,75.36,231.76
2023-09-18 07:00:00,9,7,362.85,45.37,22.5,81.99,256.25
2023-09-18 08:00:00,9,8,316.11,37.37,22.35,70.73,180.16
2023-09-18 09:00:00,9,9,370.13,45.15,22.65,71.67,233.8
2023-09-18 10:00:00,9,10,338.61,46.7,24.59,65.88,179.43
2023-09-18 11:00:00,9,11,342.84,65.55,25.24,67.49,190.64
2023-09-18 12:00:00,9,12,402.76,59.25,25.54,69.32,233.17
2023-09-18 13:00:00,9,13,356.04,61.48,25.62,75.89,226.13
2023-09-18 14:00:00,9,14,342.27,58.2,23.48,74.09,221.29
2023-09-18 15:00:00,9,15,305.89,59.46,27.12,79.65,208.21
2023-09-18 16:00:00,9,16,377.8,43.12,24.12,62.55,199.11
2023-09-18 17:00:00,9,17,323.1,48.01,25.9,63.38,175.94
2023-09-18 18:00:00,9,18,329.93,40.1,24.67,75.51,209.47
2023-09-18 19:00:00,9,19,343.37,47.9,25.75,77.24,217.79
2023-09-18 20:00:00,9,20,378.33,56.84,24.57,70.17,223.78
2023-09-18 21:00:00,9,21,365.46,51.35,25.79,47.67,145.61
2023-09-18 22:00:00,9,22,346.84,63.11,24.99,66.28,187.48
2023-09-18 23:00:00,9,23,356.17,38.59,26.63,71.68,219.19
2023-09-19 00:00:00,9,0,337.99,55.0,23.36,65.5,184.34
2023-09-19 01:00:00,9,1,352.79,37.52,21.46,70.93,203.04
2023-09-19 02:00:00,9,2,351.47,50.94,23.05,79.49,228.16
2023-09-19 03:00:00,9,3,369.38,57.4,27.14,77.13,240.24
2023-09-19 04:00:00,9,4,369.34,47.85,24.69,74.04,233.29
2023-09-19 05:00:00,9,5,359.88,55.51,25.18,69.68,211.5
2023-09-19 06:00:00,9,6,342.75,40.4,22.89,67.53,195.43
2023-09-19 07:00:00,9,7,364.84,33.36,25.13,73.79,220.43
2023-09-19 08:00:00,9,8,348.16,55.57,22.95,70.13,204.05
2023-09-19 09:00:00,9,9,328.36,67.44,23.25,70.3,190.83
2023-09-19 10:00:00,9,10,341.93,40.04,24.2,62.24,176.5
2023-09-19 11:00:00,9,11,351.69,62.22,25.89,66.43,194.24
2023-09-19 12:00:00,9,12,368.2,50.43,26.1,73.76,223.16
2023-09-19 13:00:00,9,13,346.33,36.64,26.16,64.49,190.01
2023-09-19 14:00:00,9,14,325.82,38.68,21.82,71.33,188.74
2023-09-19 15:00:00,9,15,351.13,50.16,24.99,72.06,204.5
2023-09-19 16:00:00,9,16,352.27,45.96,24.61,72.35,208.61
2023-09-19 17:00:00,9,17,353.72,36.87,21.94,72.8,219.14
2023-09-19 18:00:00,9,18,368.4,33.06,25.03,73.14,226.37
2023-09-19 19:00:00,9,19,370.38,41.53,24.5,66.88,197.64
2023-09-19 20:00:00,9,20,338.12,51.94,26.02,62.66,179.65
2023-09-19 21:00:00,9,21,337.68,49.94,25.16,65.63,184.56
2023-09-19 22:00:00,9,22,329.2,44.99,23.9,73.65,200.08
2023-09-19 23:00:00,9,23,363.98,52.02,26.85,64.0,193.02
2023-09-20 00:00:00,9,0,378.98,60.4,20.56,64.8,198.1
2023-09-20 01:00:00,9,1,343.7,53.94,24.87,64.77,186.49
2023-09-20 02:00:00,9,2,345.17,48.79,21.47,60.77,168.57
2023-09-20 03:00:00,9,3,379.34,59.28,23.18,64.26,201.53
2023-09-20 04:00:00,9,4,360.11,40.4,26.05,75.0,223.47
2023-09-20 05:00:00,9,5,358.72,47.75,22.45,66.42,202.52
2023-09-20 06:00:00,9,6,326.18,47.99,22.15,61.26,166.8
2023-09-20 07:00:00,9,7,363.57,37.63,29.76,67.44,207.99
2023-09-20 08:00:00,9,8,331.42,45.8,22.28,72.55,194.52
2023-09-20 09:00:00,9,9,327.32,29.25,28.3,60.85,165.53
2023-09-20 10:00:00,9,10,343.06,69.12,24.66,74.77,216.53
2023-09-20 11:00:00,9,11,338.28,40.63,23.95,62.8,183.34
2023-09-20 12:00:00,9,12,345.57,65.86,26.13,68.02,190.31
2023-09-20 13:00:00,9,13,321.18,50.38,27.67,67.96,177.8
2023-09-20 14:00:00,9,14,369.18,55.65,22.71,67.19,209.37
2023-09-20 15:00:00,9,15,372.55,45.11,23.98,69.68,224.51
2023-09-20 16:00:00,9,16,311.05,52.08,26.69,73.89,193.09
2023-09-20 17:00:00,9,17,369.57,56.5,25.58,69.8,209.54
2023-09-20 18:00:00,9,18,333.79,56.65,27.2,66.97,180.95
2023-09-20 19:00:00,9,19,367.14,57.75,26.03,72.29,221.97
2023-09-20 20:00:00,9,20,348.63,46.32,28.62,71.04,208.29
2023-09-20 21:00:00,9,21,350.58,45.2,25.36,66.65,193.74
2023-09-20 22:00:00,9,22,346.3,34.06,25.44,70.21,197.35
2023-09-20 23:00:00,9,23,374.24,55.23,25.64,66.24,212.21
2023-09-21 00:00:00,9,0,325.21,60.82,24.72,65.67,176.34
2023-09-21 01:00:00,9,1,362.16,66.16,26.7,74.03,226.19
2023-09-21 02:00:00,9,2,372.03,53.05,25.47,72.23,215.22
2023-09-21 03:00:00,9,3,364.33,42.34,26.58,73.85,230.36
2023-09-21 04:00:00,9,4,396.49,33.03,26.89,73.18,238.51
2023-09-21 05:00:00,9,5,339.42,60.42,25.86,65.56,192.29
2023-09-21 06:00:00,9,6,369.15,32.04,26.0,75.01,233.94
2023-09-21 07:00:00,9,7,347.88,46.59,22.98,68.51,191.59
2023-09-21 08:00:00,9,8,374.67,47.76,23.9,74.65,234.43
2023-09-21 09:00:00,9,9,349.85,49.31,26.69,69.37,210.66
2023-09-21 10:00:00,9,10,342.24,50.36,27.85,71.57,201.24
2023-09-21 11:00:00,9,11,376.12,51.38,21.12,71.72,233.21
2023-09-21 12:00:00,9,12,340.17,25.85,23.86,74.07,212.02
2023-09-21 13:00:00,9,13,321.75,50.15,25.05,61.83,172.58
2023-09-21 14:00:00,9,14,339.66,27.7,23.24,62.12,176.73
2023-09-21 15:00:00,9,15,362.38,57.32,23.35,73.36,221.05
2023-09-21 16:00:00,9,16,377.84,44.45,25.95,71.78,235.34
2023-09-21 17:00:00,9,17,352.22,28.43,28.16,66.12,197.81
2023-09-21 18:00:00,9,18,376.36,41.86,20.94,71.82,224.22
2023-09-21 19:00:00,9,19,322.84,44.3,24.66,62.96,171.61
2023-09-21 20:00:00,9,20,341.13,61.91,25.93,86.32,242.72
2023-09-21 21:00:00,9,21,344.23,51.97,26.56,76.56,220.29
2023-09-21 22:00:00,9,22,347.71,53.44,25.64,73.11,217.96
2023-09-21 23:00:00,9,23,351.68,61.81,28.52,70.38,205.57
2023-09-22 00:00:00,9,0,363.82,49.04,25.06,66.91,198.6
2023-09-22 01:00:00,9,1,341.1,57.54,27.62,63.45,175.63
2023-09-22 02:00:00,9,2,352.78,56.84,23.71,69.43,204.61
2023-09-22 03:00:00,9,3,349.1,37.14,25.12,65.7,187.22
2023-09-22 04:00:00,9,4,331.48,64.73,22.57,65.99,175.24
2023-09-22 05:00:00,9,5,347.73,35.8,26.8,62.92,176.43
2023-09-22 06:00:00,9,6,347.13,59.17,24.76,71.25,212.1
2023-09-22 07:00:00,9,7,346.7,34.83,25.72,68.12,196.2
2023-09-22 08:00:00,9,8,350.64,56.01,24.37,72.68,212.77
2023-09-22 09:00:00,9,9,351.51,68.62,26.17,72.29,207.04
2023-09-22 10:00:00,9,10,341.35,47.87,25.79,71.15,199.6
2023-09-22 11:00:00,9,11,375.45,47.44,23.01,83.3,257.71
2023-09-22 12:00:00,9,12,326.61,56.1,23.13,74.12,200.47
2023-09-22 13:00:00,9,13,335.58,46.71,24.94,63.7,169.95
2023-09-22 14:00:00,9,14,405.6,68.18,26.32,72.29,249.95
2023-09-22 15:00:00,9,15,329.24,51.92,28.73,69.73,191.35
2023-09-22 16:00:00,9,16,322.92,46.8,25.61,63.29,171.44
2023-09-22 17:00:00,9,17,364.69,44.6,27.02,62.89,195.82
2023-09-22 18:00:00,9,18,308.46,40.67,21.77,72.27,190.06
2023-09-22 19:00:00,9,19,345.29,43.72,29.03,73.49,208.71
2023-09-22 20:00:00,9,20,392.92,46.49,26.21,64.77,215.23
2023-09-22 21:00:00,9,21,319.1,45.12,24.9,74.85,202.14
2023-09-22 22:00:00,9,22,310.36,43.42,24.67,71.42,186.42
2023-09-22 23:00:00,9,23,320.02,70.99,22.79,75.98,208.05
2023-09-23 00:00:00,9,0,367.97,39.7,23.36,75.45,235.49
2023-09-23 01:00:00,9,1,372.5,51.47,28.82,69.21,218.6
2023-09-23 02:00:00,9,2,339.75,55.93,23.02,78.18,228.3
2023-09-23 03:00:00,9,3,363.66,56.3,22.98,64.38,195.37
2023-09-23 04:00:00,9,4,377.81,49.41,23.6,81.95,258.46
2023-09-23 05:00:00,9,5,385.75,47.59,22.6,65.61,215.12
2023-09-23 06:00:00,9,6,345.07,54.52,25.03,69.76,199.83
2023-09-23 07:00:00,9,7,303.97,52.67,27.18,67.16,172.65
2023-09-23 08:00:00,9,8,333.58,47.41,23.78,68.12,186.67
2023-09-23 09:00:00,9,9,341.46,34.38,22.25,84.62,229.53
2023-09-23 10:00:00,9,10,344.82,45.32,25.58,67.69,197.61
2023-09-23 11:00:00,9,11,346.24,38.53,24.89,74.26,206.64
2023-09-23 12:00:00,9,12,372.38,43.33,27.01,68.82,210.2
2023-09-23 13:00:00,9,13,375.49,50.33,24.09,74.68,237.93
2023-09-23 14:00:00,9,14,346.57,53.59,24.48,67.28,198.59
2023-09-23 15:00:00,9,15,371.97,67.8,24.7,71.28,226.97
2023-09-23 16:00:00,9,16,357.15,44.63,25.18,73.14,207.73
2023-09-23 17:00:00,9,17,351.29,57.75,24.21,66.39,195.95
2023-09-23 18:00:00,9,18,368.13,53.06,23.89,83.79,255.91
2023-09-23 19:00:00,9,19,351.45,62.96,21.3,73.4,220.06
2023-09-23 20:00:00,9,20,391.16,55.76,23.87,68.87,232.01
2023-09-23 21:00:00,9,21,321.23,39.92,26.43,66.51,171.62
2023-09-23 22:00:00,9,22,339.7,32.77,26.7,70.46,199.66
2023-09-23 23:00:00,9,23,347.47,53.11,24.06,63.92,189.36
2023-09-24 00:00:00,9,0,358.79,44.72,27.6,78.91,234.39
2023-09-24 01:00:00,9,1,375.36,40.2,24.94,72.16,234.57
2023-09-24 02:00:00,9,2,349.51,37.32,22.32,69.56,200.72
2023-09-24 03:00:00,9,3,321.56,51.61,21.7,75.23,200.21
2023-09-24 04:00:00,9,4,366.85,65.08,27.44,66.39,197.73
2023-09-24 05:00:00,9,5,365.1,45.91,24.25,64.22,196.28
2023-09-24 06:00:00,9,6,311.16,55.9,22.57,69.35,164.84
2023-09-24 07:00:00,9,7,349.92,48.98,20.48,70.64,204.87
2023-09-24 08:00:00,9,8,318.2,37.11,24.21,72.65,199.11
2023-09-24 09:00:00,9,9,336.71,57.35,25.81,62.62,168.83
2023-09-24 10:00:00,9,10,331.94,39.05,23.6,67.72,179.35
2023-09-24 11:00:00,9,11,366.19,50.22,22.89,54.58,172.25
2023-09-24 12:00:00,9,12,352.34,46.58,23.9,64.09,194.55
2023-09-24 13:00:00,9,13,324.29,58.93,27.49,73.58,192.18
2023-09-24 14:00:00,9,14,367.6,39.42,22.21,74.81,237.96
2023-09-24 15:00:00,9,15,321.32,53.91,23.72,64.29,174.42
2023-09-24 16:00:00,9,16,356.6,41.6,27.42,68.38,208.56
2023-09-24 17:00:00,9,17,333.72,44.89,25.99,70.13,191.19
2023-09-24 18:00:00,9,18,342.69,13.65,25.36,75.39,222.87
2023-09-24 19:00:00,9,19,360.09,70.92,23.7,77.65,231.8
2023-09-24 20:00:00,9,20,360.43,55.51,25.06,70.77,211.12
2023-09-24 21:00:00,9,21,376.74,42.33,23.92,68.7,218.22
2023-09-24 22:00:00,9,22,348.35,38.75,23.28,62.78,180.41
2023-09-24 23:00:00,9,23,356.13,45.04,22.84,70.54,201.87
2023-09-25 00:00:00,9,0,341.25,57.17,26.57,80.37,229.36
2023-09-25 01:00:00,9,1,353.64,31.08,24.88,76.45,223.85
2023-09-25 02:00:00,9,2,358.79,48.58,25.63,70.87,208.2
2023-09-25 03:00:00,9,3,348.03,67.71,25.3,71.52,213.75
2023-09-25 04:00:00,9,4,313.92,38.66,25.88,66.56,186.19
2023-09-25 05:00:00,9,5,356.63,50.8,24.49,68.21,198.26
2023-09-25 06:00:00,9,6,357.29,72.03,24.04,70.74,211.74
2023-09-25 07:00:00,9,7,336.4,56.32,23.37,70.75,196.47
2023-09-25 08:00:00,9,8,324.31,51.26,22.17,75.05,214.41
2023-09-25 09:00:00,9,9,379.52,55.07,22.76,74.81,239.2
2023-09-25 10:00:00,9,10,359.83,45.99,24.27,72.6,222.47
2023-09-25 11:00:00,9,11,345.42,63.0,21.79,65.0,193.14
2023-09-25 12:00:00,9,12,327.26,46.01,22.24,65.19,178.55
2023-09-25 13:00:00,9,13,333.56,30.41,27.08,65.56,181.42
2023-09-25 14:00:00,9,14,376.05,46.09,25.45,71.18,230.79
2023-09-25 15:00:00,9,15,352.75,40.33,24.1,59.87,179.99
2023-09-25 16:00:00,9,16,338.99,47.19,29.54,69.97,193.55
2023-09-25 17:00:00,9,17,360.19,47.41,21.7,77.04,227.78
2023-09-25 18:00:00,9,18,333.71,61.97,26.95,73.33,202.12
2023-09-25 19:00:00,9,19,380.02,56.95,24.78,68.25,222.05
2023-09-25 20:00:00,9,20,377.06,52.63,26.57,66.51,216.48
2023-09-25 21:00:00,9,21,340.67,49.97,25.22,74.03,221.05
2023-09-25 22:00:00,9,22,337.43,39.41,21.26,71.53,197.72
2023-09-25 23:00:00,9,23,297.64,28.19,25.19,68.77,171.37
2023-09-26 00:00:00,9,0,320.37,51.13,25.67,67.05,177.13
2023-09-26 01:00:00,9,1,323.21,57.95,20.62,70.38,188.77
2023-09-26 02:00:00,9,2,352.7,48.92,28.89,68.48,206.06
2023-09-26 03:00:00,9,3,343.48,44.65,25.62,73.92,211.49
2023-09-26 04:00:00,9,4,323.09,54.65,26.34,76.21,211.89
2023-09-26 05:00:00,9,5,344.38,49.17,22.67,63.16,178.8
2023-09-26 06:00:00,9,6,360.11,66.86,26.38,63.87,195.5
2023-09-26 07:00:00,9,7,360.56,62.33,27.18,76.74,228.51
2023-09-26 08:00:00,9,8,312.01,59.6,25.51,70.83,175.09
2023-09-26 09:00:00,9,9,347.43,57.58,24.98,64.34,181.3
2023-09-26 10:00:00,9,10,322.33,37.1,23.21,74.92,201.98
2023-09-26 11:00:00,9,11,368.03,56.63,24.57,71.71,229.67
2023-09-26 12:00:00,9,12,365.68,53.76,23.98,81.02,244.74
2023-09-26 13:00:00,9,13,332.04,56.06,26.14,68.82,189.71
2023-09-26 14:00:00,9,14,334.68,54.93,23.3,75.54,213.27
2023-09-26 15:00:00,9,15,340.77,54.53,26.13,62.76,175.33
2023-09-26 16:00:00,9,16,304.94,77.01,23.32,76.98,193.32
2023-09-26 17:00:00,9,17,356.72,49.24,24.48,74.72,222.62
2023-09-26 18:00:00,9,18,344.54,59.36,26.23,78.02,221.97
2023-09-26 19:00:00,9,19,369.4,45.29,23.59,75.55,223.81
2023-09-26 20:00:00,9,20,328.03,57.91,26.3,69.5,186.87
2023-09-26 21:00:00,9,21,337.62,59.39,26.11,64.14,183.66
2023-09-26 22:00:00,9,22,319.87,53.64,24.46,66.99,181.91
2023-09-26 23:00:00,9,23,329.91,66.69,27.32,61.19,175.03
2023-09-27 00:00:00,9,0,326.36,41.16,25.16,65.4,184.24
2023-09-27 01:00:00,9,1,369.92,45.13,27.2,72.13,217.99
2023-09-27 02:00:00,9,2,336.03,52.12,28.59,69.76,191.75
2023-09-27 03:00:00,9,3,352.48,58.81,24.52,68.88,198.95
2023-09-27 04:00:00,9,4,342.38,51.79,26.29,66.03,187.77
2023-09-27 05:00:00,9,5,324.61,62.86,23.72,61.14,162.37
2023-09-27 06:00:00,9,6,346.63,43.38,22.93,70.91,204.09
2023-09-27 07:00:00,9,7,361.98,38.59,24.61,71.9,212.65
2023-09-27 08:00:00,9,8,325.84,53.08,22.27,65.04,180.65
2023-09-27 09:00:00,9,9,366.18,49.23,23.12,67.33,200.85
2023-09-27 10:00:00,9,10,333.01,55.43,26.18,77.71,210.8
2023-09-27 11:00:00,9,11,340.34,49.73,23.97,75.8,217.71
2023-09-27 12:00:00,9,12,360.61,46.6,26.42,62.58,191.78
2023-09-27 13:00:00,9,13,336.73,49.25,25.6,69.58,194.23
2023-09-27 14:00:00,9,14,350.75,50.29,28.7,77.27,230.35
2023-09-27 15:00:00,9,15,343.71,46.95,26.05,68.92,201.5
2023-09-27 16:00:00,9,16,352.59,47.97,27.23,68.66,211.35
2023-09-27 17:00:00,9,17,302.39,45.96,25.8,75.46,193.94
2023-09-27 18:00:00,9,18,313.41,58.57,25.62,74.94,204.37
2023-09-27 19:00:00,9,19,362.32,51.94,27.33,74.68,225.92
2023-09-27 20:00:00,9,20,370.74,72.57,26.34,68.69,219.35
2023-09-27 21:00:00,9,21,331.79,51.61,25.42,73.31,209.94
2023-09-27 22:00:00,9,22,345.12,44.49,25.41,77.47,222.24
2023-09-27 23:00:00,9,23,355.89,76.71,26.08,69.75,203.55
2023-09-28 00:00:00,9,0,363.86,54.14,23.66,67.98,203.7
2023-09-28 01:00:00,9,1,309.45,59.9,23.57,76.15,198.57
2023-09-28 02:00:00,9,2,332.28,55.92,27.85,80.23,216.54
2023-09-28 03:00:00,9,3,343.35,56.23,28.73,80.58,228.42
2023-09-28 04:00:00,9,4,364.06,55.36,23.14,68.13,212.8
2023-09-28 05:00:00,9,5,399.97,38.98,23.66,68.63,232.22
2023-09-28 06:00:00,9,6,345.44,53.68,27.29,64.85,175.05
2023-09-28 07:00:00,9,7,321.86,36.75,26.07,70.59,182.79
2023-09-28 08:00:00,9,8,358.05,48.26,26.35,64.63,203.75
2023-09-28 09:00:00,9,9,376.42,42.74,26.79,67.37,217.35
2023-09-28 10:00:00,9,10,352.16,53.57,24.52,73.51,212.93
2023-09-28 11:00:00,9,11,331.87,53.34,25.66,71.95,191.66
2023-09-28 12:00:00,9,12,369.16,54.81,25.5,60.95,181.36
2023-09-28 13:00:00,9,13,363.27,52.87,23.28,77.85,238.37
2023-09-28 14:00:00,9,14,329.48,43.93,25.63,64.57,187.27
2023-09-28 15:00:00,9,15,357.63,47.39,27.48,65.2,203.98
2023-09-28 16:00:00,9,16,369.95,59.2,24.33,63.81,188.95
2023-09-28 17:00:00,9,17,373.64,60.68,25.31,66.69,206.31
2023-09-28 18:00:00,9,18,348.67,38.53,25.41,65.52,186.2
2023-09-28 19:00:00,9,19,342.84,34.69,24.43,65.64,188.33
2023-09-28 20:00:00,9,20,374.55,42.73,26.35,57.68,173.48
2023-09-28 21:00:00,9,21,325.8,60.45,23.64,70.65,189.2
2023-09-28 22:00:00,9,22,358.77,62.15,27.67,71.16,208.55
2023-09-28 23:00:00,9,23,322.6,40.75,26.25,81.22,221.1
2023-09-29 00:00:00,9,0,371.31,53.07,23.13,72.43,221.68
2023-09-29 01:00:00,9,1,344.84,68.34,28.4,67.52,192.29
2023-09-29 02:00:00,9,2,375.37,54.15,25.34,64.0,202.87
2023-09-29 03:00:00,9,3,359.83,64.22,23.55,69.52,216.8
2023-09-29 04:00:00,9,4,325.54,59.99,27.21,72.24,206.68
2023-09-29 05:00:00,9,5,378.49,40.9,25.99,67.48,215.26
2023-09-29 06:00:00,9,6,381.02,48.1,21.46,70.31,222.93
2023-09-29 07:00:00,9,7,367.65,50.35,23.95,79.49,250.26
2023-09-29 08:00:00,9,8,334.77,51.04,25.56,68.08,195.88
2023-09-29 09:00:00,9,9,343.88,59.16,20.68,60.57,178.08
2023-09-29 10:00:00,9,10,352.91,54.09,25.17,74.37,210.95
2023-09-29 11:00:00,9,11,335.93,20.64,25.32,71.57,206.52
2023-09-29 12:00:00,9,12,383.85,36.87,22.63,61.46,198.49
2023-09-29 13:00:00,9,13,352.89,28.13,25.54,72.14,207.8
2023-09-29 14:00:00,9,14,295.93,51.75,25.01,65.01,157.06
2023-09-29 15:00:00,9,15,356.79,52.4,22.62,72.21,217.73
2023-09-29 16:00:00,9,16,343.04,52.83,26.84,79.54,214.95
2023-09-29 17:00:00,9,17,348.5,40.41,26.68,69.12,200.22
2023-09-29 18:00:00,9,18,342.63,56.74,24.42,75.42,212.19
2023-09-29 19:00:00,9,19,366.14,57.16,24.6,63.86,191.18
2023-09-29 20:00:00,9,20,372.39,37.45,26.45,62.4,191.49
2023-09-29 21:00:00,9,21,355.66,35.34,24.6,80.09,230.11
2023-09-29 22:00:00,9,22,343.21,50.0,21.14,71.54,210.0
2023-09-29 23:00:00,9,23,349.17,67.92,25.97,73.18,202.44
2023-09-30 00:00:00,9,0,350.39,67.0,23.37,75.76,222.2
2023-09-30 01:00:00,9,1,333.95,55.63,24.22,67.36,183.34
2023-09-30 02:00:00,9,2,361.58,42.7,27.92,74.13,233.41
2023-09-30 03:00:00,9,3,359.2,58.87,24.73,73.37,219.86
2023-09-30 04:00:00,9,4,380.81,45.48,25.0,63.53,191.1
2023-09-30 05:00:00,9,5,375.11,42.32,26.02,77.56,245.34
2023-09-30 06:00:00,9,6,336.29,28.56,26.01,76.53,209.15
2023-09-30 07:00:00,9,7,366.41,51.02,23.16,63.58,199.18
2023-09-30 08:00:00,9,8,330.98,43.7,24.88,71.0,199.04
2023-09-30 09:00:00,9,9,363.92,50.96,25.07,68.84,216.27
2023-09-30 10:00:00,9,10,339.67,27.01,25.54,77.09,219.28
2023-09-30 11:00:00,9,11,329.53,51.7,25.58,62.95,177.06
2023-09-30 12:00:00,9,12,355.6,25.69,30.17,88.01,261.19
2023-09-30 13:00:00,9,13,296.51,60.88,22.65,69.13,167.97
2023-09-30 14:00:00,9,14,314.98,55.22,26.96,73.69,198.88
2023-09-30 15:00:00,9,15,346.45,47.21,27.37,76.94,216.11
2023-09-30 16:00:00,9,16,351.65,55.63,25.99,69.02,202.2
2023-09-30 17:00:00,9,17,342.61,40.22,23.7,69.43,195.5
2023-09-30 18:00:00,9,18,318.41,50.72,28.33,67.49,183.39
2023-09-30 19:00:00,9,19,333.64,57.95,20.62,65.57,177.69
2023-09-30 20:00:00,9,20,357.82,19.06,23.63,71.36,210.87
2023-09-30 21:00:00,9,21,361.64,45.53,27.34,69.32,209.26
2023-09-30 22:00:00,9,22,349.68,49.77,24.26,67.45,204.12
2023-09-30 23:00:00,9,23,373.14,48.04,28.19,67.75,208.12
2023-10-01 00:00:00,10,0,337.85,57.87,17.98,70.2,195.77
2023-10-01 01:00:00,10,1,314.95,32.06,18.78,63.33,159.59
2023-10-01 02:00:00,10,2,324.29,37.09,19.94,66.09,173.79
2023-10-01 03:00:00,10,3,301.85,24.14,21.83,71.81,182.82
2023-10-01 04:00:00,10,4,327.74,58.4,20.56,68.56,187.52
2023-10-01 05:00:00,10,5,352.15,40.84,20.02,62.07,182.51
2023-10-01 06:00:00,10,6,343.61,38.92,23.84,67.2,201.25
2023-10-01 07:00:00,10,7,357.94,42.78,24.03,69.51,199.09
2023-10-01 08:00:00,10,8,323.85,49.66,20.17,72.27,206.74
2023-10-01 09:00:00,10,9,356.83,46.77,17.58,63.54,194.96
2023-10-01 10:00:00,10,10,326.04,69.78,16.69,64.53,173.8
2023-10-01 11:00:00,10,11,359.34,47.84,21.48,63.84,193.26
2023-10-01 12:00:00,10,12,329.47,38.65,22.31,64.09,172.67
2023-10-01 13:00:00,10,13,344.05,37.69,21.13,69.35,200.54
2023-10-01 14:00:00,10,14,359.41,39.37,20.86,70.29,221.41
2023-10-01 15:00:00,10,15,326.04,28.28,19.39,72.58,194.07
2023-10-01 16:00:00,10,16,334.27,43.7,22.31,66.86,185.21
2023-10-01 17:00:00,10,17,355.68,51.14,24.36,60.29,175.04
2023-10-01 18:00:00,10,18,327.24,37.17,16.57,70.67,189.85
2023-10-01 19:00:00,10,19,303.49,35.23,20.84,68.12,170.36
2023-10-01 20:00:00,10,20,372.76,58.46,19.06,67.62,204.71
2023-10-01 21:00:00,10,21,320.51,29.04,18.02,60.9,161.45
2023-10-01 22:00:00,10,22,333.08,22.62,18.74,66.34,184.53
2023-10-01 23:00:00,10,23,353.02,31.77,21.76,61.35,178.59
2023-10-02 00:00:00,10,0,317.73,27.9,21.81,69.73,173.25
2023-10-02 01:00:00,10,1,309.75,47.16,23.92,65.17,167.55
2023-10-02 02:00:00,10,2,334.98,39.69,21.02,64.72,180.55
2023-10-02 03:00:00,10,3,294.04,41.1,17.48,59.63,155.7
2023-10-02 04:00:00,10,4,324.15,54.83,20.52,72.46,195.97
2023-10-02 05:00:00,10,5,334.8,36.39,18.23,66.03,189.01
2023-10-02 06:00:00,10,6,324.5,51.05,18.59,67.76,181.21
2023-10-02 07:00:00,10,7,299.03,58.41,22.16,63.64,165.18
2023-10-02 08:00:00,10,8,361.79,38.74,21.39,59.07,173.47
2023-10-02 09:00:00,10,9,331.97,50.67,22.18,64.66,181.52
2023-10-02 10:00:00,10,10,358.53,40.88,20.29,65.46,199.91
2023-10-02 11:00:00,10,11,324.7,52.54,22.58,68.78,189.7
2023-10-02 12:00:00,10,12,312.3,27.59,20.17,65.55,181.51
2023-10-02 13:00:00,10,13,335.29,26.85,23.23,63.73,175.25
2023-10-02 14:00:00,10,14,325.59,39.39,21.69,59.8,169.43
2023-10-02 15:00:00,10,15,306.35,34.41,20.59,67.56,178.37
2023-10-02 16:00:00,10,16,359.3,38.13,21.42,63.34,190.01
2023-10-02 17:00:00,10,17,317.46,41.11,20.96,73.92,204.88
2023-10-02 18:00:00,10,18,293.1,50.5,24.19,68.07,165.63
2023-10-02 19:00:00,10,19,356.47,39.22,21.49,70.13,208.57
2023-10-02 20:00:00,10,20,319.82,35.06,21.0,66.08,176.19
2023-10-02 21:00:00,10,21,317.75,39.79,20.52,68.33,174.67
2023-10-02 22:00:00,10,22,294.6,35.61,22.69,62.87,158.24
2023-10-02 23:00:00,10,23,364.72,33.96,22.42,61.43,189.85
2023-10-03 00:00:00,10,0,304.11,27.17,20.45,67.4,170.38
2023-10-03 01:00:00,10,1,331.07,44.0,18.69,70.17,202.53
2023-10-03 02:00:00,10,2,348.16,37.61,19.2,57.59,165.01
2023-10-03 03:00:00,10,3,338.34,52.96,20.63,64.82,174.24
2023-10-03 04:00:00,10,4,328.71,28.83,23.7,76.53,219.28
2023-10-03 05:00:00,10,5,295.87,37.88,20.5,69.72,177.05
2023-10-03 06:00:00,10,6,313.71,61.43,19.81,75.01,199.34
2023-10-03 07:00:00,10,7,333.66,33.91,17.48,64.15,176.78
2023-10-03 08:00:00,10,8,314.16,40.94,24.03,65.03,172.07
2023-10-03 09:00:00,10,9,333.97,31.14,22.14,72.15,194.63
2023-10-03 10:00:00,10,10,343.54,29.82,22.59,70.44,200.65
2023-10-03 11:00:00,10,11,349.15,58.77,22.92,66.85,190.11
2023-10-03 12:00:00,10,12,305.38,45.01,20.67,61.01,156.66
2023-10-03 13:00:00,10,13,373.84,44.64,21.17,73.1,232.5
2023-10-03 14:00:00,10,14,345.25,26.34,23.98,79.87,224.7
2023-10-03 15:00:00,10,15,329.87,46.89,21.36,59.46,167.18
2023-10-03 16:00:00,10,16,351.69,54.88,22.18,74.34,219.0
2023-10-03 17:00:00,10,17,377.21,54.8,22.74,64.98,207.8
2023-10-03 18:00:00,10,18,301.13,49.98,22.29,65.65,163.64
2023-10-03 19:00:00,10,19,325.4,32.01,20.74,68.67,189.84
2023-10-03 20:00:00,10,20,282.34,46.43,20.93,61.29,140.82
2023-10-03 21:00:00,10,21,333.76,49.98,22.56,67.13,178.43
2023-10-03 22:00:00,10,22,337.21,25.36,22.55,59.26,159.37
2023-10-03 23:00:00,10,23,329.12,32.09,23.34,69.7,188.77
2023-10-04 00:00:00,10,0,316.81,52.18,22.1,78.49,199.29
2023-10-04 01:00:00,10,1,288.91,52.06,22.19,64.12,162.23
2023-10-04 02:00:00,10,2,337.37,27.82,20.11,66.48,186.6
2023-10-04 03:00:00,10,3,359.01,51.25,19.84,66.72,204.34
2023-10-04 04:00:00,10,4,318.08,44.25,22.56,72.25,195.57
2023-10-04 05:00:00,10,5,338.71,51.11,19.85,69.35,195.89
2023-10-04 06:00:00,10,6,298.54,36.96,20.96,71.92,196.72
2023-10-04 07:00:00,10,7,339.05,49.75,23.76,64.79,197.81
2023-10-04 08:00:00,10,8,322.04,51.74,23.44,69.49,193.56
2023-10-04 09:00:00,10,9,314.66,39.79,21.6,50.48,127.93
2023-10-04 10:00:00,10,10,314.7,43.48,20.41,70.66,192.58
2023-10-04 11:00:00,10,11,322.03,36.82,20.75,61.23,155.68
2023-10-04 12:00:00,10,12,337.55,59.82,22.74,65.68,191.86
2023-10-04 13:00:00,10,13,303.66,42.1,20.93,71.05,167.12
2023-10-04 14:00:00,10,14,321.96,34.08,19.88,59.64,158.52
2023-10-04 15:00:00,10,15,329.07,36.14,23.43,72.77,205.72
2023-10-04 16:00:00,10,16,307.92,44.57,21.36,66.7,173.18
2023-10-04 17:00:00,10,17,365.84,50.83,19.85,74.59,220.13
2023-10-04 18:00:00,10,18,312.83,29.94,21.96,62.81,164.69
2023-10-04 19:00:00,10,19,316.52,61.78,22.94,58.26,155.68
2023-10-04 20:00:00,10,20,310.34,46.39,18.98,67.18,174.86
2023-10-04 21:00:00,10,21,365.87,47.97,20.6,70.26,212.3
2023-10-04 22:00:00,10,22,340.96,42.33,20.51,70.68,205.21
2023-10-04 23:00:00,10,23,311.17,43.49,21.9,61.64,165.67
2023-10-05 00:00:00,10,0,352.03,41.82,22.26,59.2,173.0
2023-10-05 01:00:00,10,1,333.92,53.48,19.9,65.76,190.7
2023-10-05 02:00:00,10,2,335.05,43.22,18.01,69.9,194.51
2023-10-05 03:00:00,10,3,323.01,50.97,23.06,69.65,185.15
2023-10-05 04:00:00,10,4,314.92,38.96,18.76,75.18,204.2
2023-10-05 05:00:00,10,5,336.66,45.26,21.54,65.45,190.34
2023-10-05 06:00:00,10,6,319.0,35.26,20.74,58.1,151.43
2023-10-05 07:00:00,10,7,366.24,55.47,21.32,73.3,220.04
2023-10-05 08:00:00,10,8,304.52,34.96,24.3,68.3,182.24
2023-10-05 09:00:00,10,9,360.63,40.05,27.08,68.73,206.17
2023-10-05 10:00:00,10,10,327.68,40.15,17.73,71.16,194.44
2023-10-05 11:00:00,10,11,335.89,39.76,22.97,73.64,204.98
2023-10-05 12:00:00,10,12,346.57,50.53,20.69,67.21,200.82
2023-10-05 13:00:00,10,13,317.3,40.13,23.1,73.2,204.4
2023-10-05 14:00:00,10,14,347.19,57.24,22.91,70.08,203.24
2023-10-05 15:00:00,10,15,275.75,35.12,23.82,64.04,159.35
2023-10-05 16:00:00,10,16,315.5,45.0,21.57,66.15,171.27
2023-10-05 17:00:00,10,17,311.42,35.54,19.22,70.4,181.41
2023-10-05 18:00:00,10,18,304.83,47.51,22.86,63.78,165.48
2023-10-05 19:00:00,10,19,325.6,43.14,21.24,71.75,190.73
2023-10-05 20:00:00,10,20,337.62,41.75,20.53,68.11,195.05
2023-10-05 21:00:00,10,21,343.96,55.19,20.05,69.23,195.96
2023-10-05 22:00:00,10,22,334.72,36.76,23.01,74.52,200.28
2023-10-05 23:00:00,10,23,316.59,49.17,24.21,69.1,173.71
2023-10-06 00:00:00,10,0,337.28,35.61,18.61,67.68,188.72
2023-10-06 01:00:00,10,1,332.39,44.43,22.24,66.91,187.53
2023-10-06 02:00:00,10,2,348.62,31.35,20.26,66.65,186.94
2023-10-06 03:00:00,10,3,345.44,36.68,18.07,68.88,199.31
2023-10-06 04:00:00,10,4,330.51,42.48,21.3,74.14,205.23
2023-10-06 05:00:00,10,5,311.96,61.45,19.33,64.26,166.32
2023-10-06 06:00:00,10,6,316.84,44.31,17.84,63.88,164.15
2023-10-06 07:00:00,10,7,318.91,59.85,19.44,73.75,197.31
2023-10-06 08:00:00,10,8,323.6,45.5,18.94,64.49,173.3
2023-10-06 09:00:00,10,9,335.26,39.43,19.71,68.4,196.13
2023-10-06 10:00:00,10,10,344.21,58.69,18.35,64.36,178.26
2023-10-06 11:00:00,10,11,328.88,47.67,20.21,58.92,162.16
2023-10-06 12:00:00,10,12,330.23,36.87,19.57,68.31,181.74
2023-10-06 13:00:00,10,13,332.77,48.01,21.75,72.9,201.09
2023-10-06 14:00:00,10,14,319.59,40.38,22.19,67.01,173.1
2023-10-06 15:00:00,10,15,311.4,23.41,21.52,59.91,150.98
2023-10-06 16:00:00,10,16,294.8,52.66,20.53,67.87,166.81
2023-10-06 17:00:00,10,17,316.0,54.25,20.48,63.54,164.6
2023-10-06 18:00:00,10,18,339.37,61.68,19.33,54.22,160.77
2023-10-06 19:00:00,10,19,315.85,47.52,19.37,66.92,182.13
2023-10-06 20:00:00,10,20,325.15,40.81,22.41,69.91,193.56
2023-10-06 21:00:00,10,21,339.23,51.65,17.48,73.21,211.01
2023-10-06 22:00:00,10,22,340.32,51.8,20.84,76.1,216.62
2023-10-06 23:00:00,10,23,308.31,59.68,20.35,70.58,187.96
2023-10-07 00:00:00,10,0,349.84,42.85,22.2,71.99,208.53
2023-10-07 01:00:00,10,1,352.45,41.65,18.15,60.9,189.57
2023-10-07 02:00:00,10,2,307.31,36.15,21.02,75.43,188.58
2023-10-07 03:00:00,10,3,313.43,48.68,21.69,73.66,186.86
2023-10-07 04:00:00,10,4,353.73,27.82,17.19,65.48,186.18
2023-10-07 05:00:00,10,5,326.97,51.06,18.85,70.73,186.73
2023-10-07 06:00:00,10,6,285.51,49.18,20.82,70.23,159.04
2023-10-07 07:00:00,10,7,301.91,49.15,22.03,74.67,189.05
2023-10-07 08:00:00,10,8,324.92,44.68,21.36,66.56,184.61
2023-10-07 09:00:00,10,9,306.64,58.63,22.12,63.59,162.76
2023-10-07 10:00:00,10,10,321.64,52.02,18.84,64.87,167.05
2023-10-07 11:00:00,10,11,330.55,37.23,17.82,71.8,195.57
2023-10-07 12:00:00,10,12,359.15,37.41,21.17,57.72,177.07
2023-10-07 13:00:00,10,13,324.09,34.5,18.54,52.34,139.72
2023-10-07 14:00:00,10,14,351.35,48.81,19.27,71.79,206.34
2023-10-07 15:00:00,10,15,358.48,33.3,22.86,68.69,197.77
2023-10-07 16:00:00,10,16,358.59,54.14,21.38,67.41,199.46
2023-10-07 17:00:00,10,17,335.6,56.53,19.86,60.79,166.61
2023-10-07 18:00:00,10,18,290.64,34.51,19.6,58.77,142.0
2023-10-07 19:00:00,10,19,339.12,41.45,22.24,64.15,183.78
2023-10-07 20:00:00,10,20,350.87,43.47,21.42,69.13,200.84
2023-10-07 21:00:00,10,21,328.28,52.14,18.57,64.39,177.19
2023-10-07 22:00:00,10,22,364.8,59.39,17.1,71.82,220.83
2023-10-07 23:00:00,10,23,347.1,26.45,24.76,62.55,174.89
2023-10-08 00:00:00,10,0,341.27,40.12,18.56,64.72,193.61
2023-10-08 01:00:00,10,1,351.63,40.64,22.06,70.84,203.99
2023-10-08 02:00:00,10,2,336.57,29.29,24.02,65.44,186.23
2023-10-08 03:00:00,10,3,280.05,38.45,21.3,65.68,147.7
2023-10-08 04:00:00,10,4,319.92,47.58,19.8,64.1,171.56
2023-10-08 05:00:00,10,5,353.85,40.51,18.15,63.18,187.14
2023-10-08 06:00:00,10,6,313.75,27.86,18.12,69.09,189.05
2023-10-08 07:00:00,10,7,325.43,72.04,21.75,69.74,188.08
2023-10-08 08:00:00,10,8,309.01,45.96,23.9,68.46,182.89
2023-10-08 09:00:00,10,9,365.58,44.42,20.21,64.24,197.28
2023-10-08 10:00:00,10,10,363.53,32.32,19.89,66.31,210.28
2023-10-08 11:00:00,10,11,312.23,45.91,22.39,75.3,187.14
2023-10-08 12:00:00,10,12,332.85,41.66,19.63,60.22,169.54
2023-10-08 13:00:00,10,13,316.29,24.42,21.55,76.75,189.06
2023-10-08 14:00:00,10,14,342.2,32.6,21.08,67.82,193.23
2023-10-08 15:00:00,10,15,340.1,51.25,20.18,66.42,193.47
2023-10-08 16:00:00,10,16,346.14,62.74,20.97,72.09,215.29
2023-10-08 17:00:00,10,17,336.54,46.97,24.53,56.98,163.61
2023-10-08 18:00:00,10,18,388.61,54.33,22.21,74.22,239.06
2023-10-08 19:00:00,10,19,309.35,41.74,23.19,76.61,200.34
2023-10-08 20:00:00,10,20,295.69,42.44,19.16,72.76,191.98
2023-10-08 21:00:00,10,21,322.04,54.21,23.19,56.81,152.93
2023-10-08 22:00:00,10,22,298.54,59.93,22.28,71.14,181.91
2023-10-08 23:00:00,10,23,300.05,56.31,18.0,75.55,186.88
2023-10-09 00:00:00,10,0,309.88,32.64,22.08,75.03,199.23
2023-10-09 01:00:00,10,1,311.46,42.63,19.97,60.28,161.08
2023-10-09 02:00:00,10,2,310.81,46.08,17.91,72.4,184.59
2023-10-09 03:00:00,10,3,340.27,40.7,21.26,76.3,220.37
2023-10-09 04:00:00,10,4,319.78,47.18,22.08,67.47,184.03
2023-10-09 05:00:00,10,5,326.31,51.51,21.3,60.06,167.11
2023-10-09 06:00:00,10,6,347.79,53.33,20.78,71.46,207.04
2023-10-09 07:00:00,10,7,314.58,60.16,20.34,72.59,196.56
2023-10-09 08:00:00,10,8,324.61,40.01,25.93,66.62,175.66
2023-10-09 09:00:00,10,9,337.22,29.66,18.63,61.37,172.61
2023-10-09 10:00:00,10,10,291.07,46.88,22.75,72.23,175.87
2023-10-09 11:00:00,10,11,282.21,62.14,21.03,63.48,155.23
2023-10-09 12:00:00,10,12,336.83,38.53,19.29,69.31,189.83
2023-10-09 13:00:00,10,13,339.74,50.17,20.9,75.11,213.99
2023-10-09 14:00:00,10,14,371.19,50.26,18.21,59.03,180.23
2023-10-09 15:00:00,10,15,333.07,45.22,19.81,71.86,200.12
2023-10-09 16:00:00,10,16,346.3,43.37,20.91,66.29,193.37
2023-10-09 17:00:00,10,17,325.99,34.07,17.9,66.42,174.15
2023-10-09 18:00:00,10,18,335.85,20.48,22.01,69.89,202.05
2023-10-09 19:00:00,10,19,363.25,32.18,19.07,63.46,194.37
2023-10-09 20:00:00,10,20,287.42,39.4,18.1,61.45,142.97
2023-10-09 21:00:00,10,21,338.18,54.28,18.84,58.4,162.97
2023-10-09 22:00:00,10,22,372.62,42.27,25.35,73.48,235.78
2023-10-09 23:00:00,10,23,335.54,38.11,17.04,65.46,185.24
2023-10-10 00:00:00,10,0,362.92,34.39,21.87,70.17,207.52
2023-10-10 01:00:00,10,1,317.32,49.87,19.5,64.9,167.79
2023-10-10 02:00:00,10,2,329.26,56.88,20.3,61.51,172.01
2023-10-10 03:00:00,10,3,330.57,53.94,22.21,70.58,198.28
2023-10-10 04:00:00,10,4,285.55,49.36,22.11,68.96,166.01
2023-10-10 05:00:00,10,5,306.54,28.55,19.64,66.14,167.59
2023-10-10 06:00:00,10,6,307.97,39.78,18.28,68.83,180.8
2023-10-10 07:00:00,10,7,346.35,62.77,22.24,62.52,178.99
2023-10-10 08:00:00,10,8,347.35,54.52,22.1,72.62,206.07
2023-10-10 09:00:00,10,9,336.38,27.93,20.43,73.78,214.89
2023-10-10 10:00:00,10,10,346.39,42.75,21.88,71.12,207.85
2023-10-10 11:00:00,10,11,326.62,46.93,20.11,65.46,174.36
2023-10-10 12:00:00,10,12,353.94,35.68,19.35,67.62,200.23
2023-10-10 13:00:00,10,13,330.08,20.21,21.01,75.16,207.02
2023-10-10 14:00:00,10,14,331.06,44.29,22.04,73.73,201.78
2023-10-10 15:00:00,10,15,324.59,35.42,21.62,77.29,210.36
2023-10-10 16:00:00,10,16,343.59,35.46,22.02,63.42,177.05
2023-10-10 17:00:00,10,17,321.48,39.75,19.48,62.97,173.17
2023-10-10 18:00:00,10,18,349.43,41.96,24.16,67.99,198.08
2023-10-10 19:00:00,10,19,307.26,43.21,20.32,69.35,169.65
2023-10-10 20:00:00,10,20,307.93,34.46,20.76,66.61,169.89
2023-10-10 21:00:00,10,21,343.65,41.1,18.36,65.37,184.25
2023-10-10 22:00:00,10,22,328.13,25.73,20.61,73.66,186.58
2023-10-10 23:00:00,10,23,320.83,46.41,22.06,66.87,178.1
2023-10-11 00:00:00,10,0,347.7,14.74,22.53,61.24,182.75
2023-10-11 01:00:00,10,1,317.76,40.41,24.12,61.82,163.27
2023-10-11 02:00:00,10,2,325.9,52.49,22.04,68.56,189.84
2023-10-11 03:00:00,10,3,357.89,32.71,21.55,82.33,245.75
2023-10-11 04:00:00,10,4,360.69,50.47,20.11,62.44,185.51
2023-10-11 05:00:00,10,5,361.35,54.86,19.68,65.75,194.44
2023-10-11 06:00:00,10,6,324.26,10.22,22.94,79.34,208.12
2023-10-11 07:00:00,10,7,354.52,41.79,22.9,64.9,196.48
2023-10-11 08:00:00,10,8,310.92,14.54,18.85,69.6,184.1
2023-10-11 09:00:00,10,9,311.77,42.12,22.45,76.7,198.0
2023-10-11 10:00:00,10,10,282.89,43.23,22.3,62.56,137.46
2023-10-11 11:00:00,10,11,363.36,18.48,18.77,65.77,201.65
2023-10-11 12:00:00,10,12,312.62,62.55,22.08,64.9,164.66
2023-10-11 13:00:00,10,13,327.37,46.16,18.9,59.73,163.77
2023-10-11 14:00:00,10,14,311.7,34.81,16.14,75.17,187.66
2023-10-11 15:00:00,10,15,343.81,57.96,20.68,64.39,185.07
2023-10-11 16:00:00,10,16,322.39,25.35,21.52,62.94,168.54
2023-10-11 17:00:00,10,17,303.81,31.01,20.77,65.1,152.86
2023-10-11 18:00:00,10,18,338.74,20.31,26.73,71.96,211.36
2023-10-11 19:00:00,10,19,301.23,61.31,21.76,67.88,168.88
2023-10-11 20:00:00,10,20,313.16,46.62,21.29,63.36,164.16
2023-10-11 21:00:00,10,21,287.77,49.9,21.86,69.37,169.12
2023-10-11 22:00:00,10,22,301.42,46.31,20.12,71.38,179.16
2023-10-11 23:00:00,10,23,333.47,49.04,22.86,67.2,188.69
2023-10-12 00:00:00,10,0,290.61,44.08,21.72,66.15,154.57
2023-10-12 01:00:00,10,1,300.28,46.01,21.63,72.4,180.57
2023-10-12 02:00:00,10,2,329.86,44.38,19.75,66.42,173.15
2023-10-12 03:00:00,10,3,319.03,37.22,17.87,75.36,199.29
2023-10-12 04:00:00,10,4,369.74,42.84,20.0,63.53,203.1
2023-10-12 05:00:00,10,5,366.58,46.04,21.57,63.42,186.32
2023-10-12 06:00:00,10,6,312.55,44.41,20.11,62.8,161.92
2023-10-12 07:00:00,10,7,341.05,28.52,21.58,66.13,177.43
2023-10-12 08:00:00,10,8,344.89,29.85,20.54,67.33,193.68
2023-10-12 09:00:00,10,9,317.95,54.13,21.86,60.69,163.24
2023-10-12 10:00:00,10,10,299.99,40.23,19.05,67.8,171.53
2023-10-12 11:00:00,10,11,329.66,49.15,21.39,70.15,189.82
2023-10-12 12:00:00,10,12,326.45,32.38,19.72,59.99,152.58
2023-10-12 13:00:00,10,13,321.19,28.57,17.92,64.71,167.11
2023-10-12 14:00:00,10,14,338.75,34.87,20.67,70.16,204.46
2023-10-12 15:00:00,10,15,314.89,41.08,24.07,61.87,166.86
2023-10-12 16:00:00,10,16,306.86,36.65,18.08,65.74,167.76
2023-10-12 17:00:00,10,17,332.09,56.24,21.24,72.76,202.29
2023-10-12 18:00:00,10,18,337.62,45.1,22.6,76.3,209.66
2023-10-12 19:00:00,10,19,306.37,61.79,25.6,69.52,184.05
2023-10-12 20:00:00,10,20,348.47,47.35,20.01,66.47,189.56
2023-10-12 21:00:00,10,21,294.49,19.18,19.74,64.81,161.35
2023-10-12 22:00:00,10,22,318.34,53.86,18.67,71.87,184.15
2023-10-12 23:00:00,10,23,324.74,28.21,23.28,72.99,196.75
2023-10-13 00:00:00,10,0,317.18,45.61,19.27,61.54,169.0
2023-10-13 01:00:00,10,1,318.6,35.55,20.26,71.87,186.21
2023-10-13 02:00:00,10,2,367.33,64.73,17.3,64.29,200.65
2023-10-13 03:00:00,10,3,312.89,57.7,22.77,63.02,159.02
2023-10-13 04:00:00,10,4,378.73,35.88,23.32,66.55,205.66
2023-10-13 05:00:00,10,5,338.65,42.03,22.69,72.28,204.06
2023-10-13 06:00:00,10,6,331.74,45.75,17.79,68.87,195.36
2023-10-13 07:00:00,10,7,339.43,51.94,22.21,68.73,193.04
2023-10-13 08:00:00,10,8,380.5,43.59,17.65,69.08,222.28
2023-10-13 09:00:00,10,9,310.03,33.05,21.12,69.66,185.8
2023-10-13 10:00:00,10,10,307.5,36.13,21.41,66.75,167.29
2023-10-13 11:00:00,10,11,314.81,43.26,21.62,70.48,177.39
2023-10-13 12:00:00,10,12,330.55,55.65,22.07,64.02,174.68
2023-10-13 13:00:00,10,13,295.39,47.58,20.98,70.58,180.2
2023-10-13 14:00:00,10,14,330.35,35.57,17.08,71.61,193.18
2023-10-13 15:00:00,10,15,363.77,49.78,22.07,70.82,219.88
2023-10-13 16:00:00,10,16,332.93,39.43,21.2,71.08,196.0
2023-10-13 17:00:00,10,17,324.05,52.21,19.19,69.64,196.97
2023-10-13 18:00:00,10,18,317.54,68.57,17.86,73.19,205.01
2023-10-13 19:00:00,10,19,347.87,39.71,24.08,55.96,167.49
2023-10-13 20:00:00,10,20,313.39,51.32,23.46,71.59,178.84
2023-10-13 21:00:00,10,21,366.83,35.85,22.41,77.2,224.12
2023-10-13 22:00:00,10,22,368.57,42.18,19.65,64.21,197.65
2023-10-13 23:00:00,10,23,335.04,43.6,15.97,63.65,182.36
2023-10-14 00:00:00,10,0,329.67,41.36,22.53,73.75,205.25
2023-10-14 01:00:00,10,1,350.52,67.93,21.73,62.69,179.6
2023-10-14 02:00:00,10,2,351.8,40.24,20.25,63.99,180.27
2023-10-14 03:00:00,10,3,313.78,49.17,23.25,68.17,183.02
2023-10-14 04:00:00,10,4,319.37,24.0,22.7,63.33,177.94
2023-10-14 05:00:00,10,5,303.46,47.62,21.35,71.7,178.07
2023-10-14 06:00:00,10,6,338.09,54.72,21.07,63.37,182.76
2023-10-14 07:00:00,10,7,343.24,38.03,21.1,69.12,210.85
2023-10-14 08:00:00,10,8,302.91,18.2,22.36,68.74,172.68
2023-10-14 09:00:00,10,9,320.8,42.91,19.29,75.64,201.49
2023-10-14 10:00:00,10,10,302.96,43.47,21.85,73.15,187.58
2023-10-14 11:00:00,10,11,311.93,50.54,19.16,64.67,166.79
2023-10-14 12:00:00,10,12,340.92,63.41,23.67,61.0,180.1
2023-10-14 13:00:00,10,13,315.23,39.5,22.06,71.51,185.95
2023-10-14 14:00:00,10,14,323.89,34.74,19.62,64.05,172.84
2023-10-14 15:00:00,10,15,297.36,31.63,21.16,65.64,155.55
2023-10-14 16:00:00,10,16,333.64,45.28,19.29,62.02,171.37
2023-10-14 17:00:00,10,17,329.02,48.09,24.01,70.72,188.97
2023-10-14 18:00:00,10,18,315.32,37.84,24.25,64.09,170.24
2023-10-14 19:00:00,10,19,326.12,51.09,22.39,67.15,174.27
2023-10-14 20:00:00,10,20,333.51,47.96,24.11,67.22,191.84
2023-10-14 21:00:00,10,21,313.61,43.73,21.3,68.24,174.09
2023-10-14 22:00:00,10,22,300.38,34.28,22.53,70.63,185.82
2023-10-14 23:00:00,10,23,366.02,38.48,23.45,66.11,208.61
2023-10-15 00:00:00,10,0,317.24,19.0,20.99,63.61,170.95
2023-10-15 01:00:00,10,1,327.97,45.66,21.14,58.02,150.99
2023-10-15 02:00:00,10,2,350.12,43.56,22.87,67.83,194.9
2023-10-15 03:00:00,10,3,400.48,45.19,22.29,66.54,217.71
2023-10-15 04:00:00,10,4,305.01,48.34,19.49,63.77,158.33
2023-10-15 05:00:00,10,5,338.9,47.16,16.63,67.63,199.01
2023-10-15 06:00:00,10,6,315.75,42.2,20.65,71.6,187.75
2023-10-15 07:00:00,10,7,319.13,43.79,16.81,72.88,190.65
2023-10-15 08:00:00,10,8,315.5,29.26,19.02,59.64,153.17
2023-10-15 09:00:00,10,9,307.39,37.46,19.25,65.52,165.27
2023-10-15 10:00:00,10,10,329.08,43.81,19.86,72.13,200.58
2023-10-15 11:00:00,10,11,300.41,35.94,22.64,75.3,180.49
2023-10-15 12:00:00,10,12,348.84,51.9,23.08,63.23,184.43
2023-10-15 13:00:00,10,13,331.0,36.71,22.02,74.21,206.95
2023-10-15 14:00:00,10,14,338.35,45.46,22.27,60.57,162.21
2023-10-15 15:00:00,10,15,320.58,44.47,22.31,73.06,188.22
2023-10-15 16:00:00,10,16,322.56,50.76,16.01,65.91,177.04
2023-10-15 17:00:00,10,17,335.66,52.31,21.02,75.13,217.5
2023-10-15 18:00:00,10,18,306.62,50.24,17.41,65.0,172.2
2023-10-15 19:00:00,10,19,322.74,22.24,22.02,65.77,173.96
2023-10-15 20:00:00,10,20,312.71,55.24,16.81,66.65,180.85
2023-10-15 21:00:00,10,21,312.09,58.57,20.64,59.64,153.6
2023-10-15 22:00:00,10,22,287.71,38.48,22.1,58.51,138.72
2023-10-15 23:00:00,10,23,356.69,45.67,18.76,69.87,208.29
2023-10-16 00:00:00,10,0,316.17,34.39,22.92,72.26,194.71
2023-10-16 01:00:00,10,1,353.17,23.82,22.01,70.36,204.15
2023-10-16 02:00:00,10,2,351.28,35.91,21.76,61.05,176.84
2023-10-16 03:00:00,10,3,304.18,37.9,22.4,69.72,170.6
2023-10-16 04:00:00,10,4,308.14,39.75,20.28,62.37,162.01
2023-10-16 05:00:00,10,5,381.11,33.71,21.3,69.36,225.08
2023-10-16 06:00:00,10,6,364.92,35.97,21.02,72.98,227.04
2023-10-16 07:00:00,10,7,329.27,43.19,20.97,69.16,183.05
2023-10-16 08:00:00,10,8,335.05,35.6,19.66,74.66,206.68
2023-10-16 09:00:00,10,9,317.29,48.74,18.51,66.57,182.35
2023-10-16 10:00:00,10,10,338.55,50.12,20.33,66.24,188.15
2023-10-16 11:00:00,10,11,315.56,67.11,20.22,67.66,178.2
2023-10-16 12:00:00,10,12,289.26,54.56,19.53,60.61,146.24
2023-10-16 13:00:00,10,13,303.47,45.73,22.7,65.31,167.96
2023-10-16 14:00:00,10,14,330.33,37.1,18.66,65.74,182.52
2023-10-16 15:00:00,10,15,307.28,46.24,20.66,65.9,165.98
2023-10-16 16:00:00,10,16,328.56,46.57,23.33,68.66,192.52
2023-10-16 17:00:00,10,17,308.41,38.17,22.82,59.92,148.08
2023-10-16 18:00:00,10,18,314.26,51.14,23.43,61.59,168.01
2023-10-16 19:00:00,10,19,346.97,29.32,19.82,72.98,206.67
2023-10-16 20:00:00,10,20,334.85,40.86,22.57,57.28,162.69
2023-10-16 21:00:00,10,21,329.71,48.86,18.87,70.4,192.73
2023-10-16 22:00:00,10,22,347.48,40.43,20.45,65.45,187.27
2023-10-16 23:00:00,10,23,339.52,41.23,20.64,68.12,199.64
2023-10-17 00:00:00,10,0,358.84,41.92,19.85,75.11,228.46
2023-10-17 01:00:00,10,1,320.71,34.95,20.28,66.66,177.98
2023-10-17 02:00:00,10,2,321.31,55.04,20.01,70.45,197.47
2023-10-17 03:00:00,10,3,303.88,33.12,19.04,67.61,176.23
2023-10-17 04:00:00,10,4,321.32,46.48,22.71,66.77,174.88
2023-10-17 05:00:00,10,5,349.2,47.44,20.64,66.15,181.33
2023-10-17 06:00:00,10,6,355.9,33.82,21.4,70.83,210.72
2023-10-17 07:00:00,10,7,349.11,44.03,21.33,63.66,192.24
2023-10-17 08:00:00,10,8,294.02,34.2,21.11,61.66,154.23
2023-10-17 09:00:00,10,9,351.57,57.21,21.19,67.69,206.31
2023-10-17 10:00:00,10,10,293.13,31.91,20.39,68.28,163.92
2023-10-17 11:00:00,10,11,347.87,36.76,23.84,58.2,168.23
2023-10-17 12:00:00,10,12,322.55,31.06,22.52,67.27,180.46
2023-10-17 13:00:00,10,13,343.95,29.72,21.04,61.19,176.69
2023-10-17 14:00:00,10,14,303.25,59.21,20.11,70.45,182.0
2023-10-17 15:00:00,10,15,353.33,48.73,20.76,58.3,179.93
2023-10-17 16:00:00,10,16,300.6,44.7,21.84,76.95,202.09
2023-10-17 17:00:00,10,17,316.53,36.74,24.0,65.63,181.56
2023-10-17 18:00:00,10,18,309.94,52.38,18.25,63.0,166.15
2023-10-17 19:00:00,10,19,294.82,35.06,22.32,65.91,160.31
2023-10-17 20:00:00,10,20,331.79,51.24,23.25,70.1,195.08
2023-10-17 21:00:00,10,21,366.03,34.58,18.03,71.77,222.33
2023-10-17 22:00:00,10,22,383.24,36.86,20.64,65.95,211.43
2023-10-17 23:00:00,10,23,331.85,50.88,18.87,60.13,161.81
2023-10-18 00:00:00,10,0,352.24,51.94,21.86,61.26,177.61
2023-10-18 01:00:00,10,1,334.55,49.28,20.28,68.75,196.13
2023-10-18 02:00:00,10,2,339.88,32.8,20.74,72.26,203.55
2023-10-18 03:00:00,10,3,323.06,38.83,20.18,72.91,196.52
2023-10-18 04:00:00,10,4,333.81,44.87,22.44,68.16,189.33
2023-10-18 05:00:00,10,5,340.65,34.81,21.46,72.16,200.5
2023-10-18 06:00:00,10,6,318.33,57.01,21.46,76.88,203.22
2023-10-18 07:00:00,10,7,328.35,19.28,21.32,73.27,198.33
2023-10-18 08:00:00,10,8,328.74,35.51,22.14,71.93,193.71
2023-10-18 09:00:00,10,9,346.43,38.21,20.48,63.29,177.53
2023-10-18 10:00:00,10,10,308.58,14.86,24.4,72.13,185.11
2023-10-18 11:00:00,10,11,328.87,29.34,18.53,69.63,194.03
2023-10-18 12:00:00,10,12,368.14,49.55,17.55,70.57,222.25
2023-10-18 13:00:00,10,13,353.19,43.6,17.38,73.63,209.86
2023-10-18 14:00:00,10,14,356.89,59.03,16.84,69.11,213.71
2023-10-18 15:00:00,10,15,330.39,58.75,22.35,66.81,185.52
2023-10-18 16:00:00,10,16,336.32,47.63,22.1,61.97,168.16
2023-10-18 17:00:00,10,17,349.95,46.43,23.42,65.84,190.1
2023-10-18 18:00:00,10,18,361.11,43.96,18.89,68.38,196.53
2023-10-18 19:00:00,10,19,290.87,16.75,22.49,68.71,158.54
2023-10-18 20:00:00,10,20,303.59,29.36,21.11,68.54,182.12
2023-10-18 21:00:00,10,21,356.09,44.31,21.33,72.12,210.64
2023-10-18 22:00:00,10,22,324.37,49.46,22.25,71.65,196.47
2023-10-18 23:00:00,10,23,316.47,46.2,19.49,67.01,176.28
2023-10-19 00:00:00,10,0,304.82,34.38,26.17,63.08,160.43
2023-10-19 01:00:00,10,1,318.8,52.68,23.66,69.24,185.9
2023-10-19 02:00:00,10,2,301.86,58.13,19.94,78.55,187.3
2023-10-19 03:00:00,10,3,371.73,52.68,18.82,68.93,220.24
2023-10-19 04:00:00,10,4,329.46,53.2,20.82,65.84,180.38
2023-10-19 05:00:00,10,5,328.74,37.71,21.36,70.0,189.36
2023-10-19 06:00:00,10,6,341.67,54.06,23.13,70.3,202.62
2023-10-19 07:00:00,10,7,349.15,44.76,18.66,70.24,200.9
2023-10-19 08:00:00,10,8,348.82,48.42,21.57,74.18,216.82
2023-10-19 09:00:00,10,9,351.38,46.96,17.94,69.25,202.07
2023-10-19 10:00:00,10,10,317.29,42.09,21.87,73.95,199.2
2023-10-19 11:00:00,10,11,323.95,34.7,20.78,68.47,183.89
2023-10-19 12:00:00,10,12,345.28,42.48,24.87,74.88,210.45
2023-10-19 13:00:00,10,13,319.36,53.17,17.91,73.35,197.15
2023-10-19 14:00:00,10,14,329.8,38.89,23.74,71.93,196.46
2023-10-19 15:00:00,10,15,337.88,52.23,17.59,71.27,191.68
2023-10-19 16:00:00,10,16,345.61,50.67,18.35,78.83,228.16
2023-10-19 17:00:00,10,17,294.35,40.31,17.65,72.7,175.76
2023-10-19 18:00:00,10,18,344.2,57.19,21.5,63.07,182.76
2023-10-19 19:00:00,10,19,325.23,39.75,18.65,68.55,181.63
2023-10-19 20:00:00,10,20,344.05,58.4,18.3,66.0,183.31
2023-10-19 21:00:00,10,21,345.44,47.64,21.41,77.64,229.55
2023-10-19 22:00:00,10,22,362.06,43.14,21.9,73.58,226.35
2023-10-19 23:00:00,10,23,356.97,34.42,21.08,77.48,230.6
2023-10-20 00:00:00,10,0,356.84,42.42,20.68,63.52,191.19
2023-10-20 01:00:00,10,1,358.78,41.26,24.66,72.83,221.93
2023-10-20 02:00:00,10,2,335.73,30.72,21.29,60.5,169.31
2023-10-20 03:00:00,10,3,330.55,41.13,22.61,59.36,157.57
2023-10-20 04:00:00,10,4,347.36,35.26,21.29,65.34,190.74
2023-10-20 05:00:00,10,5,344.55,49.16,18.8,74.88,220.15
2023-10-20 06:00:00,10,6,323.72,56.36,22.1,62.36,171.29
2023-10-20 07:00:00,10,7,338.0,31.03,19.69,67.24,189.8
2023-10-20 08:00:00,10,8,329.2,60.42,20.82,73.26,203.94
2023-10-20 09:00:00,10,9,312.83,42.02,21.61,71.55,185.53
2023-10-20 10:00:00,10,10,355.71,33.55,17.12,78.4,237.77
2023-10-20 11:00:00,10,11,331.01,50.88,17.78,67.34,192.59
2023-10-20 12:00:00,10,12,370.88,38.84,22.82,65.11,194.88
2023-10-20 13:00:00,10,13,297.39,42.48,19.67,61.85,158.95
2023-10-20 14:00:00,10,14,318.77,39.26,19.77,65.48,185.24
2023-10-20 15:00:00,10,15,330.56,35.13,21.33,61.8,172.98
2023-10-20 16:00:00,10,16,352.65,50.54,20.23,58.34,176.47
2023-10-20 17:00:00,10,17,337.89,40.44,21.84,77.14,214.1
2023-10-20 18:00:00,10,18,336.11,28.93,20.9,67.57,186.84
2023-10-20 19:00:00,10,19,307.36,48.81,21.4,80.28,204.7
2023-10-20 20:00:00,10,20,306.76,31.25,19.6,63.12,159.46
2023-10-20 21:00:00,10,21,336.35,31.77,21.39,65.18,176.24
2023-10-20 22:00:00,10,22,302.62,55.23,23.21,63.44,159.23
2023-10-20 23:00:00,10,23,319.27,31.34,19.86,64.12,174.87
2023-10-21 00:00:00,10,0,339.92,20.14,22.83,71.69,196.7
2023-10-21 01:00:00,10,1,310.26,49.53,20.9,70.15,182.38
2023-10-21 02:00:00,10,2,362.01,40.26,22.47,71.7,217.17
2023-10-21 03:00:00,10,3,354.38,41.12,21.26,74.03,217.26
2023-10-21 04:00:00,10,4,298.48,40.16,20.93,72.86,183.81
2023-10-21 05:00:00,10,5,311.26,45.62,21.7,62.28,163.65
2023-10-21 06:00:00,10,6,284.19,35.77,23.43,64.7,151.46
2023-10-21 07:00:00,10,7,314.25,58.06,21.47,67.93,183.3
2023-10-21 08:00:00,10,8,345.23,28.54,21.96,85.96,250.26
2023-10-21 09:00:00,10,9,321.63,47.75,20.26,71.18,198.77
2023-10-21 10:00:00,10,10,339.12,49.72,24.14,67.85,191.54
2023-10-21 11:00:00,10,11,299.46,35.7,22.28,70.69,174.9
2023-10-21 12:00:00,10,12,345.86,33.06,21.16,64.3,184.41
2023-10-21 13:00:00,10,13,318.8,53.47,20.75,68.63,188.34
2023-10-21 14:00:00,10,14,330.15,33.39,22.96,72.09,197.73
2023-10-21 15:00:00,10,15,328.05,37.23,19.79,67.18,183.31
2023-10-21 16:00:00,10,16,304.47,52.17,17.43,63.54,171.12
2023-10-21 17:00:00,10,17,306.84,43.65,21.14,66.93,164.53
2023-10-21 18:00:00,10,18,349.26,25.33,23.38,65.72,193.19
2023-10-21 19:00:00,10,19,337.88,60.77,24.18,60.53,170.25
2023-10-21 20:00:00,10,20,350.9,38.0,20.79,64.46,187.37
2023-10-21 21:00:00,10,21,336.4,39.27,21.09,60.36,164.54
2023-10-21 22:00:00,10,22,332.76,45.86,22.04,61.14,166.32
2023-10-21 23:00:00,10,23,295.38,49.55,20.47,61.62,149.72
2023-10-22 00:00:00,10,0,324.5,62.91,22.03,72.09,197.53
2023-10-22 01:00:00,10,1,329.36,26.7,20.83,74.77,209.6
2023-10-22 02:00:00,10,2,368.97,51.56,23.02,59.64,174.6
2023-10-22 03:00:00,10,3,343.64,50.73,22.45,75.22,209.54
2023-10-22 04:00:00,10,4,360.63,41.93,22.62,61.69,188.24
2023-10-22 05:00:00,10,5,341.85,51.17,20.59,71.05,205.71
2023-10-22 06:00:00,10,6,315.68,52.64,24.85,68.61,173.29
2023-10-22 07:00:00,10,7,332.25,29.48,21.97,70.5,199.69
2023-10-22 08:00:00,10,8,334.63,60.8,21.49,61.49,171.51
2023-10-22 09:00:00,10,9,311.12,27.71,19.48,58.26,154.87
2023-10-22 10:00:00,10,10,322.22,31.95,20.81,63.31,165.83
2023-10-22 11:00:00,10,11,325.79,40.68,21.23,69.45,181.73
2023-10-22 12:00:00,10,12,362.02,62.55,19.42,77.11,231.21
2023-10-22 13:00:00,10,13,288.29,40.22,20.42,62.17,148.13
2023-10-22 14:00:00,10,14,354.02,42.98,20.67,66.83,195.67
2023-10-22 15:00:00,10,15,311.17,57.62,21.11,63.58,163.01
2023-10-22 16:00:00,10,16,302.46,40.3,17.47,67.23,178.04
2023-10-22 17:00:00,10,17,353.5,31.52,20.73,57.67,161.48
2023-10-22 18:00:00,10,18,344.54,39.13,20.25,74.81,210.7
2023-10-22 19:00:00,10,19,354.99,57.01,20.96,67.44,197.54
2023-10-22 20:00:00,10,20,345.92,44.01,23.07,71.91,207.53
2023-10-22 21:00:00,10,21,371.1,62.61,25.1,66.16,208.28
2023-10-22 22:00:00,10,22,341.08,50.68,22.36,68.27,198.5
2023-10-22 23:00:00,10,23,326.77,36.85,18.53,72.96,204.2
2023-10-23 00:00:00,10,0,336.76,43.81,20.31,67.98,193.3
2023-10-23 01:00:00,10,1,354.77,34.77,22.19,68.16,192.98
2023-10-23 02:00:00,10,2,314.32,36.62,21.97,63.35,157.72
2023-10-23 03:00:00,10,3,316.87,88.09,22.97,64.65,176.55
2023-10-23 04:00:00,10,4,323.72,53.49,20.81,62.26,173.47
2023-10-23 05:00:00,10,5,287.81,51.91,20.27,63.63,155.89
2023-10-23 06:00:00,10,6,332.67,37.07,24.5,73.58,200.0
2023-10-23 07:00:00,10,7,292.18,59.0,21.12,76.36,184.44
2023-10-23 08:00:00,10,8,330.96,54.3,18.97,61.08,166.58
2023-10-23 09:00:00,10,9,347.21,62.12,23.95,69.3,195.5
2023-10-23 10:00:00,10,10,320.37,61.63,18.01,65.73,176.89
2023-10-23 11:00:00,10,11,363.45,28.51,14.01,74.31,235.97
2023-10-23 12:00:00,10,12,300.69,32.2,22.54,67.99,168.01
2023-10-23 13:00:00,10,13,353.73,33.26,22.82,67.28,204.94
2023-10-23 14:00:00,10,14,343.41,33.86,21.83,63.6,177.68
2023-10-23 15:00:00,10,15,295.58,46.54,18.4,59.66,139.37
2023-10-23 16:00:00,10,16,384.12,37.63,20.88,71.13,232.75
2023-10-23 17:00:00,10,17,328.63,64.03,20.44,69.09,188.22
2023-10-23 18:00:00,10,18,312.35,62.35,19.93,69.21,186.61
2023-10-23 19:00:00,10,19,301.76,43.24,23.82,64.32,169.21
2023-10-23 20:00:00,10,20,325.5,62.85,18.91,66.59,179.35
2023-10-23 21:00:00,10,21,327.36,58.18,21.63,71.28,201.27
2023-10-23 22:00:00,10,22,331.96,38.79,23.39,72.23,195.56
2023-10-23 23:00:00,10,23,323.95,23.21,21.76,61.43,161.47
2023-10-24 00:00:00,10,0,342.57,41.12,23.48,64.15,188.62
2023-10-24 01:00:00,10,1,322.15,36.86,22.13,60.37,154.43
2023-10-24 02:00:00,10,2,291.2,45.37,21.86,68.33,165.9
2023-10-24 03:00:00,10,3,326.92,44.19,21.73,71.74,201.82
2023-10-24 04:00:00,10,4,282.55,43.93,22.23,65.93,161.91
2023-10-24 05:00:00,10,5,336.98,48.54,20.23,64.01,177.69
2023-10-24 06:00:00,10,6,310.32,31.18,18.4,65.64,174.91
2023-10-24 07:00:00,10,7,333.17,47.41,22.91,78.85,213.45
2023-10-24 08:00:00,10,8,356.19,38.91,23.32,73.28,214.31
2023-10-24 09:00:00,10,9,310.93,45.3,21.5,70.98,185.17
2023-10-24 10:00:00,10,10,351.13,52.88,19.9,68.92,203.68
2023-10-24 11:00:00,10,11,321.24,31.06,17.88,67.26,174.92
2023-10-24 12:00:00,10,12,364.97,40.49,21.17,62.79,200.39
2023-10-24 13:00:00,10,13,322.6,42.12,18.3,62.01,157.43
2023-10-24 14:00:00,10,14,313.09,38.16,18.02,64.48,168.61
2023-10-24 15:00:00,10,15,343.65,52.3,20.96,62.55,180.22
2023-10-24 16:00:00,10,16,321.19,36.1,19.47,64.28,163.43
2023-10-24 17:00:00,10,17,313.07,37.75,21.69,66.81,181.04
2023-10-24 18:00:00,10,18,320.35,36.2,20.68,67.19,175.79
2023-10-24 19:00:00,10,19,329.01,54.22,19.79,64.22,176.67
2023-10-24 20:00:00,10,20,356.75,38.38,17.59,69.8,209.27
2023-10-24 21:00:00,10,21,291.22,47.9,19.29,66.38,153.91
2023-10-24 22:00:00,10,22,330.37,63.06,19.37,68.39,183.05
2023-10-24 23:00:00,10,23,342.4,42.55,18.55,63.6,189.39
2023-10-25 00:00:00,10,0,333.77,54.42,20.34,70.78,196.68
2023-10-25 01:00:00,10,1,356.1,60.01,18.71,64.65,178.47
2023-10-25 02:00:00,10,2,328.42,53.57,20.67,75.36,204.87
2023-10-25 03:00:00,10,3,326.21,43.13,21.48,66.2,179.9
2023-10-25 04:00:00,10,4,341.75,49.72,19.35,66.85,191.59
2023-10-25 05:00:00,10,5,331.89,30.43,21.85,70.29,184.53
2023-10-25 06:00:00,10,6,322.1,35.5,18.28,71.38,191.56
2023-10-25 07:00:00,10,7,340.23,37.25,18.78,71.92,199.87
2023-10-25 08:00:00,10,8,316.85,65.71,20.77,76.2,202.43
2023-10-25 09:00:00,10,9,317.68,35.18,22.37,70.63,189.63
2023-10-25 10:00:00,10,10,319.34,35.03,22.73,66.99,180.37
2023-10-25 11:00:00,10,11,356.97,32.86,24.22,64.67,199.52
2023-10-25 12:00:00,10,12,265.48,48.9,20.25,66.65,158.5
2023-10-25 13:00:00,10,13,337.82,44.73,20.74,74.74,204.87
2023-10-25 14:00:00,10,14,330.59,54.17,18.93,60.39,164.55
2023-10-25 15:00:00,10,15,296.29,50.01,18.49,63.23,159.92
2023-10-25 16:00:00,10,16,336.1,29.5,21.46,66.23,184.97
2023-10-25 17:00:00,10,17,339.42,35.23,19.45,63.16,165.14
2023-10-25 18:00:00,10,18,341.7,56.95,23.46,65.28,185.03
2023-10-25 19:00:00,10,19,276.87,41.27,18.08,76.35,182.44
2023-10-25 20:00:00,10,20,357.23,55.18,21.97,65.83,189.12
2023-10-25 21:00:00,10,21,315.15,41.8,18.99,69.38,183.42
2023-10-25 22:00:00,10,22,343.64,33.62,19.36,59.03,159.61
2023-10-25 23:00:00,10,23,344.73,40.27,22.08,61.81,182.02
2023-10-26 00:00:00,10,0,312.37,33.62,19.65,71.98,188.7
2023-10-26 01:00:00,10,1,343.11,37.65,19.97,75.66,213.63
2023-10-26 02:00:00,10,2,322.19,45.31,19.38,68.43,181.75
2023-10-26 03:00:00,10,3,288.48,48.42,24.57,65.79,150.76
2023-10-26 04:00:00,10,4,353.26,27.4,19.77,69.8,210.65
2023-10-26 05:00:00,10,5,314.4,43.13,21.1,54.33,138.45
2023-10-26 06:00:00,10,6,312.81,37.44,20.6,68.47,181.09
2023-10-26 07:00:00,10,7,321.84,36.82,21.44,62.09,161.82
2023-10-26 08:00:00,10,8,335.35,44.63,19.77,71.29,210.34
2023-10-26 09:00:00,10,9,328.76,37.8,20.6,56.36,162.3
2023-10-26 10:00:00,10,10,340.87,57.12,21.79,64.18,192.78
2023-10-26 11:00:00,10,11,303.11,55.18,19.27,67.12,180.59
2023-10-26 12:00:00,10,12,315.06,55.12,23.18,63.51,163.68
2023-10-26 13:00:00,10,13,327.58,38.35,23.37,65.44,174.34
2023-10-26 14:00:00,10,14,367.86,33.68,22.21,71.84,230.5
2023-10-26 15:00:00,10,15,327.63,44.12,21.14,67.2,182.87
2023-10-26 16:00:00,10,16,351.61,41.8,15.02,62.67,187.9
2023-10-26 17:00:00,10,17,330.67,37.21,21.85,72.02,195.49
2023-10-26 18:00:00,10,18,320.23,31.54,20.22,68.58,180.09
2023-10-26 19:00:00,10,19,324.97,42.89,20.51,68.78,190.53
2023-10-26 20:00:00,10,20,326.54,39.26,17.21,62.86,161.3
2023-10-26 21:00:00,10,21,341.98,50.18,21.99,54.58,159.56
2023-10-26 22:00:00,10,22,357.4,49.95,18.1,62.79,189.75
2023-10-26 23:00:00,10,23,337.1,54.31,21.24,62.28,172.41
2023-10-27 00:00:00,10,0,353.65,30.71,22.81,64.25,189.6
2023-10-27 01:00:00,10,1,310.61,47.31,20.06,63.11,164.36
2023-10-27 02:00:00,10,2,321.61,36.03,23.43,67.88,183.23
2023-10-27 03:00:00,10,3,315.42,31.1,19.51,71.72,192.1
2023-10-27 04:00:00,10,4,336.19,39.02,22.2,72.7,199.73
2023-10-27 05:00:00,10,5,322.72,53.99,18.39,71.51,205.92
2023-10-27 06:00:00,10,6,344.5,39.58,23.06,62.83,179.46
2023-10-27 07:00:00,10,7,311.28,58.96,22.75,67.62,174.85
2023-10-27 08:00:00,10,8,330.76,48.79,21.94,75.15,216.98
2023-10-27 09:00:00,10,9,343.64,39.36,20.21,59.4,161.05
2023-10-27 10:00:00,10,10,288.6,54.9,18.2,74.06,187.9
2023-10-27 11:00:00,10,11,372.34,47.76,20.22,62.34,194.02
2023-10-27 12:00:00,10,12,324.24,33.98,23.22,68.79,183.33
2023-10-27 13:00:00,10,13,289.4,61.89,21.26,69.38,161.84
2023-10-27 14:00:00,10,14,333.07,45.9,17.89,68.27,183.26
2023-10-27 15:00:00,10,15,330.57,43.49,18.75,78.46,214.57
2023-10-27 16:00:00,10,16,328.27,34.75,23.51,65.82,181.55
2023-10-27 17:00:00,10,17,349.73,55.1,21.98,59.12,175.53
2023-10-27 18:00:00,10,18,344.85,48.47,18.53,69.1,200.04
2023-10-27 19:00:00,10,19,335.86,49.59,17.47,66.47,183.6
2023-10-27 20:00:00,10,20,338.91,38.23,19.75,70.09,204.78
2023-10-27 21:00:00,10,21,327.82,51.64,17.3,71.73,209.45
2023-10-27 22:00:00,10,22,365.41,52.42,20.69,67.15,212.09
2023-10-27 23:00:00,10,23,300.32,36.61,25.9,69.5,172.25
2023-10-28 00:00:00,10,0,332.7,29.13,17.81,68.04,191.27
2023-10-28 01:00:00,10,1,331.2,49.12,20.63,76.28,213.5
2023-10-28 02:00:00,10,2,346.17,27.57,23.62,65.47,196.99
2023-10-28 03:00:00,10,3,313.03,44.82,22.5,63.89,165.06
2023-10-28 04:00:00,10,4,295.03,38.83,20.7,71.72,171.62
2023-10-28 05:00:00,10,5,333.04,55.49,20.71,62.67,179.72
2023-10-28 06:00:00,10,6,335.53,39.37,18.69,69.28,195.87
2023-10-28 07:00:00,10,7,359.7,54.37,20.46,66.47,193.83
2023-10-28 08:00:00,10,8,304.5,38.16,21.49,66.81,173.17
2023-10-28 09:00:00,10,9,353.0,53.3,23.21,79.51,243.22
2023-10-28 10:00:00,10,10,377.25,63.9,19.76,73.49,227.71
2023-10-28 11:00:00,10,11,322.35,32.62,20.62,72.43,190.23
2023-10-28 12:00:00,10,12,304.08,46.22,19.1,69.97,177.58
2023-10-28 13:00:00,10,13,321.76,70.79,21.45,63.86,174.75
2023-10-28 14:00:00,10,14,330.18,43.97,22.57,68.63,188.57
2023-10-28 15:00:00,10,15,341.18,43.92,22.26,70.24,205.49
2023-10-28 16:00:00,10,16,318.08,51.19,18.66,68.32,182.49
2023-10-28 17:00:00,10,17,361.01,43.71,21.29,67.79,209.14
2023-10-28 18:00:00,10,18,307.61,26.23,19.65,65.33,163.98
2023-10-28 19:00:00,10,19,295.12,54.62,23.02,68.69,162.89
2023-10-28 20:00:00,10,20,352.04,23.27,20.68,64.69,188.2
2023-10-28 21:00:00,10,21,284.41,39.13,17.96,70.84,161.26
2023-10-28 22:00:00,10,22,325.82,55.38,20.56,57.24,157.56
2023-10-28 23:00:00,10,23,392.26,39.74,21.92,74.11,232.33
2023-10-29 00:00:00,10,0,329.66,36.36,21.49,60.76,164.77
2023-10-29 01:00:00,10,1,307.49,52.09,19.98,61.98,157.5
2023-10-29 02:00:00,10,2,328.76,34.79,19.83,69.36,184.92
2023-10-29 03:00:00,10,3,328.89,31.08,19.02,70.02,190.49
2023-10-29 04:00:00,10,4,333.12,46.05,20.21,77.71,215.88
2023-10-29 05:00:00,10,5,343.15,41.47,19.29,68.8,203.21
2023-10-29 06:00:00,10,6,309.12,30.86,22.94,67.12,167.8
2023-10-29 07:00:00,10,7,363.65,49.67,19.2,68.28,208.83
2023-10-29 08:00:00,10,8,334.81,47.95,21.24,75.27,212.92
2023-10-29 09:00:00,10,9,344.44,39.7,21.11,79.44,228.06
2023-10-29 10:00:00,10,10,317.34,40.39,22.89,66.4,173.2
2023-10-29 11:00:00,10,11,355.63,48.01,23.18,70.03,201.99
2023-10-29 12:00:00,10,12,324.76,55.2,22.39,66.95,190.79
2023-10-29 13:00:00,10,13,335.45,40.47,21.71,66.85,187.35
2023-10-29 14:00:00,10,14,311.24,49.85,18.9,76.72,197.52
2023-10-29 15:00:00,10,15,309.97,48.95,18.86,62.69,172.64
2023-10-29 16:00:00,10,16,343.67,52.09,19.31,55.65,160.58
2023-10-29 17:00:00,10,17,321.03,43.69,22.5,68.91,197.18
2023-10-29 18:00:00,10,18,312.83,34.18,21.15,73.33,184.19
2023-10-29 19:00:00,10,19,317.04,38.68,22.74,68.42,179.69
2023-10-29 20:00:00,10,20,343.88,46.73,23.01,69.83,193.39
2023-10-29 21:00:00,10,21,317.32,61.49,19.55,71.08,187.47
2023-10-29 22:00:00,10,22,327.55,38.46,21.06,67.88,184.75
2023-10-29 23:00:00,10,23,330.2,51.35,20.97,70.1,190.73
2023-10-30 00:00:00,10,0,291.56,40.02,20.34,70.02,170.49
2023-10-30 01:00:00,10,1,300.48,44.41,19.93,57.53,142.09
2023-10-30 02:00:00,10,2,336.63,58.46,23.37,67.89,190.01
2023-10-30 03:00:00,10,3,315.16,50.94,21.1,59.46,152.47
2023-10-30 04:00:00,10,4,351.04,30.89,21.03,67.13,203.71
2023-10-30 05:00:00,10,5,349.24,37.58,19.39,64.84,183.29
2023-10-30 06:00:00,10,6,344.29,55.86,22.35,72.49,209.17
2023-10-30 07:00:00,10,7,366.3,44.72,18.99,68.54,203.39
2023-10-30 08:00:00,10,8,328.24,31.81,21.91,69.69,186.56
2023-10-30 09:00:00,10,9,342.88,35.11,21.96,66.36,186.1
2023-10-30 10:00:00,10,10,318.22,50.34,20.17,72.58,191.93
2023-10-30 11:00:00,10,11,378.95,53.25,21.64,59.33,188.37
2023-10-30 12:00:00,10,12,369.58,43.48,21.37,62.84,188.13
2023-10-30 13:00:00,10,13,330.14,68.05,20.92,73.75,200.96
2023-10-30 14:00:00,10,14,337.64,51.54,21.03,65.14,178.44
2023-10-30 15:00:00,10,15,357.09,40.87,21.12,56.59,163.33
2023-10-30 16:00:00,10,16,326.96,35.14,21.26,74.58,209.01
2023-10-30 17:00:00,10,17,316.77,33.55,21.12,72.71,185.08
2023-10-30 18:00:00,10,18,347.38,46.66,18.79,70.88,205.68
2023-10-30 19:00:00,10,19,331.47,38.41,20.7,67.79,195.87
2023-10-30 20:00:00,10,20,333.56,60.04,21.53,75.62,216.37
2023-10-30 21:00:00,10,21,313.22,57.96,21.19,73.61,194.39
2023-10-30 22:00:00,10,22,295.55,49.63,22.91,75.06,184.9
2023-10-30 23:00:00,10,23,334.63,31.51,22.24,70.8,201.23
2023-10-31 00:00:00,10,0,348.0,36.58,19.26,67.93,198.98
2023-10-31 01:00:00,10,1,325.39,55.86,20.67,65.32,184.36
2023-10-31 02:00:00,10,2,358.63,37.67,20.38,60.98,181.68
2023-10-31 03:00:00,10,3,315.83,54.52,20.99,69.83,188.91
2023-10-31 04:00:00,10,4,308.81,48.05,20.99,70.25,179.26
2023-10-31 05:00:00,10,5,328.56,43.82,22.22,65.57,189.11
2023-10-31 06:00:00,10,6,328.25,36.27,21.35,70.39,191.85
2023-10-31 07:00:00,10,7,345.3,42.36,23.46,65.66,180.96
2023-10-31 08:00:00,10,8,314.4,45.2,21.48,71.66,188.25
2023-10-31 09:00:00,10,9,357.27,53.63,19.34,62.91,191.24
2023-10-31 10:00:00,10,10,369.24,34.44,20.07,62.04,199.18
2023-10-31 11:00:00,10,11,329.12,40.67,22.21,66.12,176.47
2023-10-31 12:00:00,10,12,354.9,43.75,17.77,71.46,202.76
2023-10-31 13:00:00,10,13,308.77,49.93,18.31,61.53,160.9
2023-10-31 14:00:00,10,14,351.41,34.22,21.02,72.57,214.97
2023-10-31 15:00:00,10,15,350.85,30.14,22.9,59.11,165.87
2023-10-31 16:00:00,10,16,347.17,50.04,23.61,66.09,189.67
2023-10-31 17:00:00,10,17,329.59,28.12,20.57,60.26,164.18
2023-10-31 18:00:00,10,18,270.82,56.15,23.12,54.27,126.67
2023-10-31 19:00:00,10,19,317.07,41.74,21.14,69.15,180.76
2023-10-31 20:00:00,10,20,317.39,27.83,17.94,66.43,173.63
2023-10-31 21:00:00,10,21,310.34,38.5,20.98,60.34,156.71
2023-10-31 22:00:00,10,22,332.35,47.09,19.76,64.74,172.52
2023-10-31 23:00:00,10,23,321.52,37.97,22.84,69.53,195.92
2023-11-01 00:00:00,11,0,258.51,25.2,18.02,58.16,130.04
2023-11-01 01:00:00,11,1,253.82,32.4,15.52,59.01,121.38
2023-11-01 02:00:00,11,2,260.69,22.98,15.07,58.01,120.51
2023-11-01 03:00:00,11,3,297.43,15.63,18.03,57.09,136.39
2023-11-01 04:00:00,11,4,261.78,22.01,13.23,57.02,127.41
2023-11-01 05:00:00,11,5,264.7,39.15,17.04,56.88,120.49
2023-11-01 06:00:00,11,6,265.87,41.85,18.53,56.23,123.42
2023-11-01 07:00:00,11,7,281.78,4.8,15.96,54.91,120.57
2023-11-01 08:00:00,11,8,284.12,35.91,20.06,58.1,140.36
2023-11-01 09:00:00,11,9,214.11,27.5,20.45,56.8,104.3
2023-11-01 10:00:00,11,10,295.43,34.24,16.04,54.64,133.68
2023-11-01 11:00:00,11,11,303.73,19.5,17.48,63.83,162.63
2023-11-01 12:00:00,11,12,254.0,7.32,20.06,66.16,144.11
2023-11-01 13:00:00,11,13,255.55,30.84,18.07,60.0,128.69
2023-11-01 14:00:00,11,14,265.99,15.59,15.28,60.33,137.72
2023-11-01 15:00:00,11,15,259.88,11.12,17.79,56.54,116.68
2023-11-01 16:00:00,11,16,279.48,11.82,16.37,65.34,154.15
2023-11-01 17:00:00,11,17,236.07,31.01,20.29,68.69,136.18
2023-11-01 18:00:00,11,18,252.64,26.39,19.28,59.18,130.68
2023-11-01 19:00:00,11,19,305.78,32.82,17.44,57.39,146.49
2023-11-01 20:00:00,11,20,256.44,31.69,18.36,61.71,131.46
2023-11-01 21:00:00,11,21,299.87,20.79,15.46,60.64,148.85
2023-11-01 22:00:00,11,22,282.11,24.3,16.56,57.5,142.71
2023-11-01 23:00:00,11,23,238.81,19.89,21.18,62.36,112.39
2023-11-02 00:00:00,11,0,287.71,22.9,18.18,64.69,157.75
2023-11-02 01:00:00,11,1,272.65,15.33,19.93,56.07,127.37
2023-11-02 02:00:00,11,2,265.89,28.9,18.54,72.71,160.29
2023-11-02 03:00:00,11,3,279.9,35.75,20.7,52.34,120.5
2023-11-02 04:00:00,11,4,284.49,16.83,14.07,55.74,131.95
2023-11-02 05:00:00,11,5,289.15,37.81,17.7,61.17,149.88
2023-11-02 06:00:00,11,6,298.57,26.14,21.36,71.23,173.37
2023-11-02 07:00:00,11,7,283.16,27.41,19.98,57.19,135.7
2023-11-02 08:00:00,11,8,247.49,8.01,20.72,54.67,114.58
2023-11-02 09:00:00,11,9,265.53,6.93,18.06,62.75,134.16
2023-11-02 10:00:00,11,10,333.86,26.44,17.0,58.76,166.09
2023-11-02 11:00:00,11,11,289.49,32.9,16.02,63.33,154.66
2023-11-02 12:00:00,11,12,322.39,18.29,15.88,59.65,156.35
2023-11-02 13:00:00,11,13,302.91,41.7,19.69,55.71,134.78
2023-11-02 14:00:00,11,14,279.84,32.35,19.1,71.74,163.35
2023-11-02 15:00:00,11,15,281.03,15.92,17.94,45.23,106.66
2023-11-02 16:00:00,11,16,274.27,25.31,19.09,69.1,157.65
2023-11-02 17:00:00,11,17,240.24,49.77,18.36,64.67,136.51
2023-11-02 18:00:00,11,18,275.36,12.57,20.0,56.27,127.37
2023-11-02 19:00:00,11,19,299.21,30.28,19.98,69.36,168.61
2023-11-02 20:00:00,11,20,263.01,21.77,15.94,53.14,119.83
2023-11-02 21:00:00,11,21,283.24,32.07,18.62,65.04,148.71
2023-11-02 22:00:00,11,22,292.03,37.67,14.73,49.59,116.79
2023-11-02 23:00:00,11,23,256.81,21.14,18.34,54.27,112.33
2023-11-03 00:00:00,11,0,265.97,36.19,19.28,54.26,105.35
2023-11-03 01:00:00,11,1,254.64,47.21,15.44,56.25,122.26
2023-11-03 02:00:00,11,2,258.56,25.66,17.24,60.06,134.18
2023-11-03 03:00:00,11,3,249.25,32.85,18.09,55.87,120.7
2023-11-03 04:00:00,11,4,256.99,19.1,18.54,49.82,116.18
2023-11-03 05:00:00,11,5,303.39,25.19,17.51,62.32,165.19
2023-11-03 06:00:00,11,6,256.69,23.23,15.73,60.24,127.28
2023-11-03 07:00:00,11,7,277.53,32.97,17.96,62.04,149.13
2023-11-03 08:00:00,11,8,264.94,37.05,14.77,60.86,133.96
2023-11-03 09:00:00,11,9,298.58,23.9,17.61,64.77,159.13
2023-11-03 10:00:00,11,10,301.22,40.34,17.19,59.62,145.98
2023-11-03 11:00:00,11,11,292.28,40.3,17.8,65.06,157.23
2023-11-03 12:00:00,11,12,281.12,33.47,16.95,56.12,133.2
2023-11-03 13:00:00,11,13,270.38,19.84,15.06,56.41,135.08
2023-11-03 14:00:00,11,14,251.16,18.88,17.34,66.88,143.71
2023-11-03 15:00:00,11,15,313.87,16.88,19.93,66.78,170.92
2023-11-03 16:00:00,11,16,259.81,34.49,20.59,62.87,130.98
2023-11-03 17:00:00,11,17,288.27,12.88,22.95,55.55,136.38
2023-11-03 18:00:00,11,18,296.19,31.77,21.46,55.15,140.73
2023-11-03 19:00:00,11,19,263.89,14.19,15.68,66.64,152.78
2023-11-03 20:00:00,11,20,295.76,33.24,17.25,66.36,162.32
2023-11-03 21:00:00,11,21,290.28,25.17,18.03,59.68,146.81
2023-11-03 22:00:00,11,22,309.56,38.34,17.9,71.71,189.38
2023-11-03 23:00:00,11,23,265.61,36.41,18.21,62.29,131.22
2023-11-04 00:00:00,11,0,249.28,39.35,22.89,54.46,114.6
2023-11-04 01:00:00,11,1,264.89,39.61,15.91,58.62,134.0
2023-11-04 02:00:00,11,2,279.18,26.44,16.64,60.03,142.29
2023-11-04 03:00:00,11,3,276.16,13.41,21.36,60.43,138.76
2023-11-04 04:00:00,11,4,267.13,14.47,16.84,66.25,160.62
2023-11-04 05:00:00,11,5,236.82,4.13,18.86,55.22,118.69
2023-11-04 06:00:00,11,6,284.41,14.16,20.14,53.34,126.55
2023-11-04 07:00:00,11,7,314.45,25.69,19.04,63.01,164.27
2023-11-04 08:00:00,11,8,284.29,19.4,18.46,57.47,139.72
2023-11-04 09:00:00,11,9,287.18,23.2,19.95,72.12,172.41
2023-11-04 10:00:00,11,10,286.45,29.93,16.29,64.72,160.94
2023-11-04 11:00:00,11,11,282.94,21.96,17.08,57.37,129.02
2023-11-04 12:00:00,11,12,293.63,13.78,19.14,66.06,160.55
2023-11-04 13:00:00,11,13,282.91,24.47,13.93,63.65,153.58
2023-11-04 14:00:00,11,14,268.75,16.02,20.9,63.17,146.58
2023-11-04 15:00:00,11,15,259.08,22.29,18.68,59.39,120.9
2023-11-04 16:00:00,11,16,270.02,38.43,18.38,62.1,135.06
2023-11-04 17:00:00,11,17,281.28,22.29,14.81,49.49,107.69
2023-11-04 18:00:00,11,18,268.68,42.71,15.5,66.59,144.81
2023-11-04 19:00:00,11,19,281.29,39.32,17.27,42.82,94.05
2023-11-04 20:00:00,11,20,283.78,19.21,19.69,57.79,139.44
2023-11-04 21:00:00,11,21,291.66,13.89,13.92,52.02,127.66
2023-11-04 22:00:00,11,22,300.66,24.47,19.65,57.5,143.37
2023-11-04 23:00:00,11,23,276.56,36.53,17.35,59.63,137.64
2023-11-05 00:00:00,11,0,248.84,20.1,17.62,54.02,118.05
2023-11-05 01:00:00,11,1,268.1,34.08,18.58,46.13,97.91
2023-11-05 02:00:00,11,2,275.88,37.08,18.61,61.04,130.76
2023-11-05 03:00:00,11,3,238.28,17.26,16.65,70.43,143.5
2023-11-05 04:00:00,11,4,302.77,18.24,19.32,58.24,145.09
2023-11-05 05:00:00,11,5,277.85,32.13,13.43,64.8,145.03
2023-11-05 06:00:00,11,6,282.63,26.52,17.17,67.52,161.9
2023-11-05 07:00:00,11,7,302.31,18.14,18.38,50.5,117.46
2023-11-05 08:00:00,11,8,262.4,21.48,17.38,57.71,121.99
2023-11-05 09:00:00,11,9,286.48,24.29,14.42,53.62,116.14
2023-11-05 10:00:00,11,10,272.8,9.35,19.59,55.97,128.61
2023-11-05 11:00:00,11,11,271.32,32.66,15.58,68.51,162.86
2023-11-05 12:00:00,11,12,259.56,20.21,17.94,61.12,129.41
2023-11-05 13:00:00,11,13,308.31,2.84,18.38,63.94,160.43
2023-11-05 14:00:00,11,14,267.49,24.76,18.11,59.78,142.26
2023-11-05 15:00:00,11,15,288.99,17.58,20.41,53.95,133.14
2023-11-05 16:00:00,11,16,237.5,41.89,17.97,63.39,137.44
2023-11-05 17:00:00,11,17,298.6,19.15,18.93,66.26,165.79
2023-11-05 18:00:00,11,18,296.04,14.02,17.96,61.59,153.16
2023-11-05 19:00:00,11,19,276.95,30.08,19.3,62.45,151.43
2023-11-05 20:00:00,11,20,270.46,18.4,20.86,53.83,120.65
2023-11-05 21:00:00,11,21,283.0,17.21,18.35,63.53,151.16
2023-11-05 22:00:00,11,22,320.78,30.1,19.64,66.73,166.38
2023-11-05 23:00:00,11,23,239.74,14.6,20.98,62.02,132.67
2023-11-06 00:00:00,11,0,290.64,10.43,20.79,51.02,125.59
2023-11-06 01:00:00,11,1,256.77,42.26,17.3,68.18,145.44
2023-11-06 02:00:00,11,2,274.6,30.79,20.14,55.28,131.11
2023-11-06 03:00:00,11,3,270.04,22.36,18.57,61.94,133.56
2023-11-06 04:00:00,11,4,266.43,24.97,20.31,64.76,141.13
2023-11-06 05:00:00,11,5,274.79,30.06,19.21,65.4,152.62
2023-11-06 06:00:00,11,6,252.32,34.73,18.62,51.0,107.52
2023-11-06 07:00:00,11,7,295.58,17.44,18.94,60.59,151.56
2023-11-06 08:00:00,11,8,239.12,28.66,18.58,60.26,121.39
2023-11-06 09:00:00,11,9,285.8,19.93,18.66,67.2,163.29
2023-11-06 10:00:00,11,10,268.47,23.11,17.75,62.29,132.85
2023-11-06 11:00:00,11,11,251.58,26.61,17.57,67.24,147.45
2023-11-06 12:00:00,11,12,279.05,24.93,21.6,62.7,143.47
2023-11-06 13:00:00,11,13,243.86,32.36,19.03,59.63,121.54
2023-11-06 14:00:00,11,14,275.79,29.87,16.93,60.97,137.21
2023-11-06 15:00:00,11,15,246.54,9.92,17.52,67.62,137.57
2023-11-06 16:00:00,11,16,284.23,11.42,20.18,53.52,127.98
2023-11-06 17:00:00,11,17,256.51,21.3,16.6,64.53,141.7
2023-11-06 18:00:00,11,18,265.98,43.29,15.11,56.86,130.62
2023-11-06 19:00:00,11,19,280.88,16.48,15.25,55.79,132.82
2023-11-06 20:00:00,11,20,259.55,22.92,14.61,65.12,137.95
2023-11-06 21:00:00,11,21,273.84,19.64,15.47,55.58,128.77
2023-11-06 22:00:00,11,22,244.72,19.46,15.71,61.89,127.49
2023-11-06 23:00:00,11,23,287.62,26.78,20.84,57.56,138.33
2023-11-07 00:00:00,11,0,310.3,39.01,17.98,48.22,127.42
2023-11-07 01:00:00,11,1,330.84,29.56,17.35,62.39,165.74
2023-11-07 02:00:00,11,2,276.82,16.96,15.18,60.63,129.82
2023-11-07 03:00:00,11,3,290.76,52.53,17.79,50.45,128.27
2023-11-07 04:00:00,11,4,239.39,25.79,14.6,56.51,112.14
2023-11-07 05:00:00,11,5,305.05,19.23,17.33,50.97,131.72
2023-11-07 06:00:00,11,6,290.52,39.12,22.2,63.66,149.88
2023-11-07 07:00:00,11,7,265.32,20.31,19.4,66.94,154.41
2023-11-07 08:00:00,11,8,299.74,41.63,17.65,64.25,162.33
2023-11-07 09:00:00,11,9,269.91,16.29,19.47,64.95,145.27
2023-11-07 10:00:00,11,10,265.84,39.3,17.03,57.41,128.69
2023-11-07 11:00:00,11,11,284.51,27.01,16.47,62.73,140.12
2023-11-07 12:00:00,11,12,253.73,37.91,21.48,59.95,128.71
2023-11-07 13:00:00,11,13,295.43,44.02,15.79,60.93,157.52
2023-11-07 14:00:00,11,14,253.88,13.67,17.36,64.79,138.73
2023-11-07 15:00:00,11,15,254.0,37.76,18.68,65.88,140.46
2023-11-07 16:00:00,11,16,256.81,10.91,16.2,58.05,122.72
2023-11-07 17:00:00,11,17,290.19,14.53,19.37,52.96,133.57
2023-11-07 18:00:00,11,18,262.66,16.97,17.46,59.06,135.52
2023-11-07 19:00:00,11,19,248.04,30.04,19.4,58.9,119.67
2023-11-07 20:00:00,11,20,262.89,25.33,19.24,61.42,136.44
2023-11-07 21:00:00,11,21,274.36,23.33,17.59,64.16,147.95
2023-11-07 22:00:00,11,22,251.38,26.46,21.49,50.43,107.71
2023-11-07 23:00:00,11,23,251.97,30.91,16.74,56.65,115.15
2023-11-08 00:00:00,11,0,317.23,31.68,20.77,55.18,151.68
2023-11-08 01:00:00,11,1,257.79,35.94,20.42,66.25,145.24
2023-11-08 02:00:00,11,2,268.54,43.2,21.61,58.96,138.03
2023-11-08 03:00:00,11,3,267.66,24.79,18.42,57.44,122.61
2023-11-08 04:00:00,11,4,266.57,19.79,16.49,62.69,134.07
2023-11-08 05:00:00,11,5,287.43,31.14,22.23,57.03,146.99
2023-11-08 06:00:00,11,6,293.96,13.56,17.4,59.92,152.62
2023-11-08 07:00:00,11,7,268.88,18.21,16.44,69.07,150.78
2023-11-08 08:00:00,11,8,250.27,34.99,17.69,68.93,148.19
2023-11-08 09:00:00,11,9,300.49,23.76,16.11,57.96,142.9
2023-11-08 10:00:00,11,10,273.09,12.92,19.12,59.09,126.06
2023-11-08 11:00:00,11,11,309.61,10.1,16.86,56.9,136.41
2023-11-08 12:00:00,11,12,230.09,25.49,17.5,50.37,96.53
2023-11-08 13:00:00,11,13,278.91,36.42,20.01,65.18,159.39
2023-11-08 14:00:00,11,14,313.37,36.29,19.32,72.11,196.03
2023-11-08 15:00:00,11,15,267.93,26.11,18.1,57.78,135.4
2023-11-08 16:00:00,11,16,270.49,45.09,18.41,55.92,130.27
2023-11-08 17:00:00,11,17,280.91,23.95,18.1,58.64,138.93
2023-11-08 18:00:00,11,18,263.82,23.61,17.21,60.43,138.69
2023-11-08 19:00:00,11,19,268.76,0.67,18.07,54.32,111.68
2023-11-08 20:00:00,11,20,268.24,20.53,19.05,57.71,134.03
2023-11-08 21:00:00,11,21,262.45,33.52,17.82,65.07,136.81
2023-11-08 22:00:00,11,22,299.58,40.64,18.91,60.64,146.91
2023-11-08 23:00:00,11,23,284.22,16.7,16.4,66.35,160.73
2023-11-09 00:00:00,11,0,280.01,29.62,16.86,61.82,149.0
2023-11-09 01:00:00,11,1,291.17,35.47,16.6,54.56,129.41
2023-11-09 02:00:00,11,2,269.71,25.11,16.94,57.12,131.69
2023-11-09 03:00:00,11,3,259.52,2.17,20.65,61.24,135.34
2023-11-09 04:00:00,11,4,262.95,27.47,19.52,54.39,117.7
2023-11-09 05:00:00,11,5,275.04,32.61,15.92,53.74,124.01
2023-11-09 06:00:00,11,6,253.82,15.53,18.95,54.04,124.77
2023-11-09 07:00:00,11,7,264.99,22.46,17.29,62.58,136.87
2023-11-09 08:00:00,11,8,264.68,13.45,16.71,58.17,127.14
2023-11-09 09:00:00,11,9,317.49,0.7,15.1,65.91,175.25
2023-11-09 10:00:00,11,10,219.52,35.27,20.02,55.52,100.71
2023-11-09 11:00:00,11,11,271.41,24.96,15.34,47.71,111.93
2023-11-09 12:00:00,11,12,309.51,40.98,17.97,59.35,160.51
2023-11-09 13:00:00,11,13,277.44,33.57,16.18,68.24,156.63
2023-11-09 14:00:00,11,14,290.07,21.46,19.62,60.17,141.26
2023-11-09 15:00:00,11,15,277.0,24.17,17.4,53.14,132.61
2023-11-09 16:00:00,11,16,261.65,30.66,17.8,51.88,113.79
2023-11-09 17:00:00,11,17,230.16,34.67,17.87,65.99,118.12
2023-11-09 18:00:00,11,18,279.11,28.23,18.68,55.96,139.56
2023-11-09 19:00:00,11,19,259.49,36.06,18.1,67.71,152.14
2023-11-09 20:00:00,11,20,258.99,22.03,17.99,63.27,144.65
2023-11-09 21:00:00,11,21,265.02,15.03,17.03,56.15,131.26
2023-11-09 22:00:00,11,22,309.9,24.35,14.92,65.84,183.35
2023-11-09 23:00:00,11,23,323.1,27.05,15.83,55.38,144.02
2023-11-10 00:00:00,11,0,279.34,12.98,19.51,52.76,118.92
2023-11-10 01:00:00,11,1,265.7,11.63,17.46,55.67,120.87
2023-11-10 02:00:00,11,2,251.46,29.47,16.74,63.84,131.26
2023-11-10 03:00:00,11,3,284.37,20.94,15.26,65.69,156.38
2023-11-10 04:00:00,11,4,310.66,23.34,14.63,58.02,147.85
2023-11-10 05:00:00,11,5,270.05,21.4,16.67,50.66,108.13
2023-11-10 06:00:00,11,6,227.42,40.21,19.85,52.22,94.65
2023-11-10 07:00:00,11,7,288.4,37.62,16.96,54.66,129.98
2023-11-10 08:00:00,11,8,294.71,12.63,18.87,53.53,137.27
2023-11-10 09:00:00,11,9,243.28,19.67,16.87,61.33,121.53
2023-11-10 10:00:00,11,10,278.53,33.5,19.35,69.69,165.91
2023-11-10 11:00:00,11,11,284.02,31.02,17.37,63.98,144.92
2023-11-10 12:00:00,11,12,273.54,24.59,15.61,54.36,107.99
2023-11-10 13:00:00,11,13,259.18,13.62,17.53,56.53,121.5
2023-11-10 14:00:00,11,14,295.32,18.17,21.74,57.5,138.55
2023-11-10 15:00:00,11,15,266.93,19.83,21.65,61.95,133.47
2023-11-10 16:00:00,11,16,245.3,27.77,19.04,67.86,133.8
2023-11-10 17:00:00,11,17,234.01,42.04,17.8,57.66,108.98
2023-11-10 18:00:00,11,18,300.22,18.13,18.68,67.69,164.53
2023-11-10 19:00:00,11,19,287.33,14.74,18.71,70.52,164.48
2023-11-10 20:00:00,11,20,276.76,23.91,17.99,58.25,127.63
2023-11-10 21:00:00,11,21,266.19,35.32,18.95,58.12,118.36
2023-11-10 22:00:00,11,22,264.42,10.53,18.49,58.2,117.27
2023-11-10 23:00:00,11,23,253.49,39.54,17.44,60.31,139.79
2023-11-11 00:00:00,11,0,266.37,23.28,15.68,58.21,128.97
2023-11-11 01:00:00,11,1,232.6,17.66,17.15,64.42,132.57
2023-11-11 02:00:00,11,2,260.28,9.0,19.67,52.26,112.52
2023-11-11 03:00:00,11,3,268.78,32.07,18.01,57.33,127.76
2023-11-11 04:00:00,11,4,287.2,23.29,18.67,61.65,149.16
2023-11-11 05:00:00,11,5,274.2,26.71,17.51,64.35,150.33
2023-11-11 06:00:00,11,6,290.9,15.99,15.95,70.98,165.93
2023-11-11 07:00:00,11,7,301.98,21.81,17.59,53.55,132.96
2023-11-11 08:00:00,11,8,296.16,20.13,16.03,56.74,141.65
2023-11-11 09:00:00,11,9,284.41,23.99,15.9,48.67,105.75
2023-11-11 10:00:00,11,10,275.24,18.3,20.48,54.45,131.45
2023-11-11 11:00:00,11,11,255.38,9.66,17.23,51.16,114.25
2023-11-11 12:00:00,11,12,289.8,52.28,16.59,57.39,128.18
2023-11-11 13:00:00,11,13,308.59,11.37,21.31,58.86,147.06
2023-11-11 14:00:00,11,14,281.84,26.81,19.7,62.35,147.05
2023-11-11 15:00:00,11,15,313.35,7.28,17.33,58.51,157.08
2023-11-11 16:00:00,11,16,244.49,5.03,18.93,62.35,134.74
2023-11-11 17:00:00,11,17,251.92,25.98,17.6,60.57,124.05
2023-11-11 18:00:00,11,18,292.1,26.74,16.69,54.83,145.25
2023-11-11 19:00:00,11,19,280.29,37.61,19.02,51.57,120.28
2023-11-11 20:00:00,11,20,301.28,29.0,17.42,62.92,156.94
2023-11-11 21:00:00,11,21,274.69,23.5,18.22,68.23,159.1
2023-11-11 22:00:00,11,22,257.64,15.5,20.11,72.68,157.69
2023-11-11 23:00:00,11,23,270.73,39.99,19.89,64.68,147.28
2023-11-12 00:00:00,11,0,244.35,34.29,16.97,67.29,147.08
2023-11-12 01:00:00,11,1,252.43,12.54,19.04,62.31,132.39
2023-11-12 02:00:00,11,2,294.45,25.38,15.82,61.51,146.1
2023-11-12 03:00:00,11,3,292.46,26.44,18.97,60.56,143.47
2023-11-12 04:00:00,11,4,282.26,21.54,18.37,59.47,147.34
2023-11-12 05:00:00,11,5,240.58,32.72,18.83,63.04,129.87
2023-11-12 06:00:00,11,6,267.83,33.32,17.48,57.4,120.4
2023-11-12 07:00:00,11,7,250.5,23.1,22.24,59.26,115.76
2023-11-12 08:00:00,11,8,298.53,22.19,16.27,54.11,134.82
2023-11-12 09:00:00,11,9,263.33,39.99,20.01,62.37,140.04
2023-11-12 10:00:00,11,10,253.29,34.33,16.01,55.2,113.2
2023-11-12 11:00:00,11,11,275.6,25.72,19.08,60.17,129.87
2023-11-12 12:00:00,11,12,262.2,8.71,19.22,62.5,131.03
2023-11-12 13:00:00,11,13,304.67,28.44,18.18,62.93,168.1
2023-11-12 14:00:00,11,14,260.3,31.98,17.08,63.86,141.09
2023-11-12 15:00:00,11,15,247.02,2.55,18.35,58.93,126.39
2023-11-12 16:00:00,11,16,231.94,27.52,18.61,62.43,126.57
2023-11-12 17:00:00,11,17,274.38,20.83,21.65,57.57,128.58
2023-11-12 18:00:00,11,18,263.76,22.79,16.33,50.15,108.42
2023-11-12 19:00:00,11,19,246.42,15.93,16.96,62.65,127.9
2023-11-12 20:00:00,11,20,298.78,23.52,18.64,61.49,155.29
2023-11-12 21:00:00,11,21,288.34,38.92,17.56,65.07,161.89
2023-11-12 22:00:00,11,22,274.44,20.54,17.87,59.87,146.36
2023-11-12 23:00:00,11,23,302.29,34.66,20.21,51.98,135.1
2023-11-13 00:00:00,11,0,288.25,16.94,12.43,59.54,147.22
2023-11-13 01:00:00,11,1,258.54,32.59,16.88,64.43,148.54
2023-11-13 02:00:00,11,2,254.22,25.02,14.59,62.38,131.21
2023-11-13 03:00:00,11,3,291.36,28.52,15.68,59.27,149.93
2023-11-13 04:00:00,11,4,282.93,25.07,22.88,51.68,124.82
2023-11-13 05:00:00,11,5,278.39,31.42,19.27,54.87,130.45
2023-11-13 06:00:00,11,6,258.07,0.68,19.97,62.39,133.18
2023-11-13 07:00:00,11,7,287.16,10.8,17.91,51.67,116.76
2023-11-13 08:00:00,11,8,259.89,29.17,19.59,58.41,128.3
2023-11-13 09:00:00,11,9,272.96,4.56,14.54,60.19,138.75
2023-11-13 10:00:00,11,10,303.94,19.69,20.15,65.75,163.76
2023-11-13 11:00:00,11,11,261.78,24.46,16.43,63.07,137.2
2023-11-13 12:00:00,11,12,243.54,16.72,17.01,64.81,127.21
2023-11-13 13:00:00,11,13,253.95,18.08,19.08,61.51,125.88
2023-11-13 14:00:00,11,14,294.89,27.72,18.7,55.77,134.74
2023-11-13 15:00:00,11,15,280.09,35.09,18.24,56.93,126.33
2023-11-13 16:00:00,11,16,272.42,15.42,15.35,55.34,122.79
2023-11-13 17:00:00,11,17,264.82,19.25,18.27,62.95,142.58
2023-11-13 18:00:00,11,18,284.71,17.69,19.99,56.53,141.49
2023-11-13 19:00:00,11,19,258.02,0.79,17.01,58.03,135.23
2023-11-13 20:00:00,11,20,281.11,26.42,20.7,60.11,138.91
2023-11-13 21:00:00,11,21,260.37,34.35,16.33,68.21,154.09
2023-11-13 22:00:00,11,22,257.05,35.17,18.08,63.29,137.33
2023-11-13 23:00:00,11,23,262.25,16.29,21.14,56.14,121.57
2023-11-14 00:00:00,11,0,267.49,12.48,16.71,60.76,137.53
2023-11-14 01:00:00,11,1,274.02,25.22,20.18,68.26,161.47
2023-11-14 02:00:00,11,2,279.71,33.29,22.02,63.08,144.62
2023-11-14 03:00:00,11,3,201.23,26.55,18.41,52.01,84.66
2023-11-14 04:00:00,11,4,258.85,27.89,17.02,55.42,117.58
2023-11-14 05:00:00,11,5,267.17,36.42,16.53,55.04,119.48
2023-11-14 06:00:00,11,6,305.1,17.61,20.68,67.2,176.97
2023-11-14 07:00:00,11,7,253.4,22.8,20.63,66.28,136.23
2023-11-14 08:00:00,11,8,278.26,41.35,20.97,56.87,129.02
2023-11-14 09:00:00,11,9,304.9,23.03,18.01,56.77,145.88
2023-11-14 10:00:00,11,10,248.74,12.33,20.15,60.22,126.06
2023-11-14 11:00:00,11,11,282.88,18.31,17.97,60.37,140.36
2023-11-14 12:00:00,11,12,258.95,15.62,16.31,55.19,127.59
2023-11-14 13:00:00,11,13,264.91,28.57,20.32,58.75,126.63
2023-11-14 14:00:00,11,14,258.94,16.04,21.34,52.73,113.0
2023-11-14 15:00:00,11,15,260.36,27.71,16.03,66.36,134.44
2023-11-14 16:00:00,11,16,329.44,17.64,15.99,51.2,139.12
2023-11-14 17:00:00,11,17,291.89,3.77,18.15,51.14,117.86
2023-11-14 18:00:00,11,18,297.03,28.07,19.98,62.18,149.42
2023-11-14 19:00:00,11,19,284.84,26.48,15.8,53.82,118.04
2023-11-14 20:00:00,11,20,242.87,30.18,18.53,57.5,111.98
2023-11-14 21:00:00,11,21,282.9,18.27,16.89,60.32,141.91
2023-11-14 22:00:00,11,22,296.46,17.2,19.47,63.38,155.45
2023-11-14 23:00:00,11,23,257.93,29.01,16.48,58.89,124.59
2023-11-15 00:00:00,11,0,294.31,40.19,19.62,68.9,167.45
2023-11-15 01:00:00,11,1,289.09,25.11,17.76,60.0,142.1
2023-11-15 02:00:00,11,2,312.04,29.25,16.2,65.95,171.44
2023-11-15 03:00:00,11,3,266.64,21.78,18.2,61.39,135.95
2023-11-15 04:00:00,11,4,253.05,9.56,14.2,70.66,150.46
2023-11-15 05:00:00,11,5,267.77,34.67,16.95,65.29,144.78
2023-11-15 06:00:00,11,6,303.71,34.08,18.75,60.22,150.33
2023-11-15 07:00:00,11,7,238.43,32.11,14.53,63.14,129.43
2023-11-15 08:00:00,11,8,233.63,23.18,12.93,58.7,117.36
2023-11-15 09:00:00,11,9,276.79,30.97,13.39,58.65,135.19
2023-11-15 10:00:00,11,10,266.15,33.94,20.73,53.48,124.67
2023-11-15 11:00:00,11,11,275.15,41.2,17.92,55.96,128.8
2023-11-15 12:00:00,11,12,293.91,34.89,17.01,70.3,171.49
2023-11-15 13:00:00,11,13,263.95,25.64,19.96,53.98,118.46
2023-11-15 14:00:00,11,14,237.54,11.92,17.26,56.72,113.18
2023-11-15 15:00:00,11,15,315.89,26.56,18.61,59.53,152.22
2023-11-15 16:00:00,11,16,255.06,27.57,18.12,59.7,117.6
2023-11-15 17:00:00,11,17,253.82,32.09,17.13,61.92,132.46
2023-11-15 18:00:00,11,18,297.07,38.54,18.66,57.65,146.99
2023-11-15 19:00:00,11,19,267.31,24.05,19.62,62.23,133.7
2023-11-15 20:00:00,11,20,273.73,46.01,17.7,65.71,155.35
2023-11-15 21:00:00,11,21,284.66,7.41,17.15,66.33,149.22
2023-11-15 22:00:00,11,22,296.67,29.19,17.39,58.66,142.33
2023-11-15 23:00:00,11,23,268.33,17.01,13.48,63.06,149.62
2023-11-16 00:00:00,11,0,305.4,5.93,18.64,54.27,139.98
2023-11-16 01:00:00,11,1,232.28,22.98,15.65,56.39,107.71
2023-11-16 02:00:00,11,2,290.2,10.43,19.33,54.13,132.25
2023-11-16 03:00:00,11,3,258.21,23.39,17.89,59.77,134.67
2023-11-16 04:00:00,11,4,302.45,25.35,18.28,55.7,133.26
2023-11-16 05:00:00,11,5,277.84,36.19,19.47,52.4,127.98
2023-11-16 06:00:00,11,6,261.54,9.92,16.22,58.07,124.19
2023-11-16 07:00:00,11,7,288.26,34.08,18.81,51.36,126.99
2023-11-16 08:00:00,11,8,292.86,25.98,18.61,66.64,159.66
2023-11-16 09:00:00,11,9,287.84,35.29,17.7,57.21,145.74
2023-11-16 10:00:00,11,10,254.41,20.68,16.22,64.93,137.58
2023-11-16 11:00:00,11,11,265.32,11.68,19.26,57.54,120.65
2023-11-16 12:00:00,11,12,274.92,12.83,19.48,54.03,126.2
2023-11-16 13:00:00,11,13,274.17,12.08,18.3,65.88,157.12
2023-11-16 14:00:00,11,14,289.99,29.78,15.93,60.44,152.1
2023-11-16 15:00:00,11,15,234.7,39.77,17.02,69.43,136.36
2023-11-16 16:00:00,11,16,281.69,19.35,17.95,57.67,139.51
2023-11-16 17:00:00,11,17,269.2,31.29,19.45,57.78,127.58
2023-11-16 18:00:00,11,18,258.23,9.77,14.9,65.02,142.97
2023-11-16 19:00:00,11,19,260.15,26.8,16.94,65.06,142.94
2023-11-16 20:00:00,11,20,270.71,31.69,17.27,60.77,122.69
2023-11-16 21:00:00,11,21,202.98,10.52,17.91,76.68,124.77
2023-11-16 22:00:00,11,22,260.97,22.96,15.47,58.6,128.55
2023-11-16 23:00:00,11,23,257.48,32.16,17.64,53.65,116.02
2023-11-17 00:00:00,11,0,285.66,4.34,17.45,54.99,130.83
2023-11-17 01:00:00,11,1,258.89,38.35,16.0,58.63,127.01
2023-11-17 02:00:00,11,2,270.7,28.54,17.84,67.59,158.61
2023-11-17 03:00:00,11,3,305.85,32.17,16.99,59.07,152.41
2023-11-17 04:00:00,11,4,294.89,20.87,19.06,67.83,155.13
2023-11-17 05:00:00,11,5,293.05,7.77,16.3,62.17,161.66
2023-11-17 06:00:00,11,6,265.0,30.34,18.25,65.42,135.02
2023-11-17 07:00:00,11,7,285.86,24.17,16.46,61.94,152.42
2023-11-17 08:00:00,11,8,270.32,25.32,16.87,61.9,131.7
2023-11-17 09:00:00,11,9,271.08,35.88,18.67,63.76,151.25
2023-11-17 10:00:00,11,10,283.19,32.62,18.54,57.17,133.6
2023-11-17 11:00:00,11,11,263.06,44.21,17.24,57.22,127.44
2023-11-17 12:00:00,11,12,304.86,26.54,17.53,61.75,147.04
2023-11-17 13:00:00,11,13,271.8,18.09,15.16,69.71,161.63
2023-11-17 14:00:00,11,14,287.37,23.12,20.88,52.3,127.39
2023-11-17 15:00:00,11,15,304.11,29.16,19.45,49.85,129.51
2023-11-17 16:00:00,11,16,295.63,35.16,19.37,58.68,149.41
2023-11-17 17:00:00,11,17,246.82,10.33,14.88,65.15,134.99
2023-11-17 18:00:00,11,18,283.9,25.09,16.88,60.26,141.59
2023-11-17 19:00:00,11,19,292.01,41.1,17.4,54.15,127.81
2023-11-17 20:00:00,11,20,292.84,22.6,14.21,60.4,145.26
2023-11-17 21:00:00,11,21,252.73,34.31,19.85,51.34,114.22
2023-11-17 22:00:00,11,22,261.86,29.93,20.98,63.14,133.69
2023-11-17 23:00:00,11,23,294.89,34.56,22.2,58.45,134.52
2023-11-18 00:00:00,11,0,259.76,16.9,15.98,59.59,124.14
2023-11-18 01:00:00,11,1,269.01,16.95,18.31,62.14,142.41
2023-11-18 02:00:00,11,2,306.52,25.2,20.72,61.03,154.47
2023-11-18 03:00:00,11,3,274.04,9.68,17.56,57.29,133.95
2023-11-18 04:00:00,11,4,260.46,22.3,16.94,65.17,131.54
2023-11-18 05:00:00,11,5,257.45,27.53,14.34,63.98,122.44
2023-11-18 06:00:00,11,6,281.65,42.85,20.34,51.13,121.4
2023-11-18 07:00:00,11,7,248.34,29.03,18.03,58.85,126.89
2023-11-18 08:00:00,11,8,270.05,31.25,16.61,54.6,114.39
2023-11-18 09:00:00,11,9,281.66,36.64,18.64,53.66,128.66
2023-11-18 10:00:00,11,10,300.98,15.35,18.38,62.68,163.25
2023-11-18 11:00:00,11,11,288.35,23.35,18.41,57.9,139.2
2023-11-18 12:00:00,11,12,260.72,49.25,17.64,59.29,133.39
2023-11-18 13:00:00,11,13,298.57,24.21,21.32,56.65,141.99
2023-11-18 14:00:00,11,14,269.01,36.16,17.8,61.85,137.43
2023-11-18 15:00:00,11,15,250.29,34.64,21.31,63.39,136.4
2023-11-18 16:00:00,11,16,271.56,10.22,19.2,70.85,170.0
2023-11-18 17:00:00,11,17,303.76,28.1,18.77,59.1,146.89
2023-11-18 18:00:00,11,18,278.3,26.47,17.85,52.76,121.99
2023-11-18 19:00:00,11,19,275.25,28.3,20.02,57.48,126.97
2023-11-18 20:00:00,11,20,307.74,17.46,18.3,64.24,165.61
2023-11-18 21:00:00,11,21,246.37,13.83,16.21,56.14,114.54
2023-11-18 22:00:00,11,22,249.29,20.24,16.14,52.59,115.11
2023-11-18 23:00:00,11,23,242.68,24.02,18.92,56.24,120.91
2023-11-19 00:00:00,11,0,282.45,36.85,16.26,57.33,138.97
2023-11-19 01:00:00,11,1,278.33,43.17,17.95,54.59,131.92
2023-11-19 02:00:00,11,2,305.85,38.97,20.19,61.09,152.27
2023-11-19 03:00:00,11,3,279.87,33.6,18.68,59.6,134.32
2023-11-19 04:00:00,11,4,266.92,14.96,16.63,63.95,144.51
2023-11-19 05:00:00,11,5,275.04,20.91,20.89,57.77,132.59
2023-11-19 06:00:00,11,6,277.35,27.1,19.17,62.79,155.21
2023-11-19 07:00:00,11,7,241.56,18.68,20.11,57.54,106.29
2023-11-19 08:00:00,11,8,329.21,30.77,13.54,54.35,152.3
2023-11-19 09:00:00,11,9,285.4,32.2,18.73,57.28,139.34
2023-11-19 10:00:00,11,10,279.2,30.36,19.76,51.91,117.04
2023-11-19 11:00:00,11,11,287.3,35.25,21.47,68.94,160.32
2023-11-19 12:00:00,11,12,289.19,15.95,15.14,60.71,144.71
2023-11-19 13:00:00,11,13,272.19,34.33,20.48,56.02,118.94
2023-11-19 14:00:00,11,14,262.38,18.04,21.36,58.11,134.42
2023-11-19 15:00:00,11,15,286.99,15.59,14.04,47.75,127.77
2023-11-19 16:00:00,11,16,282.71,30.32,19.03,67.17,156.65
2023-11-19 17:00:00,11,17,258.8,37.16,19.31,66.68,140.71
2023-11-19 18:00:00,11,18,303.38,29.88,17.42,60.54,146.59
2023-11-19 19:00:00,11,19,280.87,25.21,17.09,61.6,138.78
2023-11-19 20:00:00,11,20,289.6,28.1,19.41,53.66,126.63
2023-11-19 21:00:00,11,21,302.84,26.36,16.84,54.03,142.47
2023-11-19 22:00:00,11,22,275.44,13.74,17.64,51.51,134.28
2023-11-19 23:00:00,11,23,281.34,12.57,19.7,59.19,135.25
2023-11-20 00:00:00,11,0,291.2,24.21,21.58,65.31,154.06
2023-11-20 01:00:00,11,1,260.5,25.8,19.15,58.08,120.33
2023-11-20 02:00:00,11,2,276.08,25.11,18.34,61.74,144.38
2023-11-20 03:00:00,11,3,277.51,31.76,17.04,64.89,151.89
2023-11-20 04:00:00,11,4,255.88,22.85,16.05,51.88,111.2
2023-11-20 05:00:00,11,5,321.35,30.63,20.29,69.23,183.28
2023-11-20 06:00:00,11,6,246.85,23.55,17.76,65.79,142.21
2023-11-20 07:00:00,11,7,249.04,43.23,20.37,62.57,133.75
2023-11-20 08:00:00,11,8,301.28,25.81,17.41,64.62,165.95
2023-11-20 09:00:00,11,9,289.27,48.41,16.77,64.86,158.28
2023-11-20 10:00:00,11,10,254.48,28.52,18.91,61.46,129.48
2023-11-20 11:00:00,11,11,287.15,22.86,17.92,67.14,157.19
2023-11-20 12:00:00,11,12,304.36,16.01,15.66,57.74,149.13
2023-11-20 13:00:00,11,13,274.39,10.57,21.71,62.31,144.68
2023-11-20 14:00:00,11,14,326.98,15.09,16.82,66.61,184.44
2023-11-20 15:00:00,11,15,240.52,16.2,19.93,46.54,85.52
2023-11-20 16:00:00,11,16,288.88,28.95,19.76,62.19,151.5
2023-11-20 17:00:00,11,17,298.33,19.74,15.55,63.62,156.73
2023-11-20 18:00:00,11,18,292.83,26.87,16.07,51.46,121.25
2023-11-20 19:00:00,11,19,270.91,37.82,17.47,61.41,142.37
2023-11-20 20:00:00,11,20,269.19,24.12,16.34,56.03,126.66
2023-11-20 21:00:00,11,21,283.88,45.79,21.52,61.98,158.5
2023-11-20 22:00:00,11,22,291.32,13.24,17.67,59.53,147.02
2023-11-20 23:00:00,11,23,287.05,23.49,19.85,55.27,130.8
2023-11-21 00:00:00,11,0,295.8,19.61,19.1,65.55,161.14
2023-11-21 01:00:00,11,1,254.62,34.37,18.6,57.91,117.09
2023-11-21 02:00:00,11,2,270.44,2.6,18.15,61.35,144.5
2023-11-21 03:00:00,11,3,256.2,10.57,20.55,66.57,143.79
2023-11-21 04:00:00,11,4,267.28,23.93,16.42,55.42,125.17
2023-11-21 05:00:00,11,5,295.3,40.51,21.52,60.04,142.52
2023-11-21 06:00:00,11,6,277.16,27.26,15.5,57.52,136.84
2023-11-21 07:00:00,11,7,327.14,11.48,19.63,58.64,155.28
2023-11-21 08:00:00,11,8,278.87,13.03,15.26,70.78,161.82
2023-11-21 09:00:00,11,9,276.19,41.73,17.44,62.28,144.07
2023-11-21 10:00:00,11,10,277.12,18.79,18.26,61.57,139.37
2023-11-21 11:00:00,11,11,262.24,15.57,17.1,62.62,132.97
2023-11-21 12:00:00,11,12,273.84,39.77,17.71,62.15,141.67
2023-11-21 13:00:00,11,13,297.56,35.11,15.3,50.87,131.27
2023-11-21 14:00:00,11,14,277.28,37.74,16.1,71.48,169.75
2023-11-21 15:00:00,11,15,259.13,15.5,19.07,52.68,117.36
2023-11-21 16:00:00,11,16,256.5,9.75,18.13,68.66,149.29
2023-11-21 17:00:00,11,17,266.0,26.33,16.69,63.09,137.56
2023-11-21 18:00:00,11,18,276.48,28.35,20.72,60.9,146.01
2023-11-21 19:00:00,11,19,298.87,28.65,15.63,58.47,137.04
2023-11-21 20:00:00,11,20,248.19,39.78,17.35,73.03,153.3
2023-11-21 21:00:00,11,21,268.6,7.66,17.06,63.02,145.36
2023-11-21 22:00:00,11,22,277.89,33.6,19.3,60.09,138.78
2023-11-21 23:00:00,11,23,238.33,14.03,18.17,57.32,110.31
2023-11-22 00:00:00,11,0,258.33,33.56,17.86,56.72,122.0
2023-11-22 01:00:00,11,1,261.4,20.25,14.38,60.25,127.55
2023-11-22 02:00:00,11,2,259.08,16.86,19.8,55.35,122.14
2023-11-22 03:00:00,11,3,278.84,18.9,17.64,63.4,152.14
2023-11-22 04:00:00,11,4,271.79,10.54,18.3,56.77,130.9
2023-11-22 05:00:00,11,5,263.89,25.4,16.57,65.02,145.02
2023-11-22 06:00:00,11,6,283.56,17.27,16.26,64.91,157.29
2023-11-22 07:00:00,11,7,309.46,32.86,21.07,59.72,158.49
2023-11-22 08:00:00,11,8,307.79,31.4,14.53,62.9,157.54
2023-11-22 09:00:00,11,9,236.54,41.88,15.96,63.15,116.87
2023-11-22 10:00:00,11,10,286.54,28.66,21.03,52.69,127.28
2023-11-22 11:00:00,11,11,271.44,30.21,19.35,68.66,160.02
2023-11-22 12:00:00,11,12,278.1,39.0,17.42,58.72,128.27
2023-11-22 13:00:00,11,13,267.03,18.72,20.56,63.48,141.69
2023-11-22 14:00:00,11,14,277.35,10.12,18.97,63.62,152.77
2023-11-22 15:00:00,11,15,278.03,27.0,18.54,47.55,109.66
2023-11-22 16:00:00,11,16,263.42,10.77,18.52,56.72,132.18
2023-11-22 17:00:00,11,17,257.07,49.54,19.0,64.2,144.29
2023-11-22 18:00:00,11,18,266.03,39.55,19.08,60.31,132.87
2023-11-22 19:00:00,11,19,279.69,46.64,22.46,63.44,146.12
2023-11-22 20:00:00,11,20,286.98,25.62,17.68,60.46,142.94
2023-11-22 21:00:00,11,21,292.07,30.51,17.74,66.15,161.77
2023-11-22 22:00:00,11,22,265.12,20.41,15.6,60.57,128.03
2023-11-22 23:00:00,11,23,280.68,33.83,17.97,67.12,150.3
2023-11-23 00:00:00,11,0,294.25,12.84,21.8,55.1,123.84
2023-11-23 01:00:00,11,1,298.31,0.43,20.04,59.36,147.56
2023-11-23 02:00:00,11,2,273.82,17.09,16.98,57.03,140.42
2023-11-23 03:00:00,11,3,270.58,10.45,18.13,61.94,129.81
2023-11-23 04:00:00,11,4,278.82,39.78,15.48,58.61,135.34
2023-11-23 05:00:00,11,5,252.01,43.16,16.13,58.85,122.6
2023-11-23 06:00:00,11,6,271.13,10.97,18.37,56.48,126.92
2023-11-23 07:00:00,11,7,289.89,37.92,17.08,57.7,145.75
2023-11-23 08:00:00,11,8,287.84,34.51,15.98,59.95,139.44
2023-11-23 09:00:00,11,9,269.59,9.3,19.05,49.89,102.43
2023-11-23 10:00:00,11,10,279.35,21.1,17.91,48.49,110.28
2023-11-23 11:00:00,11,11,258.51,19.2,14.94,60.3,126.63
2023-11-23 12:00:00,11,12,289.07,32.48,13.92,46.15,100.1
2023-11-23 13:00:00,11,13,273.44,12.71,16.93,59.03,135.83
2023-11-23 14:00:00,11,14,269.48,24.01,14.9,58.11,124.66
2023-11-23 15:00:00,11,15,267.77,18.14,14.33,62.71,139.6
2023-11-23 16:00:00,11,16,273.74,29.73,20.33,56.64,127.47
2023-11-23 17:00:00,11,17,266.04,22.83,17.88,67.85,145.14
2023-11-23 18:00:00,11,18,288.16,19.65,17.54,64.24,158.81
2023-11-23 19:00:00,11,19,267.09,22.87,17.69,52.44,115.38
2023-11-23 20:00:00,11,20,306.86,45.36,15.8,58.58,150.16
2023-11-23 21:00:00,11,21,304.3,20.83,18.89,67.64,174.55
2023-11-23 22:00:00,11,22,257.17,14.59,17.81,56.51,122.63
2023-11-23 23:00:00,11,23,276.39,30.83,16.56,59.74,138.4
2023-11-24 00:00:00,11,0,261.99,23.56,16.86,67.02,142.29
2023-11-24 01:00:00,11,1,268.47,10.85,15.62,57.3,122.7
2023-11-24 02:00:00,11,2,315.05,47.31,17.26,65.61,173.16
2023-11-24 03:00:00,11,3,268.85,21.48,17.59,55.45,119.5
2023-11-24 04:00:00,11,4,282.2,21.22,17.21,45.56,111.19
2023-11-24 05:00:00,11,5,285.83,26.6,18.18,66.14,156.99
2023-11-24 06:00:00,11,6,254.99,42.3,17.91,62.19,135.48
2023-11-24 07:00:00,11,7,257.9,8.2,18.53,62.52,129.53
2023-11-24 08:00:00,11,8,250.88,27.76,19.96,54.54,108.38
2023-11-24 09:00:00,11,9,257.28,45.87,19.26,54.93,126.24
2023-11-24 10:00:00,11,10,218.0,26.29,19.98,65.75,118.78
2023-11-24 11:00:00,11,11,285.89,12.65,16.38,61.22,150.5
2023-11-24 12:00:00,11,12,316.08,18.82,17.05,59.41,149.53
2023-11-24 13:00:00,11,13,277.96,27.07,19.38,61.1,140.21
2023-11-24 14:00:00,11,14,246.67,38.31,19.41,67.54,145.44
2023-11-24 15:00:00,11,15,262.14,21.61,16.71,63.62,131.24
2023-11-24 16:00:00,11,16,265.82,33.27,19.29,57.63,139.11
2023-11-24 17:00:00,11,17,254.65,10.65,16.18,52.98,113.52
2023-11-24 18:00:00,11,18,292.2,10.56,19.03,62.94,149.26
2023-11-24 19:00:00,11,19,291.21,20.17,18.02,55.38,136.23
2023-11-24 20:00:00,11,20,251.89,39.38,15.3,54.09,119.15
2023-11-24 21:00:00,11,21,289.5,25.69,17.2,66.58,156.59
2023-11-24 22:00:00,11,22,305.54,27.9,22.44,64.36,160.57
2023-11-24 23:00:00,11,23,313.05,27.78,18.48,61.93,162.9
2023-11-25 00:00:00,11,0,332.3,36.09,22.67,53.81,151.41
2023-11-25 01:00:00,11,1,256.96,18.9,15.18,68.95,146.74
2023-11-25 02:00:00,11,2,331.48,31.88,19.57,65.14,182.08
2023-11-25 03:00:00,11,3,267.92,16.69,13.0,58.48,134.92
2023-11-25 04:00:00,11,4,263.15,44.83,18.07,57.42,126.87
2023-11-25 05:00:00,11,5,281.54,17.0,19.33,60.39,138.32
2023-11-25 06:00:00,11,6,263.36,16.18,19.75,57.61,126.4
2023-11-25 07:00:00,11,7,282.98,30.5,16.47,71.06,176.46
2023-11-25 08:00:00,11,8,248.6,25.8,20.15,58.07,122.05
2023-11-25 09:00:00,11,9,270.22,28.27,17.0,54.66,129.37
2023-11-25 10:00:00,11,10,300.71,27.27,17.74,67.94,167.79
2023-11-25 11:00:00,11,11,273.86,14.1,17.21,57.15,131.83
2023-11-25 12:00:00,11,12,277.83,41.13,15.8,63.93,152.08
2023-11-25 13:00:00,11,13,284.51,33.94,21.21,63.38,157.84
2023-11-25 14:00:00,11,14,298.41,38.59,18.17,59.71,154.71
2023-11-25 15:00:00,11,15,241.9,19.72,20.25,55.14,105.61
2023-11-25 16:00:00,11,16,286.69,29.17,20.16,59.76,148.62
2023-11-25 17:00:00,11,17,269.64,26.97,16.14,54.15,130.18
2023-11-25 18:00:00,11,18,278.33,36.28,20.5,59.88,136.1
2023-11-25 19:00:00,11,19,296.2,36.6,19.08,63.86,153.26
2023-11-25 20:00:00,11,20,251.12,26.93,15.99,68.59,143.5
2023-11-25 21:00:00,11,21,254.75,9.82,18.97,54.56,116.8
2023-11-25 22:00:00,11,22,236.29,42.8,16.03,58.75,114.0
2023-11-25 23:00:00,11,23,264.02,30.56,21.28,57.38,120.38
2023-11-26 00:00:00,11,0,301.61,18.92,19.7,61.37,161.7
2023-11-26 01:00:00,11,1,272.59,29.07,17.93,52.39,114.78
2023-11-26 02:00:00,11,2,248.2,9.89,20.6,55.36,112.03
2023-11-26 03:00:00,11,3,265.29,35.55,14.91,51.54,114.56
2023-11-26 04:00:00,11,4,245.24,10.29,16.57,52.81,100.63
2023-11-26 05:00:00,11,5,252.5,22.79,17.57,56.7,111.63
2023-11-26 06:00:00,11,6,282.78,27.44,22.54,68.35,159.02
2023-11-26 07:00:00,11,7,251.52,35.39,15.93,61.74,133.61
2023-11-26 08:00:00,11,8,297.25,26.07,14.66,60.32,150.46
2023-11-26 09:00:00,11,9,273.58,31.35,15.18,66.73,141.94
2023-11-26 10:00:00,11,10,276.71,24.72,19.88,61.92,149.81
2023-11-26 11:00:00,11,11,269.43,24.68,16.88,62.39,144.15
2023-11-26 12:00:00,11,12,290.46,25.85,17.75,57.63,140.55
2023-11-26 13:00:00,11,13,290.66,23.11,19.6,56.81,138.52
2023-11-26 14:00:00,11,14,281.7,8.13,17.76,53.44,128.91
2023-11-26 15:00:00,11,15,286.3,17.32,18.48,56.99,147.69
2023-11-26 16:00:00,11,16,270.76,27.45,19.14,58.6,136.7
2023-11-26 17:00:00,11,17,285.84,22.51,17.21,61.72,148.6
2023-11-26 18:00:00,11,18,268.24,23.44,17.74,59.82,127.66
2023-11-26 19:00:00,11,19,275.04,21.77,18.56,58.17,134.24
2023-11-26 20:00:00,11,20,269.51,16.36,19.81,55.44,128.46
2023-11-26 21:00:00,11,21,265.86,20.07,16.49,62.0,136.86
2023-11-26 22:00:00,11,22,261.22,21.93,12.03,57.51,122.65
2023-11-26 23:00:00,11,23,284.35,25.05,19.43,61.77,149.23
2023-11-27 00:00:00,11,0,301.21,28.93,19.93,50.43,121.73
2023-11-27 01:00:00,11,1,298.42,23.19,18.47,61.68,157.83
2023-11-27 02:00:00,11,2,249.87,14.7,18.61,63.73,130.62
2023-11-27 03:00:00,11,3,300.78,11.02,16.94,63.1,147.64
2023-11-27 04:00:00,11,4,268.64,50.97,19.07,59.02,129.92
2023-11-27 05:00:00,11,5,287.01,13.7,19.78,64.58,154.26
2023-11-27 06:00:00,11,6,256.88,19.81,18.18,53.64,117.65
2023-11-27 07:00:00,11,7,277.84,30.17,23.05,59.55,140.16
2023-11-27 08:00:00,11,8,281.27,28.61,14.94,59.03,132.0
2023-11-27 09:00:00,11,9,245.31,30.21,18.4,65.18,133.94
2023-11-27 10:00:00,11,10,287.17,20.57,15.72,49.9,116.81
2023-11-27 11:00:00,11,11,301.92,27.39,19.83,54.71,135.93
2023-11-27 12:00:00,11,12,271.51,25.61,14.91,68.74,150.63
2023-11-27 13:00:00,11,13,302.2,21.88,15.4,47.85,120.32
2023-11-27 14:00:00,11,14,271.21,27.45,16.81,64.07,160.56
2023-11-27 15:00:00,11,15,291.99,35.55,18.6,56.5,146.84
2023-11-27 16:00:00,11,16,230.63,24.78,16.88,61.27,112.84
2023-11-27 17:00:00,11,17,323.38,24.84,16.9,67.07,181.18
2023-11-27 18:00:00,11,18,304.91,35.68,17.71,61.47,154.71
2023-11-27 19:00:00,11,19,269.31,34.61,17.59,67.17,151.55
2023-11-27 20:00:00,11,20,235.56,40.84,21.05,57.54,117.6
2023-11-27 21:00:00,11,21,280.76,7.44,19.44,58.2,135.6
2023-11-27 22:00:00,11,22,246.12,34.05,17.42,63.93,127.65
2023-11-27 23:00:00,11,23,283.9,31.02,22.27,57.8,142.62
2023-11-28 00:00:00,11,0,283.23,16.14,19.06,62.99,142.59
2023-11-28 01:00:00,11,1,256.17,27.52,16.13,65.92,141.76
2023-11-28 02:00:00,11,2,297.42,35.51,18.58,64.34,152.14
2023-11-28 03:00:00,11,3,291.11,16.71,19.14,52.11,121.35
2023-11-28 04:00:00,11,4,294.52,29.43,16.7,58.29,146.88
2023-11-28 05:00:00,11,5,275.18,33.71,15.97,61.41,137.51
2023-11-28 06:00:00,11,6,246.69,14.29,18.24,58.78,111.53
2023-11-28 07:00:00,11,7,294.56,23.58,17.35,60.4,144.73
2023-11-28 08:00:00,11,8,269.59,28.01,21.03,61.48,134.05
2023-11-28 09:00:00,11,9,247.2,17.04,19.55,57.37,111.94
2023-11-28 10:00:00,11,10,302.04,16.21,16.79,59.03,151.43
2023-11-28 11:00:00,11,11,316.99,23.65,18.92,54.09,135.25
2023-11-28 12:00:00,11,12,274.18,33.02,20.61,57.61,128.77
2023-11-28 13:00:00,11,13,318.18,31.44,15.28,52.37,139.6
2023-11-28 14:00:00,11,14,276.83,16.39,16.03,60.58,138.13
2023-11-28 15:00:00,11,15,267.39,31.52,18.05,59.03,129.6
2023-11-28 16:00:00,11,16,262.39,16.64,18.14,55.42,117.64
2023-11-28 17:00:00,11,17,307.74,8.9,17.97,68.93,170.78
2023-11-28 18:00:00,11,18,259.4,21.33,17.45,58.77,123.94
2023-11-28 19:00:00,11,19,289.71,36.23,17.42,61.43,151.69
2023-11-28 20:00:00,11,20,263.82,31.56,18.84,56.81,122.8
2023-11-28 21:00:00,11,21,265.79,24.98,20.34,57.93,129.22
2023-11-28 22:00:00,11,22,295.6,20.83,17.11,61.62,157.48
2023-11-28 23:00:00,11,23,267.4,21.1,22.95,58.34,133.08
2023-11-29 00:00:00,11,0,266.9,26.09,21.99,60.02,127.19
2023-11-29 01:00:00,11,1,297.66,14.32,20.73,64.03,161.17
2023-11-29 02:00:00,11,2,306.95,21.52,19.32,57.41,152.18
2023-11-29 03:00:00,11,3,287.89,22.84,22.09,53.34,125.14
2023-11-29 04:00:00,11,4,261.9,11.49,17.49,52.37,106.44
2023-11-29 05:00:00,11,5,264.79,16.62,16.41,67.19,146.15
2023-11-29 06:00:00,11,6,276.6,29.11,17.02,64.66,150.06
2023-11-29 07:00:00,11,7,281.42,25.1,16.07,63.28,151.45
2023-11-29 08:00:00,11,8,255.24,21.91,18.32,57.82,120.46
2023-11-29 09:00:00,11,9,289.46,15.89,18.67,53.33,118.55
2023-11-29 10:00:00,11,10,276.71,40.77,18.47,58.59,128.8
2023-11-29 11:00:00,11,11,240.69,16.62,18.05,59.53,121.28
2023-11-29 12:00:00,11,12,256.42,27.52,18.34,54.34,126.15
2023-11-29 13:00:00,11,13,264.92,20.12,21.54,52.65,116.2
2023-11-29 14:00:00,11,14,273.54,25.36,19.31,51.35,123.69
2023-11-29 15:00:00,11,15,312.79,29.58,19.92,63.29,159.78
2023-11-29 16:00:00,11,16,279.76,11.3,18.45,53.97,122.67
2023-11-29 17:00:00,11,17,258.18,24.93,14.84,61.55,120.8
2023-11-29 18:00:00,11,18,279.41,36.91,14.44,58.01,137.01
2023-11-29 19:00:00,11,19,267.96,42.62,22.24,62.95,136.18
2023-11-29 20:00:00,11,20,281.5,23.7,17.01,61.68,147.77
2023-11-29 21:00:00,11,21,286.61,25.42,16.84,58.84,138.11
2023-11-29 22:00:00,11,22,299.18,47.11,18.56,60.65,161.42
2023-11-29 23:00:00,11,23,274.51,36.35,19.17,59.45,145.05
2023-11-30 00:00:00,11,0,307.78,18.83,19.43,56.92,134.57
2023-11-30 01:00:00,11,1,293.16,18.81,21.62,64.9,161.61
2023-11-30 02:00:00,11,2,260.85,34.57,21.07,57.88,122.19
2023-11-30 03:00:00,11,3,319.2,14.89,16.45,59.57,161.78
2023-11-30 04:00:00,11,4,281.54,35.88,20.01,52.92,117.53
2023-11-30 05:00:00,11,5,258.3,28.34,17.3,61.37,139.39
2023-11-30 06:00:00,11,6,308.06,30.18,17.8,56.95,151.44
2023-11-30 07:00:00,11,7,316.56,22.43,15.88,57.62,145.01
2023-11-30 08:00:00,11,8,274.34,18.7,14.69,55.8,126.75
2023-11-30 09:00:00,11,9,264.93,39.62,18.01,59.38,131.99
2023-11-30 10:00:00,11,10,271.55,22.53,16.16,49.97,116.74
2023-11-30 11:00:00,11,11,289.29,20.89,19.93,63.41,152.91
2023-11-30 12:00:00,11,12,300.56,24.2,17.51,59.81,153.82
2023-11-30 13:00:00,11,13,286.41,26.93,18.69,57.66,137.36
2023-11-30 14:00:00,11,14,277.03,14.69,20.81,52.26,123.78
2023-11-30 15:00:00,11,15,304.96,19.35,15.1,62.17,151.24
2023-11-30 16:00:00,11,16,268.74,18.82,16.62,56.83,127.22
2023-11-30 17:00:00,11,17,295.62,33.45,18.43,66.53,169.75
2023-11-30 18:00:00,11,18,269.24,16.14,18.7,62.43,147.22
2023-11-30 19:00:00,11,19,283.62,7.44,20.28,67.67,160.91
2023-11-30 20:00:00,11,20,272.73,5.33,19.81,60.68,137.51
2023-11-30 21:00:00,11,21,273.88,10.3,18.27,65.39,156.17
2023-11-30 22:00:00,11,22,267.45,38.62,18.68,62.31,138.46
2023-11-30 23:00:00,11,23,301.9,25.16,18.73,57.75,151.09
2023-12-01 00:00:00,12,0,185.34,5.01,14.06,50.94,78.19
2023-12-01 01:00:00,12,1,185.2,5.36,16.69,45.83,70.97
2023-12-01 02:00:00,12,2,242.42,0.56,17.5,60.34,116.46
2023-12-01 03:00:00,12,3,219.56,0.75,17.92,49.5,84.37
2023-12-01 04:00:00,12,4,152.3,10.45,15.15,50.13,68.55
2023-12-01 05:00:00,12,5,188.69,1.46,14.46,51.95,90.35
2023-12-01 06:00:00,12,6,163.76,13.99,16.53,44.57,61.38
2023-12-01 07:00:00,12,7,180.99,6.21,20.93,56.61,84.6
2023-12-01 08:00:00,12,8,137.23,6.18,15.36,44.87,56.46
2023-12-01 09:00:00,12,9,197.26,4.97,19.35,43.74,73.64
2023-12-01 10:00:00,12,10,177.16,7.27,20.17,49.17,60.64
2023-12-01 11:00:00,12,11,201.2,12.18,17.09,43.6,78.12
2023-12-01 12:00:00,12,12,167.5,4.05,15.64,57.81,74.06
2023-12-01 13:00:00,12,13,201.66,7.98,18.03,48.85,82.08
2023-12-01 14:00:00,12,14,191.7,3.2,17.39,33.89,51.97
2023-12-01 15:00:00,12,15,230.04,0.97,15.28,51.0,94.62
2023-12-01 16:00:00,12,16,228.23,2.95,15.68,52.77,100.66
2023-12-01 17:00:00,12,17,215.71,18.9,17.91,47.89,90.61
2023-12-01 18:00:00,12,18,193.47,9.13,18.87,43.22,69.88
2023-12-01 19:00:00,12,19,239.71,0.27,16.35,49.48,105.96
2023-12-01 20:00:00,12,20,168.94,14.08,16.86,47.59,74.71
2023-12-01 21:00:00,12,21,171.93,5.0,18.34,45.12,72.31
2023-12-01 22:00:00,12,22,198.32,7.11,16.66,44.68,73.61
2023-12-01 23:00:00,12,23,245.08,11.71,16.4,50.78,101.39
2023-12-02 00:00:00,12,0,195.95,21.41,15.49,54.52,88.91
2023-12-02 01:00:00,12,1,196.34,0.14,15.45,52.31,91.26
2023-12-02 02:00:00,12,2,171.16,0.49,22.34,41.36,64.36
2023-12-02 03:00:00,12,3,218.92,6.67,16.61,53.08,83.91
2023-12-02 04:00:00,12,4,219.06,4.97,19.73,53.86,99.92
2023-12-02 05:00:00,12,5,215.78,11.58,20.37,56.97,90.66
2023-12-02 06:00:00,12,6,187.42,21.65,16.63,45.25,70.62
2023-12-02 07:00:00,12,7,185.87,13.17,17.74,49.72,74.41
2023-12-02 08:00:00,12,8,174.14,9.84,17.2,52.84,72.54
2023-12-02 09:00:00,12,9,201.68,13.9,13.78,47.36,83.89
2023-12-02 10:00:00,12,10,178.39,2.05,13.9,52.76,75.24
2023-12-02 11:00:00,12,11,176.45,12.09,17.1,49.88,73.34
2023-12-02 12:00:00,12,12,191.53,5.93,16.15,45.77,68.43
2023-12-02 13:00:00,12,13,190.22,10.02,20.78,46.19,73.64
2023-12-02 14:00:00,12,14,189.24,6.5,16.53,56.25,93.55
2023-12-02 15:00:00,12,15,209.33,4.52,20.9,45.02,74.19
2023-12-02 16:00:00,12,16,201.58,6.03,16.05,44.16,77.43
2023-12-02 17:00:00,12,17,194.24,15.29,20.82,51.72,84.05
2023-12-02 18:00:00,12,18,203.66,19.21,18.01,49.85,84.89
2023-12-02 19:00:00,12,19,180.17,6.56,18.13,43.44,63.51
2023-12-02 20:00:00,12,20,202.11,12.92,15.98,47.4,83.75
2023-12-02 21:00:00,12,21,203.01,9.61,18.15,45.92,81.08
2023-12-02 22:00:00,12,22,169.94,20.1,20.39,46.79,65.64
2023-12-02 23:00:00,12,23,219.91,5.49,16.71,62.62,115.85
2023-12-03 00:00:00,12,0,182.37,15.11,16.32,48.49,77.45
2023-12-03 01:00:00,12,1,201.81,2.65,16.51,45.59,79.43
2023-12-03 02:00:00,12,2,223.29,11.98,20.24,60.11,110.38
2023-12-03 03:00:00,12,3,218.51,10.17,18.71,54.44,105.02
2023-12-03 04:00:00,12,4,200.69,12.31,19.9,53.62,94.06
2023-12-03 05:00:00,12,5,192.75,1.04,17.63,45.83,84.22
2023-12-03 06:00:00,12,6,218.95,20.35,17.08,55.96,94.31
2023-12-03 07:00:00,12,7,213.49,8.22,17.85,54.08,99.79
2023-12-03 08:00:00,12,8,187.63,6.83,19.14,50.74,85.14
2023-12-03 09:00:00,12,9,184.1,8.03,16.51,41.42,68.61
2023-12-03 10:00:00,12,10,158.55,6.27,19.74,49.9,64.71
2023-12-03 11:00:00,12,11,203.08,2.17,17.73,58.65,92.5
2023-12-03 12:00:00,12,12,198.35,5.2,12.19,51.1,92.22
2023-12-03 13:00:00,12,13,222.72,6.85,18.77,48.12,86.95
2023-12-03 14:00:00,12,14,207.18,1.28,14.46,48.86,82.93
2023-12-03 15:00:00,12,15,226.68,8.17,18.72,49.2,103.34
2023-12-03 16:00:00,12,16,186.05,21.47,18.8,46.0,65.0
2023-12-03 17:00:00,12,17,222.76,9.98,17.66,49.79,96.59
2023-12-03 18:00:00,12,18,189.42,15.02,18.09,57.21,86.6
2023-12-03 19:00:00,12,19,215.55,1.07,19.2,56.65,97.94
2023-12-03 20:00:00,12,20,170.82,3.33,16.01,46.23,66.69
2023-12-03 21:00:00,12,21,204.7,3.27,18.59,56.38,99.62
2023-12-03 22:00:00,12,22,160.31,2.83,19.33,53.81,76.67
2023-12-03 23:00:00,12,23,194.66,2.71,20.52,53.17,91.7
2023-12-04 00:00:00,12,0,208.81,4.71,14.79,52.16,87.28
2023-12-04 01:00:00,12,1,189.58,7.35,17.82,45.35,65.97
2023-12-04 02:00:00,12,2,178.99,17.33,15.08,47.97,69.89
2023-12-04 03:00:00,12,3,216.92,2.34,14.99,54.16,99.71
2023-12-04 04:00:00,12,4,197.93,0.64,17.72,43.97,71.53
2023-12-04 05:00:00,12,5,190.21,9.07,17.15,44.8,52.89
2023-12-04 06:00:00,12,6,200.84,4.36,19.29,51.53,77.16
2023-12-04 07:00:00,12,7,252.73,6.67,16.31,46.05,95.85
2023-12-04 08:00:00,12,8,223.07,1.92,16.73,54.12,104.94
2023-12-04 09:00:00,12,9,223.25,5.45,17.42,46.23,81.54
2023-12-04 10:00:00,12,10,208.71,2.93,15.28,51.22,92.81
2023-12-04 11:00:00,12,11,203.33,6.71,15.55,51.64,80.07
2023-12-04 12:00:00,12,12,152.08,9.13,19.23,47.59,61.63
2023-12-04 13:00:00,12,13,186.42,8.99,15.9,48.8,77.17
2023-12-04 14:00:00,12,14,190.39,1.18,19.36,46.6,76.32
2023-12-04 15:00:00,12,15,162.5,10.4,18.21,49.91,62.58
2023-12-04 16:00:00,12,16,176.85,6.12,13.9,45.19,58.9
2023-12-04 17:00:00,12,17,160.38,5.95,18.06,48.88,69.0
2023-12-04 18:00:00,12,18,199.23,24.49,18.04,53.74,81.65
2023-12-04 19:00:00,12,19,216.38,3.41,17.85,44.32,76.1
2023-12-04 20:00:00,12,20,222.14,4.56,16.72,47.56,95.06
2023-12-04 21:00:00,12,21,208.3,5.56,15.12,52.59,92.19
2023-12-04 22:00:00,12,22,180.73,9.74,19.69,39.61,61.54
2023-12-04 23:00:00,12,23,161.36,6.76,16.8,59.28,82.88
2023-12-05 00:00:00,12,0,164.86,20.82,15.23,55.23,78.87
2023-12-05 01:00:00,12,1,174.62,13.53,17.91,42.31,61.5
2023-12-05 02:00:00,12,2,182.22,22.3,15.51,39.48,55.48
2023-12-05 03:00:00,12,3,196.81,2.64,15.1,50.15,95.72
2023-12-05 04:00:00,12,4,179.72,11.78,16.25,44.4,65.07
2023-12-05 05:00:00,12,5,206.78,8.84,15.67,54.81,96.16
2023-12-05 06:00:00,12,6,195.35,13.77,15.18,51.97,86.86
2023-12-05 07:00:00,12,7,200.21,2.01,18.61,50.62,81.84
2023-12-05 08:00:00,12,8,222.81,9.65,16.77,47.15,85.47
2023-12-05 09:00:00,12,9,176.4,5.9,19.5,58.0,92.75
2023-12-05 10:00:00,12,10,208.37,7.65,15.29,53.77,89.73
2023-12-05 11:00:00,12,11,199.72,0.44,13.54,53.02,90.35
2023-12-05 12:00:00,12,12,193.33,1.73,17.3,56.0,94.76
2023-12-05 13:00:00,12,13,217.71,18.96,20.71,44.91,80.45
2023-12-05 14:00:00,12,14,217.58,19.16,18.06,56.42,101.9
2023-12-05 15:00:00,12,15,181.07,0.35,23.43,48.68,78.28
2023-12-05 16:00:00,12,16,196.36,3.16,17.66,51.67,83.92
2023-12-05 17:00:00,12,17,205.62,9.47,17.47,49.22,74.0
2023-12-05 18:00:00,12,18,194.54,3.55,12.69,40.61,73.4
2023-12-05 19:00:00,12,19,211.7,5.9,17.86,54.79,91.84
2023-12-05 20:00:00,12,20,205.62,3.45,17.34,40.88,71.17
2023-12-05 21:00:00,12,21,236.65,9.32,16.19,45.17,82.54
2023-12-05 22:00:00,12,22,169.39,12.11,16.73,47.74,64.87
2023-12-05 23:00:00,12,23,197.55,7.99,16.86,40.23,64.09
2023-12-06 00:00:00,12,0,181.83,9.16,16.64,44.5,68.34
2023-12-06 01:00:00,12,1,212.08,12.64,21.18,51.22,86.2
2023-12-06 02:00:00,12,2,167.66,4.18,16.26,48.27,77.39
2023-12-06 03:00:00,12,3,206.93,14.81,17.34,48.68,84.12
2023-12-06 04:00:00,12,4,187.4,3.78,16.19,45.42,75.39
2023-12-06 05:00:00,12,5,185.32,2.19,18.57,50.23,77.58
2023-12-06 06:00:00,12,6,171.07,0.07,17.35,48.37,73.99
2023-12-06 07:00:00,12,7,190.7,0.24,16.44,41.8,55.96
2023-12-06 08:00:00,12,8,221.69,5.19,13.15,49.0,87.05
2023-12-06 09:00:00,12,9,199.5,16.32,17.49,43.79,70.24
2023-12-06 10:00:00,12,10,212.55,2.96,16.38,54.49,93.92
2023-12-06 11:00:00,12,11,233.29,0.95,16.88,48.04,96.05
2023-12-06 12:00:00,12,12,205.28,3.88,14.64,62.61,110.1
2023-12-06 13:00:00,12,13,188.82,29.8,19.87,54.83,85.97
2023-12-06 14:00:00,12,14,209.35,11.32,18.71,49.35,85.9
2023-12-06 15:00:00,12,15,189.11,8.45,19.86,52.9,95.62
2023-12-06 16:00:00,12,16,189.91,13.81,19.29,39.55,64.26
2023-12-06 17:00:00,12,17,169.6,2.33,18.18,54.81,66.39
2023-12-06 18:00:00,12,18,218.53,2.46,14.72,45.9,87.49
2023-12-06 19:00:00,12,19,192.28,4.65,20.69,50.45,83.68
2023-12-06 20:00:00,12,20,203.64,5.4,15.14,46.36,84.52
2023-12-06 21:00:00,12,21,179.28,1.42,16.46,46.89,73.09
2023-12-06 22:00:00,12,22,208.72,5.02,18.41,49.09,80.92
2023-12-06 23:00:00,12,23,184.76,3.1,18.51,50.38,82.07
2023-12-07 00:00:00,12,0,197.17,11.14,18.14,49.87,82.48
2023-12-07 01:00:00,12,1,217.56,6.77,16.2,49.99,95.92
2023-12-07 02:00:00,12,2,215.82,8.81,15.79,41.87,83.09
2023-12-07 03:00:00,12,3,199.56,10.86,22.07,61.66,101.99
2023-12-07 04:00:00,12,4,164.64,2.83,16.92,51.16,74.61
2023-12-07 05:00:00,12,5,259.86,1.59,16.68,52.19,118.25
2023-12-07 06:00:00,12,6,234.92,7.72,15.57,48.3,95.41
2023-12-07 07:00:00,12,7,214.45,3.91,17.49,45.63,91.39
2023-12-07 08:00:00,12,8,184.94,5.24,17.4,50.76,83.5
2023-12-07 09:00:00,12,9,197.73,7.32,16.97,51.45,81.9
2023-12-07 10:00:00,12,10,189.13,3.47,17.76,56.51,90.42
2023-12-07 11:00:00,12,11,225.28,6.97,20.53,60.39,117.74
2023-12-07 12:00:00,12,12,205.25,11.6,15.81,57.39,107.81
2023-12-07 13:00:00,12,13,184.32,14.32,17.09,41.17,66.38
2023-12-07 14:00:00,12,14,190.58,4.27,15.7,47.7,77.25
2023-12-07 15:00:00,12,15,222.42,11.0,17.59,51.68,102.17
2023-12-07 16:00:00,12,16,232.0,4.39,15.86,48.0,91.76
2023-12-07 17:00:00,12,17,230.57,24.84,15.95,49.78,90.76
2023-12-07 18:00:00,12,18,215.14,3.88,14.08,39.27,73.97
2023-12-07 19:00:00,12,19,194.95,3.25,17.2,54.57,86.82
2023-12-07 20:00:00,12,20,135.17,1.92,17.86,40.62,59.37
2023-12-07 21:00:00,12,21,205.94,1.49,20.72,42.14,73.63
2023-12-07 22:00:00,12,22,199.96,7.81,17.94,44.93,78.46
2023-12-07 23:00:00,12,23,202.8,1.43,16.1,49.51,80.59
2023-12-08 00:00:00,12,0,201.08,10.76,14.28,41.89,76.55
2023-12-08 01:00:00,12,1,173.47,3.14,14.56,44.7,64.52
2023-12-08 02:00:00,12,2,211.15,11.11,14.41,55.74,97.52
2023-12-08 03:00:00,12,3,212.64,3.44,20.76,49.44,87.16
2023-12-08 04:00:00,12,4,213.65,5.52,17.58,52.17,86.48
2023-12-08 05:00:00,12,5,218.93,0.53,15.83,43.82,78.74
2023-12-08 06:00:00,12,6,212.08,13.3,15.08,49.73,90.68
2023-12-08 07:00:00,12,7,191.8,1.49,15.29,49.32,71.15
2023-12-08 08:00:00,12,8,198.58,0.88,15.78,46.02,81.32
2023-12-08 09:00:00,12,9,201.82,17.78,19.63,49.74,82.37
2023-12-08 10:00:00,12,10,202.15,8.76,16.94,40.54,69.56
2023-12-08 11:00:00,12,11,219.96,5.74,14.11,52.19,84.56
2023-12-08 12:00:00,12,12,212.87,19.58,21.62,48.0,86.33
2023-12-08 13:00:00,12,13,241.55,4.9,14.72,48.71,92.9
2023-12-08 14:00:00,12,14,244.13,19.87,15.82,54.26,108.7
2023-12-08 15:00:00,12,15,201.59,8.33,19.62,52.16,79.84
2023-12-08 16:00:00,12,16,123.27,15.92,17.83,48.41,45.35
2023-12-08 17:00:00,12,17,224.74,4.52,16.06,44.42,82.42
2023-12-08 18:00:00,12,18,189.19,17.14,14.54,56.64,88.0
2023-12-08 19:00:00,12,19,183.97,4.67,15.07,43.3,70.85
2023-12-08 20:00:00,12,20,192.03,3.64,15.19,53.15,75.76
2023-12-08 21:00:00,12,21,191.07,7.7,17.01,42.01,66.68
2023-12-08 22:00:00,12,22,212.25,3.49,17.38,54.59,96.12
2023-12-08 23:00:00,12,23,168.81,10.33,16.7,55.05,75.21
2023-12-09 00:00:00,12,0,178.45,7.14,16.92,40.44,55.6
2023-12-09 01:00:00,12,1,206.86,5.45,14.9,52.25,95.63
2023-12-09 02:00:00,12,2,212.46,9.66,17.59,51.83,102.06
2023-12-09 03:00:00,12,3,212.83,1.89,19.56,53.52,86.4
2023-12-09 04:00:00,12,4,184.26,3.24,16.67,51.83,75.01
2023-12-09 05:00:00,12,5,180.43,9.97,16.64,45.19,62.97
2023-12-09 06:00:00,12,6,189.87,13.12,17.17,48.91,76.03
2023-12-09 07:00:00,12,7,204.8,4.92,19.24,58.32,105.88
2023-12-09 08:00:00,12,8,229.71,11.23,15.21,44.46,87.8
2023-12-09 09:00:00,12,9,159.05,0.79,19.9,51.61,67.68
2023-12-09 10:00:00,12,10,195.59,4.57,17.84,55.76,91.01
2023-12-09 11:00:00,12,11,173.35,1.56,17.06,45.05,63.52
2023-12-09 12:00:00,12,12,166.96,0.55,19.43,42.92,63.44
2023-12-09 13:00:00,12,13,219.34,2.43,14.64,43.67,84.17
2023-12-09 14:00:00,12,14,210.89,25.28,18.04,51.97,94.36
2023-12-09 15:00:00,12,15,208.99,10.69,17.86,43.63,65.04
2023-12-09 16:00:00,12,16,218.42,8.45,15.13,49.32,89.9
2023-12-09 17:00:00,12,17,190.41,1.51,17.92,56.86,89.34
2023-12-09 18:00:00,12,18,191.35,1.86,17.57,49.74,84.32
2023-12-09 19:00:00,12,19,243.71,6.36,16.64,46.11,94.9
2023-12-09 20:00:00,12,20,195.07,2.58,18.73,50.63,85.13
2023-12-09 21:00:00,12,21,214.7,13.01,15.86,49.66,86.42
2023-12-09 22:00:00,12,22,200.13,14.47,17.54,52.26,91.91
2023-12-09 23:00:00,12,23,163.03,12.72,16.74,58.1,85.15
2023-12-10 00:00:00,12,0,159.11,12.58,15.77,51.98,60.83
2023-12-10 01:00:00,12,1,188.42,3.33,18.01,60.17,88.05
2023-12-10 02:00:00,12,2,221.12,5.95,16.58,52.28,100.2
2023-12-10 03:00:00,12,3,215.77,1.39,14.05,46.16,82.19
2023-12-10 04:00:00,12,4,218.28,10.53,13.4,61.44,116.98
2023-12-10 05:00:00,12,5,180.26,21.3,18.58,49.38,75.43
2023-12-10 06:00:00,12,6,232.32,7.51,14.56,44.73,90.11
2023-12-10 07:00:00,12,7,180.7,2.95,17.56,61.62,89.11
2023-12-10 08:00:00,12,8,204.26,3.4,17.11,46.33,80.62
2023-12-10 09:00:00,12,9,199.79,1.82,16.26,46.14,78.58
2023-12-10 10:00:00,12,10,196.52,13.6,20.91,47.24,73.97
2023-12-10 11:00:00,12,11,226.77,0.45,17.36,50.82,101.11
2023-12-10 12:00:00,12,12,185.9,8.86,18.51,54.65,75.24
2023-12-10 13:00:00,12,13,173.01,16.2,17.57,36.76,54.06
2023-12-10 14:00:00,12,14,200.4,5.13,16.54,54.63,84.82
2023-12-10 15:00:00,12,15,192.0,2.47,16.96,47.23,70.5
2023-12-10 16:00:00,12,16,267.55,6.46,19.92,47.94,111.87
2023-12-10 17:00:00,12,17,213.53,10.26,19.18,58.58,98.8
2023-12-10 18:00:00,12,18,191.81,4.22,20.9,51.07,75.97
2023-12-10 19:00:00,12,19,178.88,1.35,17.44,52.24,80.82
2023-12-10 20:00:00,12,20,162.39,0.17,15.25,49.76,61.82
2023-12-10 21:00:00,12,21,179.5,3.51,16.12,53.82,85.64
2023-12-10 22:00:00,12,22,202.3,2.36,14.62,58.09,101.21
2023-12-10 23:00:00,12,23,228.55,11.52,18.53,37.62,67.81
2023-12-11 00:00:00,12,0,222.43,11.42,15.83,55.42,107.7
2023-12-11 01:00:00,12,1,204.58,4.89,10.89,57.74,88.8
2023-12-11 02:00:00,12,2,193.54,1.72,21.93,52.51,87.1
2023-12-11 03:00:00,12,3,205.38,1.54,15.86,46.61,73.6
2023-12-11 04:00:00,12,4,189.63,8.72,15.85,44.24,67.33
2023-12-11 05:00:00,12,5,234.37,0.49,20.34,61.81,118.5
2023-12-11 06:00:00,12,6,196.22,4.8,14.58,45.48,80.81
2023-12-11 07:00:00,12,7,198.27,7.16,19.27,57.59,92.7
2023-12-11 08:00:00,12,8,155.68,5.04,15.83,51.95,67.05
2023-12-11 09:00:00,12,9,196.09,2.99,14.35,60.23,96.29
2023-12-11 10:00:00,12,10,216.73,2.51,20.41,48.41,82.57
2023-12-11 11:00:00,12,11,178.65,1.33,18.85,41.96,57.36
2023-12-11 12:00:00,12,12,184.99,3.22,18.84,50.01,78.69
2023-12-11 13:00:00,12,13,215.85,4.71,17.74,42.57,76.49
2023-12-11 14:00:00,12,14,170.47,0.82,18.2,63.39,93.91
2023-12-11 15:00:00,12,15,221.16,3.95,14.54,53.15,96.8
2023-12-11 16:00:00,12,16,189.36,0.18,17.22,53.89,84.04
2023-12-11 17:00:00,12,17,192.23,16.04,15.14,53.89,90.22
2023-12-11 18:00:00,12,18,177.52,0.31,14.22,46.53,67.02
2023-12-11 19:00:00,12,19,207.56,0.64,17.82,49.34,78.2
2023-12-11 20:00:00,12,20,249.2,2.43,19.32,50.55,109.28
2023-12-11 21:00:00,12,21,215.63,5.94,16.23,59.72,103.99
2023-12-11 22:00:00,12,22,182.71,11.95,16.58,44.21,67.7
2023-12-11 23:00:00,12,23,222.71,6.25,14.72,46.36,82.96
2023-12-12 00:00:00,12,0,193.67,2.74,17.01,48.19,72.95
2023-12-12 01:00:00,12,1,227.49,1.71,18.52,46.63,78.96
2023-12-12 02:00:00,12,2,216.13,2.81,18.58,42.71,78.66
2023-12-12 03:00:00,12,3,141.14,0.06,18.09,36.48,25.96
2023-12-12 04:00:00,12,4,179.92,4.49,15.76,40.87,67.8
2023-12-12 05:00:00,12,5,218.89,9.68,15.7,55.5,106.45
2023-12-12 06:00:00,12,6,203.03,4.74,18.59,49.96,80.03
2023-12-12 07:00:00,12,7,179.52,6.03,18.62,54.18,89.04
2023-12-12 08:00:00,12,8,187.33,1.64,16.66,47.09,83.86
2023-12-12 09:00:00,12,9,161.88,4.1,16.15,49.51,65.46
2023-12-12 10:00:00,12,10,198.23,5.87,19.33,58.07,98.04
2023-12-12 11:00:00,12,11,244.21,12.04,16.28,57.76,118.31
2023-12-12 12:00:00,12,12,216.1,24.26,18.49,54.71,106.15
2023-12-12 13:00:00,12,13,243.81,5.28,16.73,51.01,96.74
2023-12-12 14:00:00,12,14,217.65,6.23,14.9,52.59,94.31
2023-12-12 15:00:00,12,15,220.55,19.39,20.22,51.85,99.96
2023-12-12 16:00:00,12,16,239.48,7.9,17.24,49.17,102.25
2023-12-12 17:00:00,12,17,207.55,3.0,15.58,47.98,82.82
2023-12-12 18:00:00,12,18,196.26,0.67,14.22,55.61,97.97
2023-12-12 19:00:00,12,19,220.65,8.33,14.42,43.52,81.24
2023-12-12 20:00:00,12,20,229.08,8.82,16.25,57.44,110.28
2023-12-12 21:00:00,12,21,190.4,5.66,20.85,48.62,80.68
2023-12-12 22:00:00,12,22,185.57,5.14,15.83,43.43,66.9
2023-12-12 23:00:00,12,23,202.78,10.42,19.89,47.27,80.18
2023-12-13 00:00:00,12,0,216.63,13.21,16.74,45.63,78.48
2023-12-13 01:00:00,12,1,215.96,9.87,14.64,47.12,99.52
2023-12-13 02:00:00,12,2,171.52,1.2,16.05,47.03,64.9
2023-12-13 03:00:00,12,3,238.23,2.15,14.44,46.83,96.68
2023-12-13 04:00:00,12,4,187.18,8.23,15.29,48.46,85.18
2023-12-13 05:00:00,12,5,194.7,14.64,15.23,49.68,73.93
2023-12-13 06:00:00,12,6,181.95,9.63,13.19,53.82,84.71
2023-12-13 07:00:00,12,7,253.97,0.42,20.03,48.78,103.41
2023-12-13 08:00:00,12,8,204.84,9.07,17.42,51.63,97.16
2023-12-13 09:00:00,12,9,182.98,3.86,15.63,50.04,71.8
2023-12-13 10:00:00,12,10,217.28,2.37,17.44,52.7,91.72
2023-12-13 11:00:00,12,11,215.38,7.13,15.33,50.23,89.97
2023-12-13 12:00:00,12,12,196.25,7.32,11.66,46.77,74.06
2023-12-13 13:00:00,12,13,216.81,7.98,22.91,45.41,79.8
2023-12-13 14:00:00,12,14,183.49,2.95,17.38,51.05,88.25
2023-12-13 15:00:00,12,15,190.14,6.15,15.82,56.37,90.0
2023-12-13 16:00:00,12,16,159.8,11.09,13.13,48.85,61.17
2023-12-13 17:00:00,12,17,173.52,1.05,14.01,46.5,65.32
2023-12-13 18:00:00,12,18,236.15,5.13,20.31,48.72,97.96
2023-12-13 19:00:00,12,19,232.83,13.43,20.0,47.19,93.31
2023-12-13 20:00:00,12,20,201.32,6.54,18.51,46.67,75.45
2023-12-13 21:00:00,12,21,233.26,6.29,14.77,42.78,75.07
2023-12-13 22:00:00,12,22,196.8,0.58,20.02,48.78,79.79
2023-12-13 23:00:00,12,23,195.13,18.42,17.9,51.18,82.89
2023-12-14 00:00:00,12,0,201.13,11.29,18.31,44.59,71.55
2023-12-14 01:00:00,12,1,197.5,27.58,17.89,45.61,81.51
2023-12-14 02:00:00,12,2,195.7,19.84,13.99,45.26,76.73
2023-12-14 03:00:00,12,3,222.87,5.27,14.6,43.07,80.71
2023-12-14 04:00:00,12,4,203.0,5.27,15.98,45.22,74.75
2023-12-14 05:00:00,12,5,214.25,6.38,18.29,49.01,96.22
2023-12-14 06:00:00,12,6,220.63,1.48,14.24,43.29,73.87
2023-12-14 07:00:00,12,7,207.76,25.31,16.65,49.31,82.95
2023-12-14 08:00:00,12,8,180.59,7.07,16.65,46.48,67.74
2023-12-14 09:00:00,12,9,172.94,2.5,18.59,45.36,66.9
2023-12-14 10:00:00,12,10,202.98,0.46,18.35,51.89,91.12
2023-12-14 11:00:00,12,11,196.57,0.21,14.98,46.8,70.03
2023-12-14 12:00:00,12,12,201.75,4.93,19.89,47.65,76.74
2023-12-14 13:00:00,12,13,199.68,0.29,14.67,56.49,96.3
2023-12-14 14:00:00,12,14,251.67,18.74,19.18,45.4,91.95
2023-12-14 15:00:00,12,15,173.4,21.96,15.9,57.83,81.6
2023-12-14 16:00:00,12,16,160.2,12.01,17.33,48.26,65.33
2023-12-14 17:00:00,12,17,206.65,12.85,17.45,44.32,71.47
2023-12-14 18:00:00,12,18,192.47,3.45,17.4,47.23,77.19
2023-12-14 19:00:00,12,19,206.32,2.36,18.35,50.34,89.67
2023-12-14 20:00:00,12,20,211.68,10.79,17.78,56.27,99.52
2023-12-14 21:00:00,12,21,225.68,21.59,18.57,53.99,108.74
2023-12-14 22:00:00,12,22,169.86,4.99,17.93,50.32,74.9
2023-12-14 23:00:00,12,23,188.87,17.61,14.47,56.3,88.46
2023-12-15 00:00:00,12,0,208.58,2.85,17.54,40.59,69.0
2023-12-15 01:00:00,12,1,215.41,4.73,15.87,51.25,100.82
2023-12-15 02:00:00,12,2,243.87,0.8,14.78,51.55,101.52
2023-12-15 03:00:00,12,3,219.11,6.05,16.42,51.61,92.94
2023-12-15 04:00:00,12,4,198.86,7.51,17.37,41.95,67.51
2023-12-15 05:00:00,12,5,182.19,6.2,17.5,44.92,70.22
2023-12-15 06:00:00,12,6,188.71,4.55,19.11,49.17,88.65
2023-12-15 07:00:00,12,7,188.15,5.51,19.61,55.57,88.42
2023-12-15 08:00:00,12,8,213.1,1.77,17.67,59.58,104.26
2023-12-15 09:00:00,12,9,205.14,5.72,18.03,46.68,80.79
2023-12-15 10:00:00,12,10,173.53,1.19,17.19,43.45,56.31
2023-12-15 11:00:00,12,11,191.28,5.01,18.53,54.08,85.32
2023-12-15 12:00:00,12,12,217.55,21.77,17.97,63.07,122.94
2023-12-15 13:00:00,12,13,207.03,3.94,16.89,55.53,99.18
2023-12-15 14:00:00,12,14,211.37,3.09,21.3,46.26,87.68
2023-12-15 15:00:00,12,15,207.66,0.62,15.91,64.31,116.42
2023-12-15 16:00:00,12,16,232.53,1.49,19.91,53.43,100.06
2023-12-15 17:00:00,12,17,204.72,25.66,14.29,46.04,88.16
2023-12-15 18:00:00,12,18,192.28,4.4,18.63,59.67,86.79
2023-12-15 19:00:00,12,19,181.68,17.89,19.87,45.65,70.82
2023-12-15 20:00:00,12,20,204.99,0.13,13.19,46.89,69.86
2023-12-15 21:00:00,12,21,151.19,3.07,17.28,53.63,59.05
2023-12-15 22:00:00,12,22,196.31,0.17,18.43,49.88,86.32
2023-12-15 23:00:00,12,23,195.88,3.55,17.5,50.19,78.51
2023-12-16 00:00:00,12,0,172.71,6.59,17.76,50.19,78.51
2023-12-16 01:00:00,12,1,181.43,2.29,17.27,55.57,73.2
2023-12-16 02:00:00,12,2,216.19,4.25,14.81,38.38,68.74
2023-12-16 03:00:00,12,3,204.61,16.77,21.74,51.42,81.66
2023-12-16 04:00:00,12,4,202.04,10.06,15.99,48.55,80.15
2023-12-16 05:00:00,12,5,206.13,23.4,17.87,46.24,87.21
2023-12-16 06:00:00,12,6,201.85,6.57,15.71,46.22,86.76
2023-12-16 07:00:00,12,7,224.86,16.76,12.45,36.81,71.59
2023-12-16 08:00:00,12,8,202.47,7.91,15.15,46.01,69.7
2023-12-16 09:00:00,12,9,170.84,3.54,14.1,56.45,74.38
2023-12-16 10:00:00,12,10,232.6,7.32,19.18,54.16,105.85
2023-12-16 11:00:00,12,11,207.41,5.11,15.79,49.04,80.79
2023-12-16 12:00:00,12,12,188.21,0.88,15.97,42.94,70.69
2023-12-16 13:00:00,12,13,174.93,9.1,14.87,54.11,87.31
2023-12-16 14:00:00,12,14,207.92,7.1,17.19,56.55,93.13
2023-12-16 15:00:00,12,15,197.66,16.69,15.57,55.17,86.46
2023-12-16 16:00:00,12,16,231.48,13.85,18.98,45.16,81.26
2023-12-16 17:00:00,12,17,193.08,19.4,17.6,45.68,72.27
2023-12-16 18:00:00,12,18,183.25,10.01,15.86,58.28,89.32
2023-12-16 19:00:00,12,19,217.92,0.9,18.7,43.95,79.98
2023-12-16 20:00:00,12,20,218.51,4.03,17.02,52.39,99.95
2023-12-16 21:00:00,12,21,203.37,5.07,17.04,41.11,71.68
2023-12-16 22:00:00,12,22,213.53,1.36,14.07,48.5,86.06
2023-12-16 23:00:00,12,23,199.25,0.48,16.86,52.93,88.14
2023-12-17 00:00:00,12,0,204.68,12.55,17.64,49.85,85.51
2023-12-17 01:00:00,12,1,223.3,19.69,19.67,52.62,97.69
2023-12-17 02:00:00,12,2,212.51,1.99,15.5,43.87,74.35
2023-12-17 03:00:00,12,3,196.61,8.46,21.56,45.9,69.24
2023-12-17 04:00:00,12,4,227.05,5.46,18.11,52.41,99.93
2023-12-17 05:00:00,12,5,152.7,1.83,13.96,53.48,65.61
2023-12-17 06:00:00,12,6,241.04,10.3,15.31,51.1,105.33
2023-12-17 07:00:00,12,7,165.88,11.79,19.84,54.74,76.07
2023-12-17 08:00:00,12,8,187.46,20.97,19.49,41.71,65.28
2023-12-17 09:00:00,12,9,199.18,3.03,17.04,47.67,84.09
2023-12-17 10:00:00,12,10,197.07,8.33,17.3,59.11,90.12
2023-12-17 11:00:00,12,11,220.13,8.17,14.67,56.42,112.4
2023-12-17 12:00:00,12,12,178.84,11.78,19.64,53.17,68.36
2023-12-17 13:00:00,12,13,205.22,10.96,15.02,49.22,91.48
2023-12-17 14:00:00,12,14,188.44,8.03,18.69,55.17,87.7
2023-12-17 15:00:00,12,15,205.9,16.55,19.7,52.15,86.91
2023-12-17 16:00:00,12,16,198.7,2.53,17.1,42.41,62.92
2023-12-17 17:00:00,12,17,201.86,24.42,18.94,54.98,89.54
2023-12-17 18:00:00,12,18,189.0,12.1,20.7,45.67,71.16
2023-12-17 19:00:00,12,19,189.8,3.06,17.54,53.8,86.12
2023-12-17 20:00:00,12,20,205.75,18.49,16.65,41.92,79.15
2023-12-17 21:00:00,12,21,218.87,3.17,16.87,58.0,106.21
2023-12-17 22:00:00,12,22,188.03,5.21,15.51,48.63,77.84
2023-12-17 23:00:00,12,23,182.62,4.04,15.47,44.45,69.44
2023-12-18 00:00:00,12,0,212.27,17.98,17.88,46.56,80.77
2023-12-18 01:00:00,12,1,199.35,8.53,16.67,48.32,79.35
2023-12-18 02:00:00,12,2,216.61,0.47,17.66,49.97,89.72
2023-12-18 03:00:00,12,3,181.88,7.0,14.02,56.59,88.96
2023-12-18 04:00:00,12,4,164.41,15.42,16.81,50.35,64.46
2023-12-18 05:00:00,12,5,189.34,8.86,19.06,39.15,59.27
2023-12-18 06:00:00,12,6,184.67,4.63,14.76,43.85,69.31
2023-12-18 07:00:00,12,7,198.42,2.84,17.03,63.79,100.16
2023-12-18 08:00:00,12,8,187.26,4.27,13.29,50.68,79.7
2023-12-18 09:00:00,12,9,214.82,6.85,14.39,54.75,95.35
2023-12-18 10:00:00,12,10,194.24,10.06,18.62,48.46,81.01
2023-12-18 11:00:00,12,11,203.01,0.38,16.38,44.98,83.01
2023-12-18 12:00:00,12,12,203.15,11.61,20.64,47.59,77.9
2023-12-18 13:00:00,12,13,203.9,16.08,17.86,50.64,89.89
2023-12-18 14:00:00,12,14,199.52,7.95,18.06,47.7,80.36
2023-12-18 15:00:00,12,15,210.21,0.29,14.85,59.59,102.54
2023-12-18 16:00:00,12,16,184.09,2.7,16.23,46.92,72.05
2023-12-18 17:00:00,12,17,227.99,0.12,15.53,44.73,91.52
2023-12-18 18:00:00,12,18,195.27,10.26,14.87,54.04,87.14
2023-12-18 19:00:00,12,19,173.77,0.25,18.33,54.66,85.75
2023-12-18 20:00:00,12,20,203.76,13.35,18.73,50.15,84.61
2023-12-18 21:00:00,12,21,182.98,1.24,17.8,46.99,64.63
2023-12-18 22:00:00,12,22,213.31,16.36,15.34,40.5,71.3
2023-12-18 23:00:00,12,23,244.19,8.23,17.66,56.1,106.79
2023-12-19 00:00:00,12,0,184.27,9.23,13.17,54.34,81.91
2023-12-19 01:00:00,12,1,206.65,0.72,19.65,47.8,80.59
2023-12-19 02:00:00,12,2,164.89,8.34,14.4,50.3,78.24
2023-12-19 03:00:00,12,3,209.08,0.63,14.76,48.87,93.24
2023-12-19 04:00:00,12,4,182.29,10.41,17.23,58.14,88.8
2023-12-19 05:00:00,12,5,187.5,6.53,17.41,44.81,76.12
2023-12-19 06:00:00,12,6,177.97,24.84,16.85,46.9,67.61
2023-12-19 07:00:00,12,7,214.64,11.92,14.78,46.42,75.94
2023-12-19 08:00:00,12,8,220.15,2.04,19.27,51.55,97.27
2023-12-19 09:00:00,12,9,200.47,6.77,13.63,50.28,85.86
2023-12-19 10:00:00,12,10,182.71,2.02,14.03,51.0,73.01
2023-12-19 11:00:00,12,11,231.79,11.28,16.79,45.6,83.66
2023-12-19 12:00:00,12,12,184.99,13.06,14.47,57.42,93.28
2023-12-19 13:00:00,12,13,156.76,10.09,19.45,47.73,53.97
2023-12-19 14:00:00,12,14,209.17,2.41,14.64,55.94,100.35
2023-12-19 15:00:00,12,15,177.9,2.74,20.11,65.7,95.88
2023-12-19 16:00:00,12,16,219.77,12.41,19.07,45.63,86.42
2023-12-19 17:00:00,12,17,192.38,8.46,19.47,51.71,87.89
2023-12-19 18:00:00,12,18,212.07,14.63,20.77,49.34,82.88
2023-12-19 19:00:00,12,19,228.03,2.44,17.16,60.15,108.68
2023-12-19 20:00:00,12,20,175.82,1.68,14.97,48.6,78.58
2023-12-19 21:00:00,12,21,188.68,11.13,16.79,51.24,80.34
2023-12-19 22:00:00,12,22,198.49,10.31,15.87,51.13,86.27
2023-12-19 23:00:00,12,23,230.75,13.19,15.58,49.5,99.79
2023-12-20 00:00:00,12,0,186.83,11.18,17.3,53.78,78.97
2023-12-20 01:00:00,12,1,188.11,7.84,16.38,50.47,83.67
2023-12-20 02:00:00,12,2,209.56,11.14,15.5,52.41,94.78
2023-12-20 03:00:00,12,3,188.46,5.92,16.51,51.07,87.6
2023-12-20 04:00:00,12,4,203.05,15.21,18.1,46.98,86.8
2023-12-20 05:00:00,12,5,168.97,5.33,18.91,48.66,68.87
2023-12-20 06:00:00,12,6,244.29,5.47,13.79,52.78,111.27
2023-12-20 07:00:00,12,7,173.05,17.9,16.39,52.76,76.35
2023-12-20 08:00:00,12,8,193.56,2.96,16.72,56.23,91.48
2023-12-20 09:00:00,12,9,199.35,1.6,14.63,59.3,92.92
2023-12-20 10:00:00,12,10,238.25,3.69,16.76,47.39,93.04
2023-12-20 11:00:00,12,11,173.5,15.91,17.3,50.67,64.34
2023-12-20 12:00:00,12,12,239.67,3.59,18.04,49.03,97.31
2023-12-20 13:00:00,12,13,215.14,4.08,17.15,44.46,86.37
2023-12-20 14:00:00,12,14,208.34,7.94,15.24,52.82,95.66
2023-12-20 15:00:00,12,15,180.31,0.73,21.02,53.89,81.58
2023-12-20 16:00:00,12,16,211.42,9.78,18.66,44.62,77.64
2023-12-20 17:00:00,12,17,185.53,10.29,18.11,48.13,71.75
2023-12-20 18:00:00,12,18,225.33,18.08,19.01,47.64,84.92
2023-12-20 19:00:00,12,19,180.58,1.4,17.49,42.46,68.02
2023-12-20 20:00:00,12,20,197.74,6.1,19.57,49.82,74.47
2023-12-20 21:00:00,12,21,188.89,3.42,17.11,44.27,61.95
2023-12-20 22:00:00,12,22,180.25,7.17,17.0,50.79,80.87
2023-12-20 23:00:00,12,23,214.83,6.6,18.27,51.35,93.02
2023-12-21 00:00:00,12,0,210.71,8.86,20.15,51.97,91.53
2023-12-21 01:00:00,12,1,224.18,0.22,20.02,52.21,98.63
2023-12-21 02:00:00,12,2,164.4,6.52,18.19,57.65,89.09
2023-12-21 03:00:00,12,3,221.28,4.63,18.03,45.96,85.08
2023-12-21 04:00:00,12,4,250.11,6.75,18.39,46.21,97.83
2023-12-21 05:00:00,12,5,190.97,11.97,18.97,53.28,95.13
2023-12-21 06:00:00,12,6,237.9,0.87,19.6,49.34,97.56
2023-12-21 07:00:00,12,7,194.74,7.43,16.53,55.63,98.96
2023-12-21 08:00:00,12,8,172.55,15.29,19.64,52.81,65.45
2023-12-21 09:00:00,12,9,193.89,11.18,17.69,59.59,90.53
2023-12-21 10:00:00,12,10,220.96,11.2,18.3,49.54,87.94
2023-12-21 11:00:00,12,11,183.24,1.93,19.76,42.59,67.99
2023-12-21 12:00:00,12,12,187.99,7.94,18.49,51.7,89.92
2023-12-21 13:00:00,12,13,211.87,2.14,18.83,49.64,84.75
2023-12-21 14:00:00,12,14,200.06,12.09,16.22,52.67,92.76
2023-12-21 15:00:00,12,15,211.69,3.03,20.0,53.31,105.29
2023-12-21 16:00:00,12,16,204.76,2.56,18.39,47.33,88.63
2023-12-21 17:00:00,12,17,209.59,5.84,17.25,44.95,76.55
2023-12-21 18:00:00,12,18,191.35,1.28,19.2,49.27,82.96
2023-12-21 19:00:00,12,19,204.63,7.61,22.18,38.09,66.7
2023-12-21 20:00:00,12,20,181.45,6.57,14.66,50.4,72.97
2023-12-21 21:00:00,12,21,225.77,13.13,15.39,47.96,92.43
2023-12-21 22:00:00,12,22,187.31,14.59,22.37,54.31,82.46
2023-12-21 23:00:00,12,23,222.58,2.31,17.85,40.07,74.99
2023-12-22 00:00:00,12,0,195.33,2.46,17.38,50.03,74.6
2023-12-22 01:00:00,12,1,204.04,5.59,16.77,57.88,89.66
2023-12-22 02:00:00,12,2,190.1,5.91,19.42,53.38,83.18
2023-12-22 03:00:00,12,3,179.68,14.09,22.22,54.9,83.85
2023-12-22 04:00:00,12,4,165.1,8.24,15.67,51.7,65.54
2023-12-22 05:00:00,12,5,178.89,3.03,16.81,41.69,64.82
2023-12-22 06:00:00,12,6,193.52,6.35,16.3,50.83,82.24
2023-12-22 07:00:00,12,7,204.24,7.5,18.47,52.04,91.88
2023-12-22 08:00:00,12,8,220.21,3.34,19.44,44.61,86.64
2023-12-22 09:00:00,12,9,191.08,12.99,20.24,49.37,85.38
2023-12-22 10:00:00,12,10,182.36,17.22,18.53,35.49,56.99
2023-12-22 11:00:00,12,11,171.15,14.86,22.04,48.33,67.49
2023-12-22 12:00:00,12,12,209.6,4.52,15.85,47.82,84.52
2023-12-22 13:00:00,12,13,227.66,2.23,15.33,57.01,119.87
2023-12-22 14:00:00,12,14,225.33,1.97,19.94,46.98,93.2
2023-12-22 15:00:00,12,15,214.2,7.58,17.25,48.67,87.28
2023-12-22 16:00:00,12,16,212.77,17.58,14.25,49.6,87.25
2023-12-22 17:00:00,12,17,233.95,5.7,16.37,47.05,88.79
2023-12-22 18:00:00,12,18,206.64,11.18,17.51,53.6,86.42
2023-12-22 19:00:00,12,19,212.92,15.48,15.71,40.04,79.63
2023-12-22 20:00:00,12,20,193.58,17.87,14.97,55.68,92.28
2023-12-22 21:00:00,12,21,172.76,10.09,16.58,49.94,65.6
2023-12-22 22:00:00,12,22,186.32,2.47,14.87,56.51,87.17
2023-12-22 23:00:00,12,23,199.82,15.6,18.27,36.26,66.77
2023-12-23 00:00:00,12,0,201.22,11.12,13.11,37.82,61.22
2023-12-23 01:00:00,12,1,238.53,8.57,17.18,48.54,92.47
2023-12-23 02:00:00,12,2,201.63,5.75,18.04,52.53,90.1
2023-12-23 03:00:00,12,3,223.58,12.8,16.82,47.23,91.33
2023-12-23 04:00:00,12,4,191.3,14.49,19.19,52.92,82.19
2023-12-23 05:00:00,12,5,193.77,1.13,14.26,54.91,85.72
2023-12-23 06:00:00,12,6,173.42,4.51,15.6,53.33,79.42
2023-12-23 07:00:00,12,7,185.15,22.6,16.34,50.52,72.37
2023-12-23 08:00:00,12,8,210.54,7.21,18.43,50.48,85.93
2023-12-23 09:00:00,12,9,200.15,2.56,17.44,46.93,77.72
2023-12-23 10:00:00,12,10,218.86,13.64,21.29,49.72,94.44
2023-12-23 11:00:00,12,11,203.63,3.02,15.39,44.88,74.06
2023-12-23 12:00:00,12,12,192.95,5.06,14.21,46.08,76.95
2023-12-23 13:00:00,12,13,242.97,0.8,20.58,52.57,112.34
2023-12-23 14:00:00,12,14,198.12,10.39,14.14,47.69,76.25
2023-12-23 15:00:00,12,15,223.26,19.92,18.37,46.31,102.33
2023-12-23 16:00:00,12,16,191.98,2.88,15.04,52.25,90.73
2023-12-23 17:00:00,12,17,214.19,13.83,12.86,51.9,94.06
2023-12-23 18:00:00,12,18,218.56,5.12,16.25,48.92,88.25
2023-12-23 19:00:00,12,19,204.17,15.46,18.8,49.26,81.08
2023-12-23 20:00:00,12,20,152.91,14.15,14.56,52.08,74.71
2023-12-23 21:00:00,12,21,200.37,0.66,18.15,54.84,92.68
2023-12-23 22:00:00,12,22,224.61,5.69,18.53,51.01,88.33
2023-12-23 23:00:00,12,23,210.55,2.87,14.46,44.04,68.76
2023-12-24 00:00:00,12,0,208.92,26.65,16.54,48.89,85.74
2023-12-24 01:00:00,12,1,165.55,18.74,20.15,47.96,66.89
2023-12-24 02:00:00,12,2,185.59,1.25,18.3,44.74,64.64
2023-12-24 03:00:00,12,3,208.23,6.08,16.48,52.49,83.57
2023-12-24 04:00:00,12,4,208.21,1.17,17.83,52.87,81.98
2023-12-24 05:00:00,12,5,224.29,2.44,15.63,53.63,96.51
2023-12-24 06:00:00,12,6,197.1,12.43,19.23,45.05,72.22
2023-12-24 07:00:00,12,7,208.12,0.8,19.23,50.79,91.59
2023-12-24 08:00:00,12,8,200.33,13.22,17.24,49.97,82.82
2023-12-24 09:00:00,12,9,180.26,17.99,17.46,51.54,82.79
2023-12-24 10:00:00,12,10,154.88,8.27,15.0,50.65,68.44
2023-12-24 11:00:00,12,11,208.62,13.75,14.3,49.94,89.44
2023-12-24 12:00:00,12,12,203.48,5.61,16.25,49.34,88.61
2023-12-24 13:00:00,12,13,187.64,16.94,16.83,55.53,79.96
2023-12-24 14:00:00,12,14,167.62,6.9,19.13,45.69,61.18
2023-12-24 15:00:00,12,15,212.59,4.41,18.84,49.13,99.11
2023-12-24 16:00:00,12,16,194.68,3.07,17.37,55.41,80.41
2023-12-24 17:00:00,12,17,211.14,3.07,19.38,45.94,79.4
2023-12-24 18:00:00,12,18,237.28,6.17,15.11,46.2,93.79
2023-12-24 19:00:00,12,19,157.17,6.99,19.15,53.67,60.95
2023-12-24 20:00:00,12,20,186.01,8.49,15.42,42.88,62.75
2023-12-24 21:00:00,12,21,195.81,0.64,19.48,53.3,97.01
2023-12-24 22:00:00,12,22,229.1,13.6,16.97,47.55,91.69
2023-12-24 23:00:00,12,23,167.27,4.03,13.0,52.05,69.73
2023-12-25 00:00:00,12,0,238.72,4.22,18.46,43.9,88.43
2023-12-25 01:00:00,12,1,202.72,2.17,18.62,55.93,91.65
2023-12-25 02:00:00,12,2,198.08,18.67,16.09,43.91,81.09
2023-12-25 03:00:00,12,3,196.04,15.64,16.26,53.62,82.7
2023-12-25 04:00:00,12,4,191.27,22.17,16.68,44.12,67.76
2023-12-25 05:00:00,12,5,220.96,7.31,13.15,59.04,101.32
2023-12-25 06:00:00,12,6,178.63,7.1,12.27,49.64,72.47
2023-12-25 07:00:00,12,7,206.91,10.56,19.6,59.75,102.22
2023-12-25 08:00:00,12,8,192.32,9.81,15.35,45.91,79.59
2023-12-25 09:00:00,12,9,184.76,9.51,20.71,47.79,68.54
2023-12-25 10:00:00,12,10,251.72,4.63,19.74,56.05,120.07
2023-12-25 11:00:00,12,11,208.38,3.77,20.13,42.87,74.92
2023-12-25 12:00:00,12,12,212.27,7.81,15.7,46.5,72.85
2023-12-25 13:00:00,12,13,222.76,4.25,13.78,52.48,93.84
2023-12-25 14:00:00,12,14,171.57,3.79,14.83,44.91,60.42
2023-12-25 15:00:00,12,15,235.05,8.1,16.11,52.61,111.53
2023-12-25 16:00:00,12,16,149.82,13.45,12.25,50.85,66.26
2023-12-25 17:00:00,12,17,184.62,21.43,16.05,42.43,66.05
2023-12-25 18:00:00,12,18,190.82,4.33,16.6,54.84,65.78
2023-12-25 19:00:00,12,19,211.63,9.31,14.41,43.69,67.56
2023-12-25 20:00:00,12,20,204.37,2.56,14.92,53.86,95.42
2023-12-25 21:00:00,12,21,196.66,8.57,16.56,50.64,86.96
2023-12-25 22:00:00,12,22,199.76,20.16,17.71,47.72,75.78
2023-12-25 23:00:00,12,23,180.44,3.15,15.22,44.47,67.05
2023-12-26 00:00:00,12,0,170.06,6.54,17.58,51.65,73.02
2023-12-26 01:00:00,12,1,214.53,13.51,17.27,45.64,82.49
2023-12-26 02:00:00,12,2,213.87,8.62,17.09,56.04,98.08
2023-12-26 03:00:00,12,3,231.69,1.12,15.7,56.22,112.7
2023-12-26 04:00:00,12,4,184.2,30.71,14.33,58.21,94.94
2023-12-26 05:00:00,12,5,213.86,21.77,20.39,51.4,86.87
2023-12-26 06:00:00,12,6,194.33,13.69,18.26,47.98,71.77
2023-12-26 07:00:00,12,7,223.81,3.94,19.01,48.52,86.56
2023-12-26 08:00:00,12,8,220.44,16.17,16.83,48.15,88.75
2023-12-26 09:00:00,12,9,204.22,5.27,16.67,51.24,89.04
2023-12-26 10:00:00,12,10,193.21,2.77,17.98,52.18,88.01
2023-12-26 11:00:00,12,11,219.22,10.37,13.33,56.16,107.51
2023-12-26 12:00:00,12,12,212.94,17.22,14.77,50.1,90.77
2023-12-26 13:00:00,12,13,186.31,14.22,15.4,42.98,67.93
2023-12-26 14:00:00,12,14,173.44,9.65,16.09,47.96,77.61
2023-12-26 15:00:00,12,15,194.23,11.3,15.24,57.78,93.6
2023-12-26 16:00:00,12,16,230.31,3.91,17.67,42.22,84.03
2023-12-26 17:00:00,12,17,222.93,6.55,17.16,53.7,101.42
2023-12-26 18:00:00,12,18,177.75,2.12,19.79,48.05,70.35
2023-12-26 19:00:00,12,19,176.64,7.1,21.95,45.58,66.31
2023-12-26 20:00:00,12,20,225.49,0.37,14.47,51.98,104.34
2023-12-26 21:00:00,12,21,177.29,7.3,17.29,57.8,85.0
2023-12-26 22:00:00,12,22,210.19,10.28,17.29,51.7,88.85
2023-12-26 23:00:00,12,23,187.68,4.79,16.97,48.69,72.51
2023-12-27 00:00:00,12,0,232.34,6.29,14.83,43.52,86.43
2023-12-27 01:00:00,12,1,184.59,1.88,15.17,49.51,73.64
2023-12-27 02:00:00,12,2,222.87,13.68,17.48,43.34,82.2
2023-12-27 03:00:00,12,3,203.7,2.6,15.11,48.45,83.18
2023-12-27 04:00:00,12,4,205.04,3.03,17.32,49.68,82.81
2023-12-27 05:00:00,12,5,160.59,6.6,16.51,38.2,44.17
2023-12-27 06:00:00,12,6,155.94,1.32,17.28,56.94,68.9
2023-12-27 07:00:00,12,7,195.59,0.85,15.09,43.81,67.09
2023-12-27 08:00:00,12,8,204.94,25.2,17.31,49.07,78.83
2023-12-27 09:00:00,12,9,177.5,0.17,15.24,52.67,80.23
2023-12-27 10:00:00,12,10,178.23,18.27,17.32,56.54,94.68
2023-12-27 11:00:00,12,11,211.23,12.21,19.68,46.04,78.54
2023-12-27 12:00:00,12,12,211.26,13.35,17.52,37.45,64.06
2023-12-27 13:00:00,12,13,197.25,10.43,17.64,55.39,88.18
2023-12-27 14:00:00,12,14,215.6,5.49,18.63,43.75,82.95
2023-12-27 15:00:00,12,15,176.52,4.86,14.19,51.8,78.37
2023-12-27 16:00:00,12,16,192.88,6.64,20.44,52.11,83.72
2023-12-27 17:00:00,12,17,232.96,2.22,14.89,33.74,59.47
2023-12-27 18:00:00,12,18,201.37,19.01,18.76,41.93,65.56
2023-12-27 19:00:00,12,19,202.53,0.83,18.49,47.7,81.42
2023-12-27 20:00:00,12,20,246.12,3.18,15.2,37.08,77.21
2023-12-27 21:00:00,12,21,172.01,3.29,19.02,43.31,62.04
2023-12-27 22:00:00,12,22,215.93,0.61,18.0,50.61,94.46
2023-12-27 23:00:00,12,23,233.28,1.9,20.78,49.56,90.29
2023-12-28 00:00:00,12,0,193.5,7.65,17.39,51.51,84.64
2023-12-28 01:00:00,12,1,217.19,15.75,16.78,52.25,95.86
2023-12-28 02:00:00,12,2,180.36,2.44,15.97,41.59,57.76
2023-12-28 03:00:00,12,3,186.27,15.08,13.51,43.58,64.66
2023-12-28 04:00:00,12,4,207.7,14.17,16.36,53.81,96.65
2023-12-28 05:00:00,12,5,215.97,8.51,16.45,57.62,98.08
2023-12-28 06:00:00,12,6,222.42,5.37,17.52,45.16,96.08
2023-12-28 07:00:00,12,7,231.39,16.55,14.15,51.29,101.75
2023-12-28 08:00:00,12,8,198.65,19.18,16.52,54.04,89.22
2023-12-28 09:00:00,12,9,223.87,1.29,18.15,51.19,94.29
2023-12-28 10:00:00,12,10,193.15,9.69,18.35,48.76,82.47
2023-12-28 11:00:00,12,11,218.04,2.7,13.28,46.8,83.03
2023-12-28 12:00:00,12,12,204.15,30.97,18.41,59.93,100.16
2023-12-28 13:00:00,12,13,208.91,15.69,16.51,50.48,95.2
2023-12-28 14:00:00,12,14,208.47,4.71,16.63,51.94,87.94
2023-12-28 15:00:00,12,15,167.91,14.13,12.27,51.62,72.95
2023-12-28 16:00:00,12,16,177.52,1.25,19.99,45.94,64.2
2023-12-28 17:00:00,12,17,202.05,12.03,17.35,50.25,85.96
2023-12-28 18:00:00,12,18,166.25,1.09,13.94,48.39,69.99
2023-12-28 19:00:00,12,19,216.62,19.5,17.75,48.3,95.66
2023-12-28 20:00:00,12,20,217.43,6.18,17.69,51.58,88.84
2023-12-28 21:00:00,12,21,206.54,12.22,19.45,45.42,70.99
2023-12-28 22:00:00,12,22,177.58,3.84,16.38,43.98,63.78
2023-12-28 23:00:00,12,23,227.6,1.35,17.02,52.51,96.58
2023-12-29 00:00:00,12,0,240.74,1.63,15.71,47.34,94.96
2023-12-29 01:00:00,12,1,202.94,1.81,18.2,48.27,84.3
2023-12-29 02:00:00,12,2,210.21,0.38,15.43,40.36,82.06
2023-12-29 03:00:00,12,3,204.03,7.68,15.21,54.82,91.0
2023-12-29 04:00:00,12,4,210.61,12.33,16.86,52.62,81.36
2023-12-29 05:00:00,12,5,197.61,8.14,14.55,53.54,87.03
2023-12-29 06:00:00,12,6,199.31,3.09,20.2,51.94,88.07
2023-12-29 07:00:00,12,7,218.11,9.02,20.85,42.42,72.3
2023-12-29 08:00:00,12,8,246.91,14.22,16.09,51.14,106.47
2023-12-29 09:00:00,12,9,172.0,19.71,14.23,46.95,68.03
2023-12-29 10:00:00,12,10,197.92,2.26,17.67,45.19,75.87
2023-12-29 11:00:00,12,11,176.39,4.96,16.04,52.5,81.18
2023-12-29 12:00:00,12,12,231.84,7.22,19.35,58.29,112.28
2023-12-29 13:00:00,12,13,188.25,5.79,15.43,57.47,92.94
2023-12-29 14:00:00,12,14,171.14,7.6,18.09,53.11,66.8
2023-12-29 15:00:00,12,15,212.76,8.67,17.23,49.85,83.63
2023-12-29 16:00:00,12,16,234.89,6.93,15.65,48.92,94.11
2023-12-29 17:00:00,12,17,213.27,11.8,17.48,45.48,75.85
2023-12-29 18:00:00,12,18,204.1,2.66,18.76,48.65,82.83
2023-12-29 19:00:00,12,19,208.18,9.05,17.17,54.54,92.96
2023-12-29 20:00:00,12,20,228.3,14.55,17.19,59.12,110.26
2023-12-29 21:00:00,12,21,182.52,8.7,15.25,45.92,74.3
2023-12-29 22:00:00,12,22,197.76,5.2,19.29,40.02,66.42
2023-12-29 23:00:00,12,23,190.95,1.88,19.09,47.35,69.97
2023-12-30 00:00:00,12,0,176.64,15.08,16.18,54.52,77.29
2023-12-30 01:00:00,12,1,193.43,7.42,16.75,60.36,101.13
2023-12-30 02:00:00,12,2,222.15,7.56,19.83,56.55,105.75
2023-12-30 03:00:00,12,3,211.33,25.87,14.73,56.43,105.41
2023-12-30 04:00:00,12,4,212.89,19.76,18.21,45.75,85.45
2023-12-30 05:00:00,12,5,202.93,2.01,15.88,45.89,75.71
2023-12-30 06:00:00,12,6,210.47,4.12,20.56,43.38,83.31
2023-12-30 07:00:00,12,7,183.99,6.16,17.13,46.67,79.19
2023-12-30 08:00:00,12,8,193.81,8.5,19.52,54.57,79.26
2023-12-30 09:00:00,12,9,203.84,8.67,15.48,58.12,98.95
2023-12-30 10:00:00,12,10,205.55,1.54,14.5,51.73,85.91
2023-12-30 11:00:00,12,11,206.4,5.22,16.53,48.72,82.56
2023-12-30 12:00:00,12,12,197.23,12.19,17.53,44.67,69.38
2023-12-30 13:00:00,12,13,192.45,6.76,15.98,49.44,74.63
2023-12-30 14:00:00,12,14,263.16,3.52,18.52,51.02,116.45
2023-12-30 15:00:00,12,15,218.14,9.46,16.58,42.68,71.8
2023-12-30 16:00:00,12,16,208.26,10.28,12.84,54.61,95.3
2023-12-30 17:00:00,12,17,195.34,0.69,18.11,47.88,71.24
2023-12-30 18:00:00,12,18,190.98,18.23,15.23,54.31,92.83
2023-12-30 19:00:00,12,19,197.38,10.88,16.28,49.95,82.35
2023-12-30 20:00:00,12,20,205.86,3.82,20.11,51.49,92.1
2023-12-30 21:00:00,12,21,162.39,9.91,20.55,46.49,63.93
2023-12-30 22:00:00,12,22,168.61,5.45,15.85,48.28,66.61
2023-12-30 23:00:00,12,23,187.26,4.93,18.16,53.21,83.43
2023-12-31 00:00:00,12,0,204.14,5.79,15.9,49.34,91.53
2023-12-31 01:00:00,12,1,195.21,8.23,16.43,44.48,67.91
2023-12-31 02:00:00,12,2,229.56,2.16,15.79,50.56,84.03
2023-12-31 03:00:00,12,3,170.35,4.36,13.55,51.93,69.83
2023-12-31 04:00:00,12,4,184.97,12.41,17.19,56.86,81.66
2023-12-31 05:00:00,12,5,230.4,3.2,17.58,55.76,111.97
2023-12-31 06:00:00,12,6,202.62,15.39,15.66,49.68,83.05
2023-12-31 07:00:00,12,7,217.7,9.11,19.18,47.26,89.93
2023-12-31 08:00:00,12,8,241.02,5.23,16.13,48.86,98.35
2023-12-31 09:00:00,12,9,186.12,12.93,15.73,47.38,73.58
2023-12-31 10:00:00,12,10,198.01,2.64,18.05,52.53,87.56
2023-12-31 11:00:00,12,11,194.55,3.95,13.91,55.21,96.96
2023-12-31 12:00:00,12,12,160.91,2.78,18.81,56.2,76.34
2023-12-31 13:00:00,12,13,193.79,11.12,16.2,47.94,83.01
2023-12-31 14:00:00,12,14,217.62,4.55,18.98,47.44,91.31
2023-12-31 15:00:00,12,15,210.81,18.22,19.58,47.9,83.38
2023-12-31 16:00:00,12,16,212.38,10.87,18.28,40.34,71.07
2023-12-31 17:00:00,12,17,192.49,5.23,15.38,43.99,68.71
2023-12-31 18:00:00,12,18,186.88,10.26,14.5,49.83,84.06
2023-12-31 19:00:00,12,19,225.39,1.8,14.13,51.9,92.83
2023-12-31 20:00:00,12,20,190.05,0.72,19.21,52.46,79.52
2023-12-31 21:00:00,12,21,205.88,6.97,16.73,46.1,77.76
2023-12-31 22:00:00,12,22,203.27,6.37,15.8,47.54,74.84
2023-12-31 23:00:00,12,23,229.23,1.7,16.74,48.65,90.04
